id;name;disambiguatingDescription;description;longitude;latitude;streetAddress;postalCode;addressLocality;telephone;email;url;image;dateModified0081c642-714e-4353-9be1-070c133e01f5;Villa Mon Repos Bed & Breakfast;Charmante Villa mit Park und nostalgischem Ambiente in Aadorf. Ideal zum Entspannen oder Erkunden der nahegelegenen Sehenswürdigkeiten. Familienfreundlich und aussergewöhnlich.;<p>Der Charme der denkmalgesch&uuml;tzten Villa &uuml;berzeugt: Nostalgische M&ouml;bel, Jugendstillavabos und antike Fliesen sorgen f&uuml;r das entsprechende Ambiente. Die Unterkunft in Aadorf ist f&uuml;r bis zu vier Personen ausgelegt, Babybett und Kinderbett sind zus&auml;tzlich vorhanden. Ein Park zum Ausruhen oder Entdecken (Kinderfreundlich), eine Bibliothek sowie ein Flipperkasten runden das Angebot ab. Mit hausgemachten Br&ouml;tchen aus dem Holzofen startet man gut in den Tag. Die Region kann zu Fuss oder mit dem Velo entdeckt werden. Ein Besuch der umliegende St&auml;dte und Museen im Dreieck Winterthur-Frauenfeld-Wil lohnt sich ebenfalls. Auch der Rheinfall, der Bodensee oder das Toggenburg sind nur 30 Autominuten entfernt, 2 kostenlose Parkpl&auml;tze sind vorhanden. Der Bahnhof ist nur 3 Gehminuten entfernt, mit guten &Ouml;V-Verbindungen Richtung Z&uuml;rich oder St. Gallen.</p>;8.906535208225252;47.487468255181916;Bohlstrasse 10, Villa Mon Repos;8355;Aadorf;+41798589436;info@villamonrepos.ch;https://www.villamonrepos.ch;[{'@type': 'ImageObject', 'contentUrl': 'https://tgtpimtsoch.sos-ch-dk-2.exoscale-cdn.com/catalog/c/8/6/e/c86e48b961c57b70418bd713ac6ee2c31d301503_Titelbild_Herbst_Villa_Mon_Repos_S__den_quer.JPEG'}];2026-05-15T08:56:30+02:00
024aa6fb-d01d-4a0c-85e7-334085494d20;Haus Frida;Haus Frida ist ein gemütliches Ferienhaus für 2 bis 3 Personen im Altnau, im Apfeldorf am Bodensee. Mit Terrasse, Naturgarten und teilweiser Seesicht bietet es einen ruhigen Rückzugsort für naturnahe Erholung.;<p>Haus Frida in Altnau ist ein neu erbautes Ferienhaus &nbsp;und bietet auf 56 m2 Platz f&uuml;r 2 bis 3 Personen. Die Unterkunft &uuml;berzeugt mit einer warmen, gem&uuml;tlichen Atmosph&auml;re und ruhiger Lage am Bodensee. Zur Ausstattung geh&ouml;ren eine voll ausgestattete K&uuml;che, ein Arvenbett, ein separates Schlafzimmer oder Arbeitszimmer mit kleinem Schreibtisch sowie eine grossz&uuml;gige Terrasse mit Naturgarten und Gartenm&ouml;beln. Teilweise Seesicht unterstreicht die besondere Lage. WLAN mit Glasfaser und TV sind vorhanden. Direkt vor dem Haus beginnen Fahrrad- und Wanderwege entlang des Bodensees und durch die typische Thurgauer Landschaft mit Obstg&auml;rten und charmanten Uferorten. Altnau verf&uuml;gt &uuml;ber Einkaufsm&ouml;glichkeiten sowie Anschl&uuml;sse an Bahn und Postauto. Haus Frida ist ein ruhiger R&uuml;ckzugsort f&uuml;r Erholung in naturnaher Umgebung. Haustiere sind nicht erlaubt.</p>;9.2583505;47.6161405;Rigishusstrasse 7;8595;Altnau;+41796064249;Haus_Frida@web.de;[{'@type': 'ImageObject', 'contentUrl': 'https://tgtpimtsoch.sos-ch-dk-2.exoscale-cdn.com/catalog/1/3/3/9/1339ad8da3f6fd67fcef0ce1cf889f3ce9406ce2_S__dansicht.jpg'}];2026-03-30T14:34:32+02:00
060e294f-e9da-46ca-b803-1769c0a7fc10;Landgasthof Werdenberg;Im Landgasthof Werdenberg begegnet Ihnen der Wilde Westen und das Alpenpanorama zugleich und natürlich gibt es nicht nur vieles zu sehen, sondern auch Köstlichkeiten zu einem fairen Preis. ;Der Landgasthof Werdenberg ist bekannt für seine verschiedenen Dekorationen und das faire Preis-Leistungs-Verhältnis bei den Gerichten. Geniessen Sie gut bürgerliche Küche oder eine feine Pizza. Im Winter gibt es im Fonduestübli auf Vorbestellung Raclette und Fondue. Dasselbe faire Preis-Leistungs-Verhältnis bietet der Landgasthof auch bei den 30 Zimmern, welche mit Frühstück buchbar sind. ;9.463164978368201;47.1696999;Grabenstrasse 2;9470;Werdenberg;41 81 771 46 46;info@landgasthofwerdenberg.ch;[{'@type': 'ImageObject', 'contentUrl': 'https://tgtpimtsoch.sos-ch-dk-2.exoscale-cdn.com/catalog/2/9/2/e/292eafcc624cdbf08d8b880c9f9243527b4fdefe_Hotel_Landgasthof_2024.png'}];2026-08-29T04:24:22+02:00
0782c247-7582-42dd-94ab-a3b6d5b292ec;Hotel und Restaurant 1802;Am Ufer des Rheins, an einem der schönsten Plätze der Region, eingebettet in die historische Atmosphäre des Klosterguts Paradies, verbinden das neue Hotel und Restaurant 1802 Gastfreundschaft, Qualität und Innovation. Hier trifft Geschichte auf Gegenwart.;<p>Geniessen am Rhein: Im historischen Fachwerkhaus l&auml;dt das Restaurant 1802 zu einem echten Genussmoment ein. Regionale Zutaten, moderne K&uuml;che und herzliche Gastfreundschaft sorgen f&uuml;r ein kulinarisches Erlebnis, das in Erinnerung bleibt. Im Hotel 1802 verbinden sich moderne Architektur und entspannte Atmosph&auml;re zu einem Ort des Komforts und der Erholung - ideal f&uuml;r Gesch&auml;ftsreisende, Seminarteilnehmende und G&auml;ste, die Entspannung an einem idyllischen Ort suchen. Der Name 1802 ist eine Hommage an das Gr&uuml;ndungsjahr der Georg Fischer AG und damit an den Ursprung der Stiftung Paradies, die diesen besonderen Ort tr&auml;gt - ein Ort, an dem Tradition, Nachhaltigkeit und moderne Lebensart harmonisch verschmelzen.</p>;8.671319;47.6840649;Klostergutstrasse 8a/10;8252;Schlatt;+41 547 12 32;paradies@georgfischer.com;https://www.1802.ch/de.html;[{'@type': 'ImageObject', 'contentUrl': 'https://tgtpimtsoch.sos-ch-dk-2.exoscale-cdn.com/catalog/3/6/7/7/367702545532b0afc815f8bc76513e59734ce602_1802_homepage_hero__2.jpg'}];2026-06-02T16:29:06+02:00
1658b22f-8d25-4244-86cf-b1a95f80f9cf;Bed & Breakfast Dorf-Schmiede;Das charmante Bed & Breakfast Dorf-Schmiede befindet sich in der historischen Schmiede im Zentrum von Müllheim. Das über 200-jährige Riegelhaus ist direkt am Dorfbach gelegen. ;<p>Das Bed &amp; Breakfast liegt zentral im malerischen Thurtal und ist sowohl mit dem Auto als auch mit öffentlichen Verkehrsmitteln gut erreichbar. Familiäre Gastfreundschaft und individuelle Betreuung schaffen eine angenehme und persönliche Atmosphäre.<br><br>Mehrere moderne Zimmer stehen zur Verfügung, die sich ein Gemeinschaftsbad und eine separate Toilette teilen. Ein gemütlicher Aufenthaltsraum lädt zum Verweilen ein, zudem gibt es einen überdachten Parkplatz sowie eine Einstellhalle für Zweiräder mit Ladestation.<br><br>Am Morgen wird ein kontinentales Frühstück mit regionalen Produkten und hausgemachten Spezialitäten serviert. Einkaufsmöglichkeiten und Restaurants befinden sich in unmittelbarer Nähe und sind bequem zu Fuss erreichbar.<br><br>Die Umgebung bietet zahlreiche Freizeitmöglichkeiten, wie den Freizeitpark Conny-Land, den Bodensee mit der Blumeninsel Mainau, das historische Stein am Rhein und den Rheinfall in Schaffhausen.</p><;9.0040023536926;47.6025585;Bachstrasse 1;8555;Müllheim Dorf;+41 77 429 74 71;info@dorf-schmiede.ch;https://www.dorf-schmiede.ch/;[{'@type': 'ImageObject', 'contentUrl': 'https://tgtpimtsoch.sos-ch-dk-2.exoscale-cdn.com/catalog/1/4/f/6/14f6aad0c3c8710caf0b9054a72da27854cdf0e2_B_B_1_Bild_Objekt_Aussenansicht1___Komprimiert.jpg'}];2026-03-12T14:49:03+01:00
17024d36-d351-4148-81ff-7afc58630f6f;Bad Horn Hotel & Spa;Das Bad Horn Hotel & Spa liegt direkt am Bodensee. Die eigene Seeterrasse, die Motoryacht im Hotelhafen und ein hervorragendes Wellness- und Speiseangebot sowie die maritime Atmosphäre des 4-Sterne-Superior-Hauses beglücken anspruchsvolle Gäste.;<p>Bereits 1827 entspannten sich Kurgäste in den verschiedenen Bädern des traditionsreichen Bad Horn Hotel &amp; Spa und schätzten die aussergewöhnliche Lage direkt am Schweizer Bodenseeufer. Dies ist auch heute noch so. Die Seeterrasse lädt zum Apéro und Dinieren unmittelbar am Wasser. Die vielfältige Wellnesslandschaft umfasst heute auf 1’500 Quadratmetern Saunen, Dampfbäder, eine Salztherme, ein Hamam und bietet exklusive Behandlungen. Der direkte Bodenseezugang verschafft Abkühlung nach dem Saunagang.<br><br>Das nautische Ambiente zieht sich durch das gesamte Hotel und wird mit Mahagoni und Messing unterstrichen. Ein Highlight im Bad Horn ist das Restaurant «Wave» mit 15 GaultMillau-Punkten. Hier werden regionale Zutaten mit Liebe zum Detail neu interpretiert. Aber auch Klassiker wie etwa Flambées, direkt am Tisch zubereitet, gehören zu den Spezialitäten der Crew. Edle Weine von lokalen Winzern und aus aller Welt runden das kulinarische Angebot ab.</p>;9.468346088498386;47.4946723;Seestrasse 36;9326;Horn;+41 71 844 51 51;info@badhorn.ch;http://www.badhorn.ch/;[{'@type': 'ImageObject', 'contentUrl': 'https://tgtpimtsoch.sos-ch-dk-2.exoscale-cdn.com/catalog/4/6/2/d/462d7a7d78b71abe209231a681ffb09f3046aee5_medium__Horn_Bad_Horn_Aussenansicht.jpg'}];2026-05-23T18:03:05+02:00
1969ddcd-262f-4495-8f04-efcc646833e6;Bed & Breakfast Säntisblick;Das BnB Säntisblick in Salmsach ist ein mit viel Liebe und Sorgfalt eingerichtetes BnB auf einem Landwirtschaftsbetrieb inmitten von Gemüsekulturen, Ackerbau und Obstplantagen.;Das BnB-Zimmer mit WC und Dusche bietet Platz für maximal 4 Personen und bietet allen Komfort eines guten Hauses. Das modern-rustikale Ambiente verspricht Erholung und Entspannung.;9.3483985;47.54895;Fehlwies 4;8599;Salmsach;+41 79 264 69 93;danielabuergler@icloud.com;https://bnb-saentisblick.jimdosite.com;[{'@type': 'ImageObject', 'contentUrl': 'https://tgtpimtsoch.sos-ch-dk-2.exoscale-cdn.com/catalog/2/8/6/0/2860d853e95210c766a75ceab44eb878e4038cce_65eb51d29d559759ced1517f94cd39de19eabae9_7AD1F8CB_89A3_4C08_8B5F_15CB6FF0B24C.jpeg'}];2026-02-25T10:23:48+01:00
1a2c9bed-b01a-46c4-b23f-03c6a9647495;Kartause Ittingen;Eingebettet in die ehemalige Klosteranlage laden stilvoll-moderne Hotelzimmer ein, sich von der Hektik des Alltags auszuruhen und neue Kraft zu schöpfen. Ein einzigartiges Hotel für Kurzferien, Seminare, Feste, Hochzeiten, Kurse und Ausflüge.;Die Kartause Ittingen zählt heute zu den führenden Seminar- und Kulturzentren der Schweiz. Das ehemalige Kartäuserkloster ist authentisch erhalten und restauriert. Den Gästen stehen ein Hotel mit 68 Zimmern (3 Sterne Superior), ein Restaurant, eine Bar im ehemaligen Ochsenstall, diverse Eventlocations mit rund 1’000 Plätzen und 22 Seminarräume mit bis zu 450 Plätzen zur Verfügung. In einzigartiger historischer Umgebung bietet die Kartause Ittingen einen unvergleichlichen Rahmen für vielfältige gesellschaftliche und kulturelle Anlässe. Neben dem Gastwirtschaftsbetrieb führt die Kartause Ittingen einen Gutsbetrieb mit Weinbau, eine Metzgerei, Fischzucht, Gärtnerei und Käserei sowie ein Heim und Werkbetrieb für betreute Mitarbeitende. Sie beherbergt zudem zwei Museen und die Bildungsstätte «tecum».

Dank der Einbettung in die wundervolle Thurgauer Naturkulisse, umgeben von Rebbergen, Obstbäumen und der intakten Thurlandschaft, wirkt dieser Ort entschleunigend und doch kraftvoll.;8.86646725724886;47.58337645;Gastwirtschaftsbetrieb;8532;Warth;+41 52 748 44 11;info@kartause.ch;https://www.kartause.ch/de;[{'@type': 'ImageObject', 'contentUrl': 'https://tgtpimtsoch.sos-ch-dk-2.exoscale-cdn.com/catalog/6/e/c/3/6ec30878cc7a8ab0c550ab0bddc1e3a3d6b25626_Warth_Kartause_Ittingen_Luftaufnahme_Aussenansicht.jpg'}];2026-07-13T22:06:38+02:00
1c71b0cf-1fde-4cf7-864b-8aff5d87b1be;Jugendherberge Kreuzlingen;Die Jugendherberge Kreuzlingen liegt im grünen Seeburgpark keine 200 Meter vom Bodensee entfernt. Es erfreuen Gäste die historischen Räumlichkeiten der ehemaligen Villa Hörnliberg, Blick auf See und ins Grüne, eine Vielfalt an Ausflugsmöglichkeiten und Kanus zum Ausleihen. ;Eingebettet in den grössten Erholungs- und Erlebnispark am Bodensee, den Seeburgpark, liegt die Jugendherberge Kreuzlingen. Untergebracht ist sie in der herrschaftlichen Villa Hörnliberg mit Balkonen zum Bodensee. Kleine Gäste freuen sich auf den nahen Spielplatz im Park, den Tierpark oder das Sea Life Konstanz. Der Bodensee lädt zum erfrischenden Bad, einer Schiff- oder einer Kanufahrt. Die Kanus dazu können in der Jugi ausgeliehen werden. Zum Haus gehört ein Sportplatz mit Tischtennis. Eine Selbstkocherküche ist nicht vorhanden. Vollpension kann aber auf Anfrage gebucht werden. Kreuzlingen ist der ideale Ausgangspunkt für viele Tagesausflüge. Die schöne Altstadt von Kreuzlingen oder Konstanz, die Häfen und Bahnhöfe beider Städte, Velomiete, das Seemuseum und viele lauschige Restaurants oder Plätzchen am Bodenseeufer sind nur wenige Gehminuten entfernt.;9.1874778;47.6480851;Promenadenstrasse 7;8280;Kreuzlingen;+41 71 688 26 63;kreuzlingen@youthhostel.ch;http://www.youthhostel.ch/kreuzlingen;[{'@type': 'ImageObject', 'contentUrl': 'https://tgtpimtsoch.sos-ch-dk-2.exoscale-cdn.com/catalog/e/a/a/e/eaae66cca278378195e42f70b2f5d41a0b58cb7b_Jugendherberge_Kreuzlingen_Aussenansischt_Leonidas_Portmann_01.jpg'}];2026-09-04T21:06:35+02:00
263e53f4-857a-4642-a91e-a12a8fd1d906;Hotel & Restaurant Greuterhof Islikon;Die wunderbaren historischen Gebäude des Greuterhofs, einst eine Färberei, beherbergen heute ein bestens ausgerüstetes Seminarzentrum, ein Boutique-Hotel, einen Bankettsaal und das stilvolle À-la-carte Restaurant «Schmitte».;Im Greuterhof entstehen in inspirierenden Seminarräumen zündende Ideen – ganz im Sinne von Bernhard Greuter, einem Industriepionier, der hier eine der ersten Färbereifabriken der Schweiz errichtete. Der Mist aus der angrenzenden Scheune – einst die grösste des Landes – diente dem Färben. Heute wird im renovierten Bankettsaal getanzt, in stilvollen Themenzimmern übernachtet und im Restaurant «Schmitte» fein diniert – mittags mit täglich wechselndem Menü, abends à la carte. Am Kamin lässt sich herrlich entspannen. Der Greuterhof ist nicht nur Ort der Weiterbildung, sondern bietet auch jungen Menschen mit besonderen Voraussetzungen Ausbildungsplätze für einen anerkannten Berufsabschluss. Schon Bernhard Greuter zeigte soziales Engagement und führte als einer der ersten Arbeitgeber der Schweiz eine Sozialversicherung für seine Mitarbeitenden ein.;8.840760396290818;47.54472515;Hauptstrasse 15;8546;Islikon;+41 52 375 12 35;info@greuterhof.ch;http://www.greuterhof.ch/;[{'@type': 'ImageObject', 'contentUrl': 'https://tgtpimtsoch.sos-ch-dk-2.exoscale-cdn.com/catalog/2/b/2/8/2b2892ba5b3b3994d555de52fd2eec40ca67d8cb_Islikon_Greuterhof.jpg'}];2026-08-26T05:05:01+02:00
26693d55-c3dc-4b1a-8c56-0c94d26b1585;Ferienhaus Schlössli Herrenhof;In Langrickenbach, ob dem Bodensee, steht ein wahres Bijou für stilvolle Ferien und extravagante Feste: Schlössli Herrenhof. Ein riesiger Garten, historischer Keller zum Feiern, ein Spielraum, gepflegte Doppelzimmer und viel, viel Platz laden Gäste ein, es sich gut gehen zu lassen.;Das Schlössli Herrenhof in Langrickenbach wurde im 18. Jahrhundert als Sitz einer einflussreichen Familie erbaut, verfiel aber nach einigen Besitzerwechsel zunehmend. Eine Kreuzlinger Unternehmerfamilie erwarb und päppelte es wieder auf. Heute steht Schloss Herrenhof als Veranstaltungsort und prachtvolle Unterkunft Gästen zur Verfügung. Im Haupthaus gibt es fünf Doppelzimmer, eines davon im Dachgeschoss mit Blick auf den Bodensee. Der historische Kartoffelkeller eignet sich für Feste wie Hochzeiten oder Geburtstagspartys mit besonderem Ambiente. Ein riesiger Kamin (es darf gegrillt werden) und historische Einrichtung mit viel Holz erzeugen eine gemütlich rustikale Atmosphäre. Gaming-Raum mit Tischtennis, Billard und weiteren Spielen sowie ein riesiger Garten mit Gasgrill und viel Privatsphäre vervollständigen den Freizeitspass. Für zehn zusätzliche Gäste im Massenschlag bietet das Nebengebäude Platz. Im Erdgeschoss wohnen die Gastgebenden. Dennoch bleiben 600 Quadratmeter im Schlössli zur alleinigen Nutzung der Gäste. ;9.2443197;47.59655;Schlössli 5;8585;Herrenhof;+41 76 535 71 49;schloessli.herrenhof@gmail.com;https://www.schloessli-herrenhof.com/;[{'@type': 'ImageObject', 'contentUrl': 'https://tgtpimtsoch.sos-ch-dk-2.exoscale-cdn.com/catalog/1/1/6/7/1167d97c4345ad718dbebe3ff38e811a03a9c6ca_dji_fly_20230916_161428_179_1694873706231_photo.jpg'}];2026-02-25T10:19:15+01:00
2acbce4d-2e75-4da4-bfae-4521076c8761;Gastwirtschaft zum Dornhof;Die Gastwirtschaft Dornhof mit Geschenkladen und Bed & Breakfast liegt im romantischen Unterdorf von Steinebrunn mit Blick auf Romanshorn und den Bodensee.;Die Gastwirtschaft Dornhof liegt in Steinebrunn mit Blick auf Romanshorn und den Bodensee. In der gemütlich eingerichteten Gaststube oder im Garten geniessen Gäste ein kleines aber feines Angebot aus der saisonalen Küche oder ein feines Dessert. Eine Getränkekarte mit vielen Spezialitäten rundet das Angebot ab. Ob nach einem Spaziergang, einer ausgiebigen Velotour oder einfach so, in der Gastwirtschaft Dornhof lässt es sich herrlich geniessen. 

Ein in die Gaststube integrierter Geschenkladen sorgt für eine ständig wechselnde saisonale Atmosphäre und Dekoration im Lokal. Viele Blumen sowie Tiere rund ums Haus und ein kleiner Spielplatz erfreuen Gross und Klein.

Die zwei gemütlich eingerichteten Gästezimmer mit Gemeinschaftsbad runden das Angebot ab. Gäste geniessen hier die Ruhe im Unterdorf von Steinebrunn und die familiäre Gastfreundschaft. Ideal für einen Kurzurlaub oder für Besucher auf der Durchreise.;9.3426773;47.5359263;Unterdorf 18;9314;Egnach;+41797916644;info@dornhof-tg.ch;http://www.dornhof-tg.ch/;[{'@type': 'ImageObject', 'contentUrl': 'https://tgtpimtsoch.sos-ch-dk-2.exoscale-cdn.com/catalog/0/3/3/3/0333ff1b1d687a47fb007e34f96f60c98a7f0ad6_P9200007.JPG'}];2026-03-18T09:08:58+01:00
2c9f48c1-51b0-4a9c-bd69-d7457546b2d7;Bed and Breakfast Sirnach;Das Bed an Breakfast Sirnach lässt keine modernen Annehmlichkeiten vermissen. Massagedusche, Grossbildfernseher, Whirlpool, Homeoffice-Equipment und mehr machen das Studio zum guten Arbeitsplatz oder zum Örtchen zum Entspannen.;Dieses modern eingerichtete Studio liegt im südlichen Thurgau, in der Region Wil bei St. Gallen. Es erfreut mit komfortabler Ausstattung. Ein eigener Eingang, Sitzplatz und Grossbildfernseher stehen zur Verfügung. Verspannte Rücken werden von einem Whirlpool, Box-Spring-Bett, Massagesessel und Massagedusche verwöhnt. Auch für die Arbeit im Homeoffice ist das Studio ausgerüstet und verfügt über das elektronische Equipment auf neustem Stand. Im Sommer macht man es sich auf der sonnigen Terrasse gemütlich. Auch hier ist Arbeiten möglich. Ein geheizter Pool lädt zum Schwimmen ein. Kaffeemaschine, Teekocher und ein Kühlschrank stehen zur Verfügung. Verschiedene Snacks oder Getränke können gegen Gebühr bezogen werden, wobei nicht alkoholische aufs Haus gehen. Neben dem Frühstück wird auf Wunsch auch Mittag- oder Abendessen angeboten. Grill und Esstisch können mitbenutzt werden. Trotz der ruhigen Lage am Rande von Sirnach ist der Weg zum öffentlichen Verkehr kurz. Mit dem Auto erreicht man innerhalb von 10 bis 30 Minuten Wil, St. Gallen oder den Flughafen Zürich.;8.983275890350344;47.46221851778669;Im Brüel 13;8370;Sirnach;0765729401;ruedi.wehrle@bluewin.ch;https://www.bnbsirnach.ch/;[{'@type': 'ImageObject', 'contentUrl': 'https://tgtpimtsoch.sos-ch-dk-2.exoscale-cdn.com/catalog/f/f/6/9/ff697a8b6c411832ceb11fcb0efd9d85c9cbdbf5_BnB_Sirnach.JPG'}];2026-03-12T14:51:15+01:00
32a2d570-784c-42cd-9a6b-d7616e3bd1e5;Schloss Wartegg;Im Bio-Schlosshotel – dem ersten Swiss Historic Hotel der Ostschweiz – können sich Ruhesuchende inmitten schönster Natur und nahe dem Bodensee erholen. Auch für kulinarischen Hochgenuss ist im Bio-Restaurant gesorgt. Sinnlich-kulturelle Anregungen werden ebenfalls angeboten.;Ein Ort, in dem Sorgfalt gross geschrieben wird: im Umgang mit den Gästen, in der architektonischen Gestaltung, im Hotelbetrieb, in der Auswahl und der Zubereitung der Speisen, Sorgfalt auch im Umgang mit der Natur. Im Zusammenwirken mit einer langen und bewegten Geschichte entsteht so eine ganz besondere Atmosphäre - sowohl für konzentrierte Arbeit als auch für genussvolle Erholung. Ein Ort, wo Weite und Geborgenheit zusammenfinden. Alle Produkte sind «Bio». Im Schloss-Restaurant mit grünem Michelin-Stern und 13 GaultMillau-Punkten wählen die Gäste mittags und abends aus gartenfrischen, kreativen Gerichten. Ein Highlight des Bio-Restaurants ist die einladende Gartenterrasse mit stimmungsvollem Blick auf den Englischen Park und den Bodensee. Das Schloss Wartegg besitzt Elektroauto-Ladestationen.;9.529985511471557;47.47846955;von Blarer-Weg 1;9404;Rorschacherberg;+41 71 858 62 62;schloss@wartegg.ch;https://wartegg.ch/;[{'@type': 'ImageObject', 'contentUrl': 'https://tgtpimtsoch.sos-ch-dk-2.exoscale-cdn.com/catalog/1/f/5/f/1f5f4761bcbb7e2d49d8f8804a5a05da51031042_60cb083f82f4fdab06ed71e486c6f690aff3542a_Luftaufnahme_mit_See__1_.jpg'}];2026-05-29T04:14:11+02:00
36570240-0880-4f12-bbc9-6a42fbaf97f2;B&B Pusteblume;Das B&B Pusteblume in Bischofszell wurde 2023 neu erstellt und mit viel Liebe zum Detail eingerichtet. Es bietet Platz für max. 2 Personen und ist ideal für Wanderer und Velofahrerinnen und für alle Personen, die das Einmalige suchen. 
;<div>Den Gästen steht ein eigenes Bad mit Dusche/WC sowie ein eigenes Gartensitzplätzli zum Verweilen zur Verfügung. Im Haus in ländlicher Umgebung wohnen nebst den Gastgebern auch zwei Katzen. Das B&amp;B Pusteblume eignet sich wunderbar als Ausgangspunkt, um die Rosenstadt Bischofszell kennenzulernen. Die Region Bischofszell / Thurgau bietet zudem viele Möglichkeiten die Freizeit zu gestalten, wie zum Beispiel Velofahren (u.a. Thur-Route 95), Wandern, Ausflüge an den Bodensee oder ins Appenzellerland und vieles mehr.

Das zeichnet das B&amp;B Pusteplume aus:
Zimmer mit einer Fläche von &gt; 25 m2
2 Schlafplätze (ohne Extrabett)
reichhaltiges Frühstück (auf Wunsch) 
Mindestaufenthalt: 1 Nacht
WLAN
Die Gastgeber legen Wert auf Nachhaltigkeit. Die Lebensmittel stammen aus der Region.<br></div>;9.2488598;47.4931749;Friedenstrasse 19;9220;Bischofszell;+41763271167;yvonne67@sunrise.ch;https://bnb.ch/pusteblume-3265;[{'@type': 'ImageObject', 'contentUrl': 'https://tgtpimtsoch.sos-ch-dk-2.exoscale-cdn.com/catalog/c/4/d/a/c4da8accf38ab2770cafbdcc1ce7fb4c84ccac65_IMG_0127.JPG'}];2026-03-17T09:25:43+01:00
36aa68c9-ebe3-42e5-aa07-3059f5ba9261;Park-Hotel Inseli am Bodensee;Eingebettet in eine blumige Parkanlage direkt am Bodensee liegt das Park-Hotel Inseli in Romanshorn. Hier übernachten, feiern oder tagen Gäste mit Blick auf den See oder lassen sich im Panoramarestaurant auf der Seeterrasse oder in der Porto-Bar verwöhnen.;<p>Mit ihren Erd- und Blaut&ouml;nen erinnern die hellen, geschmackvoll eingerichteten Zimmer des Park-Hotels Inseli an See und Strand. Das passt. Das Hotel liegt direkt am Bodensee, eingebettet in einen weitl&auml;ufigen malerischen Park. Erholen k&ouml;nnen sich G&auml;ste hier nicht nur dank der Ruhe und Weite des Wassers, sondern auch im Kosmetik- &amp; Massagestudio oder in der kleinen aber feinen &laquo;Wellness-Oase&raquo; mit Sauna, Whirlpool und Fitness Raum. Kulinarisch verw&ouml;hnen das Panoramarestaurant und die idyllische Seeterrasse, aber auch die Porto-Bar. Das Angebot an regionalen Spezialit&auml;ten umfasst st&auml;ndig fangfrischen Bodenseefisch, vegetarische und vegane Gerichte sowie t&auml;glich wechselnde Men&uuml;s. F&uuml;r Anl&auml;sse wie Seminare, Bankette, Hochzeiten, Familien- und Vereinsfeiern erfreuen helle R&auml;umlichkeiten mit Seeblick oder die M&ouml;glichkeit, bei sch&ouml;nem Wetter draussen, direkt am Wasser zu feiern. Am Bodenseeufer und im Park lassen sich Spazierg&auml;nge, Badefreuden, Touren auf zwei R&auml;dern und Skaten geniessen.</p>;9.3813604;47.570359;Inselistrasse 6;8590;Romanshorn;+41 71 466 88 88;info@hotelinseli.ch;http://hotelinseli.ch/;[{'@type': 'ImageObject', 'contentUrl': 'https://tgtpimtsoch.sos-ch-dk-2.exoscale-cdn.com/catalog/d/6/8/2/d682497ab7b8b39c64593bdbd6547a6c9e3c5b6f_HotelInseli_Aussenansicht.jpg'}];2026-04-29T21:27:04+02:00
3a0d3c0f-f1a6-4cd9-a2d7-17ec214bdf15;Ferienwohnung Pferde- und Eselhof Grünegg;Der Pferde- und Eselhof Grünegg in Eschenz bietet Familien ein authentisches Bauernhoferlebnis mit Pferden, Eseln, Schafen und Schweinen. Die grosszügige 3.5-Zimmerwohnung und die Möglichkeit, bei der Hofarbeit mitzuhelfen, machen den Aufenthalt unvergesslich.;<p>Pferde, Esel, Walliser Schwarznasenschafe, Kune-Kune-Schweine und Katzen machen den Hof zu einem lebendigen Ort, an dem Landwirtschaft hautnah erlebbar wird. Kinder k&ouml;nnen Esel striegeln, mit ihnen Spazierg&auml;nge durch den Wald unternehmen oder beim Versorgen der Tiere mithelfen. Die wolligen Schafe lassen sich gerne kraulen, w&auml;hrend die Schweine f&uuml;r heitere Momente sorgen. Ein besonderes Erlebnis ist eine Kutschenfahrt mit den imposanten Kaltblutpferden, die eindrucksvolle Ausblicke er&ouml;ffnet.</p><p>Die Ferienwohnung misst 78 m&sup2; und umfasst zwei Schlafzimmer mit insgesamt sechs Betten und einem Kinderbett, eine gut ausgestattete K&uuml;che mit Kaffeevollautomat, Fondueset und Raclette-Ofen, ein Esszimmer mit Kaminofen, eine Sofaecke mit TV/Radio/WLAN sowie ein Badezimmer mit Dusche/WC. Ein Aussensitzplatz mit Grill l&auml;dt zum Verweilen ein. In der Umgebung locken Stein am Rhein mit seiner historischen Altstadt, idyllische Badeseen sowie vielf&auml;ltige Ausflugsm&ouml;glichkeiten rund um den Bodensee.</p>;8.870048299999997;47.6248708;Grünegg 1;8264;Eschenz;+41 79 271 01 61;hf.niederhauser@sunrise.ch;http://www.ferienwohnung-gruenegg.ch;[{'@type': 'ImageObject', 'contentUrl': 'https://tgtpimtsoch.sos-ch-dk-2.exoscale-cdn.com/catalog/1/9/4/9/19499f088bebfc581d7fcbf22167b9c99512e0c2_Eschenz_Pferdehof_Gruenegg_Tiere.jpg'}];2026-02-25T09:56:41+01:00
3da1efc0-d84c-4f70-ac5f-91702b893e03;Hotel Sternen Unterwasser;Mit seinen diversen Räumlichkeiten bietet das Hotel Sternen den idealen Rahmen, um weit ab vom Alltag, in aller Ruhe, kreativ zu sein.;<p>Im Hotel Sternen Unterwasser werden Seminare f&uuml;r die Teilnehmer zu einem besonderen Erlebnis. Das Hotel hebt sich nicht durch Hightech, sondern durch Hightouch &ndash; also durch die Fokussierung auf den Menschen ab &ndash; und vermitteln den Besuchenden die n&ouml;tige Ruhe und Gelassenheit, um sich ganz und gar auf den Inhalt des Seminars zu konzentrieren. Es stehen drei Seminarr&auml;ume und ein Gruppenraum zur Verf&uuml;gung. Technische Hilfsmittel sowie die &uuml;bliche Seminarinfrastruktur sind im Haus ebenfalls vorhanden. Von der Sitzung mit f&uuml;nf Personen &uuml;ber ein Seminar bis zum Kongress mit 150 Personen, im Hotel Sternen ist alles m&ouml;glich.</p><h6>Infrastruktur</h6><p>- 31 Hotelzimmer&nbsp;<br>- 3 Seminarr&auml;ume, 1 Gruppenraum <br>- Chemin&eacute;e-Bar</p><h6>Rahmenprogramm direkt vor Ort</h6><p>- Grossz&uuml;gige Lobby mit Billard und Tischfussball&nbsp;<br>- Klangwelt <br>- Besuch auf dem Ch&auml;serrugg <br>- Ch&auml;&auml;swelt Toggenburg <br>- Baumwipfelpfad</p>;9.3111429;47.19712425;Dorfstrasse 29;9657;Alt St.Johann;+41 71 998 62 62;info@sternen.biz;https://www.sternen.biz/reception/;[{'@type': 'ImageObject', 'contentUrl': 'https://tgtpimtsoch.sos-ch-dk-2.exoscale-cdn.com/catalog/5/0/e/0/50e03faa77b973aec4ef80e21f75a5342a622a3f_Unterwasser_Hotel_Sternen_Aussenansicht_web.jpg'}];2026-08-26T05:07:43+02:00
40936cb2-b150-4d28-a2c4-e9e469701726;Lake Lodge Romanshorn;Die Lake Lodge Romanshorn ist ein Erholungsort mit einem familiären Ambiente und fantastischer Seesicht. Täglich wird ein gesundes, abwechslungsreiches und leckeres Frühstück serviert. Die Unterkunft ist optimal gelegen und somit idealer Ausgangspunkt für Ausflüge nach St.Gallen, Konstanz, Zürich und die nahen Berge wie der Säntis.;Das Bed & Breakfast liegt am Bodensee und ist der ideale Ausgangspunkt für Radtouren um den See und durch den schönen Thurgau. Der nahe Alpstein lädt zu ausgedehnten Wanderungen ein und am Abend erfrischt der Bodensee mit einem kühlen Bad. Auf der schönen Terrasse in der Sonne baden oder im Schatten ein kleines Schläfchen geniessen. Die Ruhe in der Lake Lodge ist dem Gast sicher. Die geräumigen und geschmackvoll eingerichteten Zimmer bieten Platz für 2  oder 4 Personen. Die Gemeinschaftsräume wie Küche, Wohn- und Esszimmer sind geräumig und im Herbst und Winter brennt ein gemütliches Kaminfeuer. Die Gastfreundschaft steht in der Lake Lodge im Mittelpunkt und Gespräche mit den Gastgebern sind stets willkommen. In Gehdistanz rund im das Hafenbecken hat es verschiedene Restaurants, die die Gäste mit internationalen Gerichten verwöhnen.;9.3809316;47.5702438;Inselistrasse 4;8590;Romanshorn;+41793065556;liebr@gmx.ch;http://lakelodge-romanshorn.ch;[{'@type': 'ImageObject', 'contentUrl': 'https://tgtpimtsoch.sos-ch-dk-2.exoscale-cdn.com/catalog/d/b/c/6/dbc65d39140faf180f7cd9cb90350116e6fef73a_IMG_0622__1_.JPG'}];2026-03-12T14:59:23+01:00
4361b38d-ae0a-4d49-880d-6be5926445a3;Gästewohnung «Wilder Wein»;Die Gästewohnung «Wilder Wein» in Romanshorn befindet sich in einem von wildem Wein umrankten Gebäude.;In Romanshorn erwartet Sie in einem ruhigen Quartier, in einem von wildem Wein umrankten Nebengebäude, eine 2-Zimmer Gästewohnung. Bahnhof, Hafen, Supermarkt so wie die Seepromenade sind in ca. 5 Gehminuten zu erreichen.;9.373571491543684;47.561088549999994;Alte Schulstrasse 14;8590;Romanshorn;+41 78 657 75 36;djoke_strikwerda@hotmail.com;https://www.wilder-wein.ch/;[{'@type': 'ImageObject', 'contentUrl': 'https://tgtpimtsoch.sos-ch-dk-2.exoscale-cdn.com/catalog/9/2/3/8/9238493ca8389cbaed0b8dc738af6ff65313d84b_ca3b26dc_8d9b_4866_824d_d85a6753d118.jpg'}];2026-03-17T09:23:21+01:00
46bb0cb4-9a5d-423a-9ba6-bdecd280324d;Macardo Swiss Distillery;In der Macardo-Destillerie findet man nicht nur die nachhaltigste Brennerei der Schweiz, sondern auch das innovativste Fasslager der Welt, ein Premium Bed & Breakfast, eine Eventlocation, Bar mit Cigar Lounge und vor allem: Viele exzellente gebrannte Destillate!;<p>Was 2007 klein in einer ehemaligen Käserei in Strohwilen begann, ist heute ganz gross geworden: Das neue Macardo-Hauptquartier. Hier taucht der Gast in die Welt des Edelbrandes ein. Mit Leidenschaft wird gemaischt, vergärt, gebrannt und ausgebaut – nach überlieferten Geheimrezepten, zeitintensiven Brennverfahren und mit höchsten Qualitätsansprüchen an die meist regionalen Zutaten. Die modernsten Standards entsprechende Infrastruktur kann bei Führungen entdeckt, die Spirituosen bei Tastings probiert werden.</p>;9.012916300000027;47.5506618;Frauenfelderstrasse 21;8514;Amlikon-Bissegg;+41 71 652 60 00;info@macardo.ch;http://www.macardo.ch/;[{'@type': 'ImageObject', 'contentUrl': 'https://tgtpimtsoch.sos-ch-dk-2.exoscale-cdn.com/catalog/2/1/7/d/217d18224cae3c96aa72445ed167355a0bbe4dff_19D3CBBA_9432_4DF1_84C3_E3F41CF42644.jpeg'}];2026-03-17T09:21:47+01:00
48884e5a-ff62-4d48-8f87-f3185e240408;Gasthaus zum Trauben;Die gelungene Mischung aus Tradition und Moderne ist vom Restaurant über die Veranstaltungsräume bis in die Hotelzimmer durchgezogen und beschwingt. Das Speiseangebot aus Thurgauer Qualitätsprodukten bringt die Gäste zum Schwärmen.;1798 wurde hier die Freiheit des Kantons ausgerufen. Das 500 Jahre alte Gebäude ist eines der wertvollsten Kulturgüter von Weinfelden. Frisch umgebaut und renoviert. Entstanden ist eine charakterstarke Mischung aus dem Charme des Altbewährten und der Eleganz der Moderne – nicht nur architektonisch, sondern auch kulinarisch. Das Credo des regionalen Speiseangebots: Den Geschmack und die Qualität von Thurgauer Produkten auf den Teller bringen, überraschend und modern interpretiert!

Im Gasthaus zum Trauben wohnen die Gäste zentral in 14 hellen und frisch renovierten Hotelzimmern, welche den Blick auf das Rathaus oder die Kirche von Weinfelden frei geben. Restaurant, Weinkeller und Terrasse verwöhnen die Gäste. Auch feiern und tagen lässt es sich hier hervorragend. Das Gasthaus zum Trauben bietet Räume mit geschichtsträchtiger Atmosphäre in unterschiedlichen Grössen, Formen und Stilen – vom gemütlichen Stübli, über die barocke Weinfelderstube bis zum modernen Festsaal mit multifunktionaler Bühne.;9.1099919000001;47.5683718;Rathausstrasse 1;8570;Weinfelden;+41 71 622 44 44;info@trauben-weinfelden.ch;https://www.trauben-weinfelden.ch/;[{'@type': 'ImageObject', 'contentUrl': 'https://tgtpimtsoch.sos-ch-dk-2.exoscale-cdn.com/catalog/c/a/5/f/ca5fc04bd19faac04cafa03f614d388b5f40b6cf__DSC9334_min.jpg'}];2026-09-01T23:57:24+02:00
4a235589-a961-4e9d-8038-f2783c981927;Camping Ruderbaum;Der Campingplatz mit Gruppenunterkunft und Ferienwohnung liegt direkt am Bodensee, in unmittelbarer Nähe des Thurgauer Rundwanderweges, des Bodensee-Radweges, des Bahnhofs Altnau und der Bodensee-Kursschiff-Anlegestelle.;Der Platz ist ideal für Wassersportler, Biker, Inline-Skater und Wanderer. Der grosse Spielplatz bietet vielfältige Möglichkeiten für sportliche Betätigung von Jung und Alt. Es hat moderne, sehr gepflegte sanitäre Anlagen. Nebst der grossen Spielwiese hat es einen Spielplatz, einen Badestrand, eine Grillstation, einen Waschautomaten, Trockner, Internet, eine Camping-Bibliothek, eine Fahrradvermietung und eine Schiffanlegestelle. Der Campingplatz ist ausgezeichnet mit vier Sternen durch Swisscamp.;9.263524132842166;47.6231883;Ruderbaum 3;8595;Altnau;+41 71 695 29 65;camping@ruderbaum.ch;http://www.ruderbaum.ch/;[{'@type': 'ImageObject', 'contentUrl': 'https://tgtpimtsoch.sos-ch-dk-2.exoscale-cdn.com/catalog/a/b/c/6/abc6458c1f1e57dbe09c3d8556b138c7a9627e0e_IMG_0505.jpg'}];2025-06-20T11:47:19+02:00
55b7b8d4-ba9a-4eb2-aed8-b8c314af4b47;Hotel Le Lion - Self Check-in;In einem beeindruckenden Gebäude mit einer herrschaftlichen Fassade befindet sich das Exklusivhotel in der Innenstadt von Bischofszell. Der Bahnhof Stadt Bischofszell ist nur 2 Gehminuten davon entfernt.;<p>Das Hotel Le Lion Self Check-in mit 22 liebe- und stillvoll eingerichteten Zimmern bietet ein Zuhause auf Zeit. Ob Geschäftsreisende oder Touristen, in den Zimmern finden die Gäste alles, was für einen hohen Wohnkomfort für kurze oder längere Zeit notwendig ist. Dank dem Check-in Automaten ist das Check-in flexibel und unabhängig zu jeder Tages- und Nachtzeit möglich. Jedes Zimmer verfügt über eine voll ausgestattete Küche inkl. Nespresso-Kaffeemaschine und Wasserkocher.</p>;9.2414744;47.4935493;Grubplatz 2;9220;9220;071 424 60 00;info@hotel-lelion.ch;https://www.hotel-lelion.ch;[{'@type': 'ImageObject', 'contentUrl': 'https://tgtpimtsoch.sos-ch-dk-2.exoscale-cdn.com/catalog/5/c/c/0/5cc028e9bb024141ee1804096be1a90e52f35b6c_Aussen.jpg'}];2026-03-12T15:02:23+01:00
5a9bd235-d926-43bd-a071-44b3db94bfc2;Camping Hüttenberg;Der familienfreundliche Camping Hüttenberg liegt leicht erhöht über Eschenz und bietet eine ruhige und sehr schöne Lage am Waldrand mit wundervoller Aussicht auf den Untersee und Rhein.;Zum Ortszentrum von Eschenz sind es 2 km und 3 km nach Stein am Rhein. Das Gelände ist teilweise terrassiert und teils flach mit gepflegtem Rasen. Die Anlagen und Einrichtungen sind modern, sehr gepflegt und eignen sich auch für Menschen mit Behinderung.

Ausgezeichnet vom VCS/TCS mit 5 Sternen. Vermietung von Wohnwagen, Zelt und Bungalow.;8.859862;47.644559;Hüttenberg;8264;Eschenz;+41 52 741 23 37;info@huettenberg.ch;https://www.camping-huettenberg.ch/;[{'@type': 'ImageObject', 'contentUrl': 'https://tgtpimtsoch.sos-ch-dk-2.exoscale-cdn.com/catalog/e/5/8/5/e58594a6ffce995a53124654c47e4d564ce45b1b_Eschenz_Huettenberg_Camping_Podhouse_2.jpg'}];2026-03-17T09:06:20+01:00
5b5066e9-2473-4bda-b586-f07ed6455cf6;Vereinszentrum Bleiche;Das Vereinszentrum Bleiche ist eine Unterkunft für Lager und Kurse. Es ist das ganze Jahr geöffnet und liegt am Ortsrand von Bischofszell, direkt an der Sitter.;Die 7 Schlafräume à 8 Betten sind alle mit WC und Dusche ausgestattet. Im 2022 wurden alle Zimmer renoviert. Zum Vereinszentrum gehören eine modern eingerichtete Hotelküche, 2 Gruppenräume, ein Sport- und Spielplatz und eine Grillstelle. 

Das Vereinszentrum Bleiche ist ideal für Jugendlager, Kurse, Klassenlager, Probewochenende und Feste. Das Musikprobelokal kann dazu gemietet werden. Der Aufenthaltsraum und die Küche können separat gemietet werden. 

Die Altstadt von Bischofszell ist in wenigen Minuten erreichbar. Einkaufsmöglichkeiten, ÖV und das Freibad befinden sich ebenfalls in unmittelbarer Nähe.;9.238117933273317;47.496893748572376;Bleicherweg 6a;9220;Bischofszell;+41 71 422 11 33;info@vereinszentrum-bleiche.ch;http://www.vereinszentrum-bleiche.ch/;[{'@type': 'ImageObject', 'contentUrl': 'https://tgtpimtsoch.sos-ch-dk-2.exoscale-cdn.com/catalog/8/d/4/2/8d429604ebb388cd1cbe159824123ae99617cd90_IMG_1768__2.JPG'}];2026-02-25T10:16:59+01:00
5b5bf294-02f4-41c9-9788-6a5e533f4a21;Campingplatz Buchhorn;Der familienfreundliche Campingplatz Buchhorn in Arbon liegt direkt am Bodensee und bietet eine idyllische Atmosphäre. Direkt nebenan liegt das Strandbad Arbon. Für Gäste des Campingplatzes ist der Besuch kostenlos.;Der Campingplatz bietet ein grosses Angebot: Kiosk, Gas-Service, Badegelegenheit mit grosser Liegewiese im Strandbad Arbon, öffentliche Feuerstelle und ein Kinderspielplatz. Eine Reservation ist nur für Wohnwagenplätze möglich. Auf dem ganzen Platz herrscht Hundeverbot. Im Strandbad hat es zudem ein Restaurant und es können SUP-Boards oder Kajaks gemietet werden. Der Campingplatz Buchhorn liegt direkt am Seeradweg und bietet eine schöne Aussicht über den Bodensee, egal ob ein POD-House, ein Zelt- oder Stellplatz gemietet wird.;9.42128987527657;47.523934100000005;Philosophenweg 17;9320;Arbon;+41 71 446 65 45;info@camping-arbon.ch;http://www.camping-arbon.ch/;[{'@type': 'ImageObject', 'contentUrl': 'https://tgtpimtsoch.sos-ch-dk-2.exoscale-cdn.com/catalog/6/e/2/6/6e263e7afdac64be3c72e0accedb73448221ee4a_Camping_von_oben_mit_Stadt.jpg'}];2026-05-14T08:36:04+02:00
5c379534-d455-4a10-9176-a3cc67b887dc;22 – Zimmer & Zmorge;Im «22 – Zimmer & Zmorge» erwarten Gäste zwei Doppelzimmer in einem Einfamilienhaus in Seenähe mit Garten, Tischtennistisch, Grill, Hängematte und einem herzhaften Frühstück. Ein klassisches Bed & Breakfast in Kreuzlingen mit persönlicher Note – willkommen am Bodensee.;In Kreuzlingen beherbergt ein gemütliches Einfamilienhaus das B & B 22 – Zimmer & Zmorge. Im Obergeschoss bieten zwei Doppelzimmer Platz für bis zu vier Personen. Auf der exklusiv für Gäste reservierten Etage befindet sich neben einem Badezimmer eine kleine Sitzecke, wo ein reichhaltiges Frühstück serviert wird. Brot, Joghurt, Konfi und teils andere Produkte sind hausgemacht, frisch und lecker. Wo immer möglich wird zudem auf Regionalität und Saisonalität geachtet. Die Zimmer können auch als Einzelzimmer oder ohne Frühstück gebucht werden. Familien mit Kindern sind willkommen. Der Garten mit zwei Sitzplätzen, Grill, Hängematte und Tischtennistisch darf gerne mitbenutzt werden. 

In Gehdistanz liegen der Bahnhof Kurzrickenbach-Seepark, Bushaltestelle und Einkaufsmöglichkeiten. Auch der Bodensee, das Schwimmbad Hörnli und der wunderbare Seeburgpark mit riesigem Spielplatz, Restaurants, Tierpark oder Minigolf sind zu Fuss erreichbar.;9.191905262586445;47.6430728;Dammstrasse 22;8280;Kreuzlingen;+41 79 549 24 16;hello@22zz.ch;https://www.22zz.ch;[{'@type': 'ImageObject', 'contentUrl': 'https://tgtpimtsoch.sos-ch-dk-2.exoscale-cdn.com/catalog/9/1/5/a/915a5fd8a02dec97e2f17d5d6e74124b8a00fbc8_P1020581.JPG'}];2026-03-16T11:24:09+01:00
5caadce0-a834-47f2-bab4-2ceb1759d843;Camping Seehorn;Der Camping Seehorn in Egnach bietet Platz für Kurzurlauber und Dauermieterinnen. Er liegt an besonderer Lage am Bodensee und ist umgeben von Obstbäumen. St. Gallen und das Appenzellerland mit seinem Hausberg, dem Säntis, sind in Kürze erreichbar.;Neben dem Campinggelände liegt das Seebad Wiedehorn. Grosszügige Stellplätze sowie moderne sanitäre Anlagen überzeugen die Campinggäste. Dem Gast stehen ein vielfältiges Gastronomieangebot und der Camping-Shop mit Brotservice zur Verfügung. Ob mit Zelt, Wohnmobil oder in einem der Mietobjekte, auf dem Camping Seehorn fühlt man sich rundum wohl. Ausserdem ist der Campingplatz sehr gut gelegen, um die umliegenden Highlights zu entdecken.

Der Camping Seehorn besitzt zwei Elektroauto-Ladestationen. Diese befinden sich beim öffentlichen Parkplatz der Gemeinde Egnach an der Hauptstrasse in Wiedehorn.;9.397559165954592;47.53649303619903;Wiedehorn 9;9322;Egnach;0714771006;info@seehorn.ch;http://www.seehorn.ch;[{'@type': 'ImageObject', 'contentUrl': 'https://tgtpimtsoch.sos-ch-dk-2.exoscale-cdn.com/catalog/6/1/9/a/619ad9de1d2b606fd061e5526d1575ce9cb7e727_Camping_Seehorn.jpg'}];2026-05-15T08:45:20+02:00
5eb28e94-814d-4277-acf5-7f121ab33345;Gasthof zum Falken;Der Gasthof zum Falken liegt mitten in Frauenfeld nahe der historischen Altstadt. Das familiär geführte Hotel mit Bar und bodenständigem Restaurant überzeugt mit regionalen Spezialitäten, gutbürgerlicher Küche, vielfältigen Bieren und Whisky's sowie gemütlichen Zimmern.;Der 125-jährigen Tradition als Gasthaus wird im Falken auch heute noch Ehre erwiesen. Und zwar mit Hausspezialitäten wie etwa dem Hot Stone oder dem legendären Jumbo-Falken-Burger. Aber auch regelmässig wechselnde kulinarische Themenwochen sowie Rock- und Blueskonzerte gehören ins Programm. Bekannt ist der Falken für sein Angebot an klassischen und eigenkreierten Cocktails sowie für die rund 30 verschiedenen Biersorten und grosse Auswahl an Whisky und Grappa. Hier spielen Gäste Darts und Tischfussball oder geniessen bei kleineren Festen die lockere Atmosphäre. Das Falkenteam verwöhnt mit seiner familiären und unkomplizierten Art im preiswerten Hotel und erfreut mit seiner guten Lage. Zum Bahnhof Frauenfeld sind’s nur fünf, in die Altstadt nur zwei Minuten zu Fuss.;8.8980429;47.554894;St. Gallerstrasse 6;8500;Frauenfeld;+41 52 721 27 24;info@gasthofzumfalken.ch;http://www.gasthofzumfalken.ch/;[{'@type': 'ImageObject', 'contentUrl': 'https://tgtpimtsoch.sos-ch-dk-2.exoscale-cdn.com/catalog/a/e/1/6/ae16890a5756cd249d43b32ad9e0b110da842653_Frauenfeld_Gasthof_zum_Falken_Aussenansicht.jpg'}];2026-08-26T14:38:43+02:00
60a01455-78cf-402c-bdb7-a52751db4f44;Wellnesshotel Seemöwe;Das Wellnesshotel Seemöwe im Thurgau am Bodensee verbindet kulinarischen Genuss, Erholung und Aktivität in einer der schönsten Regionen.;<div class="flex flex-col text-sm pb-25"><section class="text-token-text-primary w-full focus:outline-none [--shadow-height:45px] has-data-writing-block:pointer-events-none has-data-writing-block:-mt-(--shadow-height) has-data-writing-block:pt-(--shadow-height) [&amp;:has([data-writing-block])&gt;*]:pointer-events-auto scroll-mt-[calc(var(--header-height)+min(200px,max(70px,20svh)))]" dir="auto" data-turn-id="request-WEB:199aaafb-b75a-40b8-8610-fb9fb2c6874d-19" data-testid="conversation-turn-28" data-scroll-anchor="true" data-turn="assistant"><div class="text-base my-auto mx-auto pb-10 [--thread-content-margin:var(--thread-content-margin-xs,calc(var(--spacing)*4))] @w-sm/main:[--thread-content-margin:var(--thread-content-margin-sm,calc(var(--spacing)*6))] @w-lg/main:[--thread-content-margin:var(--thread-content-margin-lg,calc(var(--spacing)*16))] px-(--thread-content-margin)"><div class="[--thread-content-max-width:40rem] @w-lg/main:[--thread-content-max-width:48rem] mx-auto max-w-(--thread-content-max-width) flex-1 group/turn-messages focus-visible:outline-hidden relative flex w-full min-w-0 flex-col agent-turn"><div class="flex max-w-full flex-col gap-4 grow"><div class="min-h-8 text-message relative flex w-full flex-col items-end gap-2 text-start break-words whitespace-normal outline-none keyboard-focused:focus-ring [.text-message+&amp;]:mt-1" dir="auto" tabindex="0" data-message-author-role="assistant" data-message-id="9ba70e33-536b-481b-a897-7607a65db22b" data-message-model-slug="gpt-5-3" data-turn-start-message="true"><div class="flex w-full flex-col gap-1 empty:hidden"><div class="markdown prose dark:prose-invert w-full wrap-break-word light markdown-new-styling"><p data-start="420" data-end="601" data-is-last-node="" data-is-only-node="">In G&uuml;ttingen am Bodensee positioniert sich das Wellnesshotel Seem&ouml;we als Ort f&uuml;r kulinarischen Genuss, Entspannung und vielseitige Freizeitm&ouml;glichkeiten. Als Teil der Gilde Restaurants steht das Haus f&uuml;r eine ehrliche, hochwertige K&uuml;che mit Fokus auf saisonale und regionale Zutaten. Das Restaurant deckt verschiedene Genussmomente ab und wird mit viel Sorgfalt gef&uuml;hrt. Der M&ouml;wensaal mit Platz f&uuml;r bis zu 100 Personen bietet einen stilvollen Rahmen f&uuml;r Feiern, Seminare und Veranstaltungen und &uuml;berzeugt durch moderne Ausstattung sowie eine besondere Atmosph&auml;re.</p></div></div></div></div><div class="mt-3 w-full empty:hidden">&nbsp;</div></div></div></section></div><p data-start="699" data-end="1146" data-is-last-node="" data-is-only-node="">Der grossz&uuml;gige Wellnessbereich umfasst Sauna, Rotlichtsauna, Whirlpool und Ruheraum sowie Angebote f&uuml;r Massage und Kosmetik. Erg&auml;nzt wird das Angebot durch Fitnessm&ouml;glichkeiten sowie Ern&auml;hrungsberatungen und Bodychecks. Die Lage im Thurgau am Bodensee erm&ouml;glicht vielf&auml;ltige Aktivit&auml;ten in einer beliebten Region, zahlreiche Velorouten starten direkt beim Hotel. E-Ladestationen f&uuml;r Autos und E-Bikes unterstreichen die zeitgem&auml;sse Infrastruktur.</p>;9.2838953;47.6063459;Hauptstrasse 54;8594;Güttingen;+41 71 695 10 10;info@seemoewe.ch;http://www.seemoewe.ch/;[{'@type': 'ImageObject', 'contentUrl': 'https://tgtpimtsoch.sos-ch-dk-2.exoscale-cdn.com/catalog/0/6/b/2/06b259a6f7aae109071b5ce8374401f52dbcda62_Design_ohne_Titel_2.png'}];2026-04-28T14:41:26+02:00
62c690a9-677d-49b5-a742-a78a77ddf199;Hotel Münchwilen;Das Hotel Münchwilen ist ein familiär geführtes 4-Sterne Garnihotel im Hinterthurgau bei Wil. Es überzeugt mit einer modernen und hellen Einrichtung, einem reichhaltigen regionalen Frühstücksbuffet und mit seiner zentralen Lage für Entdeckungen in der Ostschweiz.;<p>Es stehen 55 moderne und ger&auml;umige Zimmer in unterschiedlichen Kategorien bereit. Nach umfangreichen Renovationen pr&auml;sentiert sich das Hotel in einem gem&uuml;tlichen und zeitgem&auml;ssen Ambiente. Ein reichhaltiges Fr&uuml;hst&uuml;cksbuffet wird t&auml;glich angeboten. Die Lage zwischen Winterthur und St. Gallen erm&ouml;glicht eine schnelle Anbindung an die A1 und an den &ouml;ffentlichen Verkehr. &nbsp;Es stehen gen&uuml;gend kostenlose Aussen- wie auch Tiefgaragenpl&auml;tze zur Verf&uuml;gung. Die ruhige Umgebung eignet sich f&uuml;r Gesch&auml;ftsreisende und Individualg&auml;ste wie Velofahrende, Wandernde, Kulturinteressierte und Openair-Besuchende. Die Restaurants &laquo;Salta in Bocca&raquo; und &laquo;Dolce vita&raquo; sowie Einkaufsm&ouml;glichkeiten, Post und Bankomat befinden sich in Gehdistanz. Velofahrende profitieren vom abschliessbaren Veloraum, der E-Bike-Ladestation, dem Reparaturset und den Tourenvorschl&auml;gen. Die Lage bietet ideale Voraussetzungen f&uuml;r Ausfl&uuml;ge in den Thurgau sowie f&uuml;r Abstecher ins Toggenburg, ins Appenzellerland und in die Bodenseeregion.</p>;8.998994894621362;47.47799185;Schmiedstrasse 5;9542;Münchwilen (TG);+41 71 969 31 31;info@hotel-muenchwilen.ch;http://www.hotel-muenchwilen.ch/;[{'@type': 'ImageObject', 'contentUrl': 'https://tgtpimtsoch.sos-ch-dk-2.exoscale-cdn.com/catalog/5/7/3/f/573f05abf72f2c835a827e1d5dab6194dcb39fb4_medium__Hotel_M__nchwilen_7.jpg'}];2026-06-23T18:11:10+02:00
65ba0ad1-6b34-4c5c-86cd-4fa8ae8e0b5d;Camping Fischerhaus;Direkte Seelage, eine moderne, barrierefreie und familienfreundliche Anlage, Thurgauer Natur pur und die nahe Kulturstadt Kreuzlingen erwarten Besuchende auf dem grosszügigen Campingplatz Fischerhaus. Und natürlich die farbenfrohen Fischerhäuschen für alle ohne Zelt oder Camper.;Der Campingplatz Fischerhaus in Kreuzlingen liegt direkt am Bodensee. Grosszügige neue Sanitäranlagen, ein Grillpavillon oder der mitten durchs Gelände fliessende renaturierte Bach erfreuen das Campingherz. Für Gäste ohne Zelt oder Camper stehen günstige Zimmer und fünf farbige «Fischerhäuser» bereit. Letztere überzeugen durch stilvolle pragmatische Einrichtung für bis zu vier Personen. Ein zentraler Spielplatz sowie die Nähe zu Bodensee und Freibad Hörnli – Eintritt inklusive – machen Ferien auf dem Camping Fischerhaus auch zu einem tollen Familienerlebnis. Das ebene Gelände ist barrierefrei und für Kinderwagen oder Besuchende mit Beeinträchtigung gut zugänglich. Kreuzlingen erreicht man innert zwanzig Minuten zu Fuss durch einen malerischen Uferpark. Hier gibt’s Ausgangsmöglichkeiten für Kulturfreunde und Nachtschwärmer.;9.19794773026868;47.64614065;Promenadenstrasse 52;8280;Kreuzlingen;+41716884903;info@camping-fischerhaus.ch;http://camping-fischerhaus.ch/;[{'@type': 'ImageObject', 'contentUrl': 'https://tgtpimtsoch.sos-ch-dk-2.exoscale-cdn.com/catalog/5/0/e/d/50ed4f10e326e4ab3de29488e65267b12942f93c_20230615_160149.jpg'}];2026-05-15T08:45:20+02:00
667a5c49-4d51-40ad-960d-dadad43cd1eb;Wellnesshotel Golf Panorama;Das Design- und Lifestyle-Hotel ist direkt am Golfplatz in Lipperswil gelegen. Ruhe, Natur, Ausblick und höchster Komfort garantieren entspannten Genuss. Es wird Wellness, Fitness und ein Aktiv & Relax Programm auf über 2000 m² angeboten.;Ein Platz der absoluten Ruhe und Erholung im Einklang mit der herrlichen Natur aussen und dem schlichten Design in allen Räumlichkeiten.
Die Zimmer in verschiedenen Kategorien sind modern und komfortabel eingerichtet und bieten alle Annehmlichkeiten. Zudem erwarten die Gäste in allen Zimmern eine fantastische Panorama-Aussicht. 
Im grosszügigen Spa-Bereich kann man die Seele wohlig baumeln lassen, bei reichhaltigen Anwendungen entspannen und in der energiereichen Atmosphäre neue Kraft tanken. 
Die Küche überzeugt raffiniert verwöhnte Gaumen mit lokalen Gerichten.;9.058694;47.621908;Golfpanorama 6;8564;Lipperswil;+41 52 208 08 08;info@golfpanorama.ch;https://www.golfpanorama.ch/;[{'@type': 'ImageObject', 'contentUrl': 'https://tgtpimtsoch.sos-ch-dk-2.exoscale-cdn.com/catalog/4/7/3/7/4737d3364f2a50ea1cc8ad284150b80b069d6a02_1_Lipperswil_Wellnesshotel_Golfpanorama_Aussenansicht_Fr__hling.jpg'}];2026-08-28T20:05:57+02:00
67add0f3-4920-4af2-b38f-305be5d4c571;B&B Altnau CasaRita;Das B&B Altnau CasaRita befindet sich im Oberdorf von Altnau in einem ruhigen Quartier, angrenzend an eine Landwirtschaftszone. Hier trifft Ruhe auf Freundlichkeit.;Vier moderne, grosse Doppelzimmer sind mit King-Size-Betten (alle 180 cm Breite), Schrank, einer kleinen Sitzgruppe und TV ausgestattet. Alle Räume haben Insektenschutzgitter und Verdunkelungsrollladen. WLAN steht gratis zur Verfügung. Die zwei Badezimmer, 1x mit Regendusche/WC und 1x mit Badewanne/Regendusche/WC, werden gemeinsam benützt. 

Alle Räume umgeben die offene Galerie (28qm), die als Frühstücks- und Gemeinschaftsraum ausgelegt ist. Von hier aus kommt man auch auf den sehr grossen Balkon, beschattet mit einer Markise über die ganze Länge von 6,25 m. Die Unterkunft ist auch ideal für Kleingruppen, da alle Zimmer auf einer Etage liegen. 

Kaffee und Tee sind gratis. Optional ist ein Frühstück buchbar, mit selbstgebackenem Brot, Marmelade vom Obst aus dem eigenen Garten, Bio-Eiern und vielem mehr. Für Selbstversorger gibt es in der Nähe einen Laden und eine Bäckerei. Es stehen eine Mikrowelle und ein Kühlschrank zur Verfügung, es gibt aber keine Kochmöglichkeit.;9.2554523;47.6098774;Oberer Geissbüchel 4;8595;Altnau;+41 76 27 17 333;casarita@bluewin.ch;https://www.casarita.ch/;[{'@type': 'ImageObject', 'contentUrl': 'https://tgtpimtsoch.sos-ch-dk-2.exoscale-cdn.com/catalog/9/d/5/4/9d54b0d609e6fa7b57ff04de43e74360597198d7_Altnau_CasaRita_Aussenansicht.jpg'}];2026-02-25T10:15:54+01:00
67c1c944-e504-4cfc-8e17-600ca7579ae4;Hotel Kloster Fischingen;Im Kloster Fischingen verschmelzen Vergangenheit und Gegenwart. Die barocken Räume sind stimmig für Feste und Events und Gäste übernachten  in ehemaligen Mönchklausen. Das Tannzapfenland ist ein grünes Paradies und darin eingebettet ist das Kloster Fischingen.;Das Kloster Fischingen ist ein historisches Hotel mit stimmigen barocken Räumen und somit der perfekte Austragungsort für jeden Event. Zugleich ist es ein touristischer Ort und beliebt bei Ausflüglern, die im Kloster ihre Ferien verbringen. Die kreativen Klosterköche verarbeiten mit Begeisterung, Zutaten aus dem Tannzapfenland. Für den ungezwungenen Aufenthalt steht den Gästen die Schenke zur Verfügung. Dort wartet eine Auswahl gekühlter PILGRIM-Klosterbiere auf Bierliebhaber*innen. Die 30 Gästezimmer sind ehemalige Mönchszellen. Die Zimmer begeistern mit ihrem klösterlichen Flair, das dezent gegenwärtig ist. Geburtstage, Jubiläen, Hochzeiten, Familienfeiern – die Klostergastronomie verfügt über vier verschiedene Räume, die individuell eingerichtet und je nach Feier geschmückt werden. Die klassischen Konzerte beschenken die Besucher mit kostbaren Glücksmomenten. Das Kloster Fischingen besitzt zwei Elektroautoladestationen und auch E-Bikes können auf dem Areal aufgeladen werden.;8.96833;47.4119;Kloster;8376;Fischingen;+41 71 978 72 20;info@klosterfischingen.ch;https://klosterfischingen.ch/;[{'@type': 'ImageObject', 'contentUrl': 'https://tgtpimtsoch.sos-ch-dk-2.exoscale-cdn.com/catalog/3/f/a/e/3faefc6ed7282afaf2ad2e9ec419fd9bb65a3c3a_Kloster_Fischingen_Ansicht.jpg'}];2026-05-23T18:06:53+02:00
6c4e3c92-6046-4951-9890-9159a65bfe98;Restaurant-Hotel de charme Römerhof;Das Restaurant – Hotel de charme Römerhof ist ein zauberhaftes Boutiquehotel*** am Bodensee mit 11 gemütlichen Hotelzimmern, elegantem Gourmetrestaurant, historischen Bankettsälen, einer sonnigen Terrasse und exklusiven Davidoff Cigar Lounge im Herzen von Arbon.;Im Restaurant-Hotel de charme Römerhof verschmelzen die Geschichte von Arbon, kulinarische Meisterleistungen und herzliche Gastfreundschaft zu einem unvergleichlichen Erlebnis. Das Gebäude, bereits im Mittelalter auf römischen Grundmauern und als Teil der alten Stadtmauer erbaut, trägt diese faszinierende Vergangenheit noch heute sichtbar in sich.

Mit stolzen 12 Gault Millau Punkten und 2 roten Kochlöffeln im Guide Michelin ist der Römerhof eine wahre Institution. Hier verbindet sich auf geschickte Weise die klassisch französische Küche mit internationalen Einflüssen und regionalen Strömungen. 
Das Hotel selbst begeistert mit 11 geschmackvoll eingerichteten Zimmern. Besonders die geschichtsträchtige Römerstube und das Turmzimmer schaffen den idealen Rahmen für Tagungen, persönliche Events oder stilvolle Feiern. 

Die grosszügige Sonnenterrasse lädt zum Verweilen ein, während die exklusive Davidoff Cigar Lounge Zigarrenliebhaber in ein einzigartiges Ambiente entführt.;9.433599;47.516432;Freiheitsgasse 3;9320;Arbon;+41 71 447 30 30;info@roemerhof-arbon.ch;https://www.roemerhof-arbon.ch/;[{'@type': 'ImageObject', 'contentUrl': 'https://tgtpimtsoch.sos-ch-dk-2.exoscale-cdn.com/catalog/e/3/c/8/e3c858dec6e94e70434509d6eb91c8819cfefd64_Arbon_Roemerhof_Aussenansicht.jpg'}];2026-08-26T04:51:44+02:00
7665e537-a3c6-41ae-896e-3e07eaeaabc3;Jugendherberge Romanshorn;Die Jugendherberge Romanshorn liegt an zentraler Lage in der Nähe des Bahnhofs und in Gehdistanz vom Bodensee. Sie ist optimaler Ausgangspunkt für Velotouren um den See, ins Thurgauer Hinterland oder für Paddelreisen auf dem Wasser.;Die Jugendherberge Romanshorn bietet ihren Gäste verschiedene Übernachtungsmöglichkeiten: Vom Doppelzimmer mit eigenem Bad übers Familienzimmer bis hin zum Mehrbettzimmer steht alles zur Verfügung. Spielzimmer, Fernsehsaal mit DVD-Player, Kiosk, Tischfussball, kostenloses Internet sowie ein Sitz- und Spielplatz im Garten draussen lassen bei einem Aufenthalt keine Langeweile aufkommen und heissen auch Familien herzlich Willkommen. In der Romanshorner Jugendherberge werden einfache schmackhafte Abendessen und ein reichhaltiges Frühstück für die Gäste zubereitet. Die Jugi liegt nur zehn Minuten Fussmarsch vom Bodensee entfernt. Stand-Up-Paddles, Kajaks und Pedalos vom Kanuzentrum La Canao können in der Jugendherberge Romanshorn gemietet und an einer anderen Vermietstation entlang des Bodenseeufers zurückgegeben werden. Die Jugendherberge ist somit guter Startpunkt oder Zischenstopp für Ein- und Mehrtagestouren auf Bodensee und Rhein.;9.3739597;47.5672846;Gottfried-Keller-Strasse 6;8590;Romanshorn;+41 58 346 84 00;jugendherberge@romanshorn.ch;http://www.youthhostel.ch/romanshorn;[{'@type': 'ImageObject', 'contentUrl': 'https://tgtpimtsoch.sos-ch-dk-2.exoscale-cdn.com/catalog/c/e/0/4/ce04db6d404a504fb0a06a83cf978b83a8d76b62_Jugendherberge_Romanshorn_Aussenansicht_Leonidas_Portmann_02.jpg'}];2026-09-04T21:05:13+02:00
7895dcf7-2f06-48a4-bacf-d2fb4b683607;Denkmalgepflegtes Färberhaus;Stilvolle Ferienwohnung im denkmalgepflegten Färberhaus in Diessenhofen mit Blick auf den Rhein. Die sorgfältig renovierte Unterkunft im historischen Altstadthaus verbindet modernen Wohnkomfort mit historischem Charme.;<p>Das denkmalgepflegte F&auml;rberhaus in Diessenhofen verbindet historische Architektur mit modernem Wohnkomfort in besonderer Lage mit Blick auf den Rhein. Die stilvoll renovierte Ferienwohnung im Thurgau befindet sich in einem sorgf&auml;ltig erhaltenen Altstadthaus und bietet ein einzigartiges Wohnerlebnis mit hochwertiger Ausstattung und liebevollen Details. Die Unterkunft verf&uuml;gt &uuml;ber einen eigenen Sitzplatz, einen Arbeitsplatz sowie ein Schlafzimmer mit Badewanne. Hochwertige Bettw&auml;sche, Badet&uuml;cher, Waschmaschine, W&auml;schetrockner und ein eigener Parkplatz erg&auml;nzen den Komfort. F&uuml;r Velos und Kinderwagen steht ein separater Abstellraum zur Verf&uuml;gung. Dank der Lage in Diessenhofen eignet sich das F&auml;rberhaus ideal f&uuml;r Ausfl&uuml;ge zum Rheinfall sowie f&uuml;r Entdeckungen im Thurgau. Wanderwege, Velorouten und vielf&auml;ltige Naturerlebnisse entlang des Rheins und Bodensees machen die Region zu einem attraktiven Ausgangspunkt f&uuml;r erholsame und abwechslungsreiche Ferien.</p>;8.7526427;47.690061;Schwaderloch 8;8253;Diessenhofen;+41 79 854 51 35;info@dormouse.ch;https://www.airbnb.ch/h/faerberhausdiessenhofen;[{'@type': 'ImageObject', 'contentUrl': 'https://tgtpimtsoch.sos-ch-dk-2.exoscale-cdn.com/catalog/1/8/2/5/1825ce3850edec387070a0fc9098bc80256aedc8_Denkmalgepflegtes_F__rberhaus_Wohnzimmer.jpg'}];2026-06-02T20:33:26+02:00
7d3ab75e-d910-4971-b191-7215ad432d3e;Ferienhaus Hof Alten;Der Hof Alten liegt 3 km östlich von Bischofszell, nahe der Sitter. Er beheimatet Milchkühe, 2 Shetlandponys, Katzen, Zwerghasen, Hühner und einen Hund. Im kleinen Ferienhäuschen geniessen Familien und Naturliebende Urlaub auf dem Bauernhof.;Das Ferienhäuschen steht etwas abseits der Hofgebäude mit Aussicht auf Weiden und Ufergehölze der Sitter. Neben schöner Sicht erfreut der Fluss auch mit Badestrand und Grillmöglichkeit in nur zehn Minuten Fussmarsch vom Ferienhaus. Die zweistöckige Unterkunft bietet Platz für sechs Personen (4 Erwachsene, 2 Kinder) mit Wohnküche, zwei Schlafzimmern und einem Wohnzimmer mit zwei Betten. Der Sitzplatz mit Cheminée, ein Balkon und ein Spielplatz bereiten viel Vergnügen draussen an der frischen Luft. Die Tiere des Bauernhofs freuen sich auf Besuch und streichelnde Hände. Verschiedene Wander- und Radwege verlaufen in der Nähe. Zu Entdeckungen in der Natur oder zum Badeplausch laden etwa das Hudelmoos, die Sitterfähre und die Hauptwiler Weiher ein. Aber auch der Bodensee, die Stadt St. Gallen oder das Wandergebiet des Alpsteingebirges sind nur 20 bis 30 Fahrminuten entfernt. Hunde sind willkommen.;9.28125858306885;47.50140223362543;Alten 1;9220;Bischofszell;+41 71 420 04 51;Bill2@gmx.ch;http://www.thurgau-bodensee.ch;[{'@type': 'ImageObject', 'contentUrl': 'https://tgtpimtsoch.sos-ch-dk-2.exoscale-cdn.com/catalog/b/6/f/7/b6f7ac70b354e67ea5d4c2a59005616567d8a634_Bischofszell_Hof_Alten.png'}];2026-03-16T08:44:31+01:00
842816d9-2d17-484c-94da-46b208854adc;Hotel Müllers, Self-Check-In;Im Hotel Müllers in Arbon erleben Gäste Komfort und skandinavische Leichtigkeit. Das moderne Design, die 24/7 Self-Check-In Option, Parkplätze und E-Bike Ladestationen bieten Annehmlichkeiten an einem idealen Standort am Bodensee - perfekt für Wanderer, Radfahrerinnen und Wassersportler. 




;Im Hotel Müllers in Arbon gibt es moderne und praktisch eingerichtete Zimmer, darunter Doppelzimmer, Einzelzimmer, Familienzimmer und Studios. Die Zimmer überzeugen durch eine minimalistische Ausstattung mit skandinavischer Leichtigkeit und natürlichen Elementen aus Holz. Der 24/7 Self-Check-In ermöglicht flexible Ankunft. Haustiere sind gegen Aufpreis willkommen. Das Hotel liegt direkt am Bodensee und ist ein idealer Ausgangspunkt für Wanderungen, Fahrradtouren und Wassersport. Parkplätze für Autos und Fahrräder sind verfügbar, ebenso wie Ladestationen für E-Bikes. Von hier aus können Gäste die zauberhafte Region Arbon und ihre vielfältigen Schönheiten erkunden. Die Schifflände Bar bietet leichte Snacks und in der Umgebung gibt es zahlreiche Restaurants. ;9.4369819;47.5146364;Hafenstrasse 6;9320;Arbon;+41 71 511 44 77;info@hotel-muellers.ch;https://hotel-muellers.ch/;[{'@type': 'ImageObject', 'contentUrl': 'https://tgtpimtsoch.sos-ch-dk-2.exoscale-cdn.com/catalog/5/a/f/6/5af615e4055405342567581c3b9b4a92a477cfdc_Hotel_Mu__llers_Arbon.jpg'}];2026-03-17T09:35:24+01:00
84d386b3-5fd5-4c8f-ad6a-0958086fb50d;Swissyurt;Die liebevoll selbst gebaute Jurte «Swissyurt» ausserhalb von Bischofszell ist eine kleine runde Oase, um die Seele baumeln zu lassen. Für Entdeckerinnen und Naturliebhaber! ;Das von den Gastgebern selbst errichtete «Zelt», das seinen Ursprung bei den Nomaden in Zentralasien hat, beherbergt auf rund 20 Quadratmetern bis zu vier Personen. Eingerichtet ist die Swissyurt ähnlich einem kleinen Studio – nur mit einer Prise mehr Abenteuer. So kocht man etwa auf einem zweiflammigen Gasrechaud vor dem Eingang und heizt an kälteren Tagen mit einem Holzofen. 

Auf der Terrasse geniesst man einen herrlichen Blick auf die Flusslandschaft der Sitter und ist umgeben von Wiesen, Wald und Feldern. Ein kleiner Holzkohlengrill lädt zum sommerlichen Grillplausch, ein Spielplatz zum Schaukeln und Wippen. Ein eigenes WC und Dusche befinden sich im 30 Meter entfernten Wohnhaus. ;9.2613015;47.5017361;Eberswilerstrasse 15 A;9220;Bischofszell / Eberswil;+41 71 422 12 15;swissyurt@gmail.com;https://swissyurt.ch/;[{'@type': 'ImageObject', 'contentUrl': 'https://tgtpimtsoch.sos-ch-dk-2.exoscale-cdn.com/catalog/8/1/f/d/81fd500e503d9afa48cb80aa01bb30144ede10d7_Swissyurt.JPG'}];2025-05-17T06:28:45+02:00
8567a589-b026-4c2d-809d-6a0bd263d301;See & Park Hotel Feldbach;Das See & Park Hotel Feldbach in Steckborn ist ein besonderer Ort mit einer besonderen Geschichte zurück bis 1252: Wo einst Ordensfrauen lebten, erwarten die Gäste heute Hotelkomfort und kulinarisch Genüsse in traumhafter Umgebung am Ufer des Bodensees.;In einmaliger Lage in Steckborn direkt am Ufer des Untersees, befindet sich das ehemalige Kloster Feldbach aus dem 13. Jahrhundert. Heute geniessen die Gäste im See & Park Hotel Feldbach das unvergleichliche modern-historische Ambiente inmitten von Rosengarten, weitläufiger Parkanlage und Yachthafen. Gleich gegenüber liegt das moderne Hotelgebäude mit 36 komfortablen Zimmern. Unter dem Dach des historischen Klosters, befindet sich die Turmbar, historische Fest- und Seminarsäle, das stilvolle Restaurant und die traumhafte Seeterrasse.

Kulinarisch werden die Gäste mit gutbürgerlichen Gerichten mit der richtigen Priese an Raffinesse verwöhnt. Dazu werden edle Tropfen empfohlen.;8.974441;47.6647262;Im Feldbach 10;8266;Steckborn;+41 52 762 21 21;info@hotel-feldbach.ch;http://www.hotel-feldbach.ch/;[{'@type': 'ImageObject', 'contentUrl': 'https://tgtpimtsoch.sos-ch-dk-2.exoscale-cdn.com/catalog/2/3/5/7/23578019ffa2b39c0d75c27898a0f00099176ef0_See___Park_Hotel_Feldbach_Aussenansicht.jpg'}];2026-08-26T12:36:56+02:00
8c6e297c-2759-41d2-ad80-1b5ba2fe642a;LILIENBERG – Hotel, Restaurant, Veranstaltungsort;Lilienberg in Ermatingen ist ein Hotel, Restaurant, und eine Seminarlocation am Bodensee, aber auch ein Ort der Begegnung, Musik und des Gesprächs. Es wird diskutiert, getagt, gefeiert, aber auch Ruhe und Weitsicht getankt.;Eingebettet in eine malerische Parklandschaft mit Blick auf den bezaubernden Bodensee, geniessen Gäste im Lielienberg in idyllischer Umgebung die vielfältigen touristische Angebote der Region.
Die grosszügigen Zimmer, liebevoll in verschiedenen Stilen gestaltet, bieten Raum für erholsame Aufenthalte. Im Restaurant und auf der einladenden Seeterrasse verwöhnen die Gastgebenden mit modernen Gerichten aus der regional inspirierten Küche.
Für Seminargäste ist der Ort eine Oase der Ruhe und sorgt mit einem professionellen Service dafür, dass sich jene auf ihre Inhalte konzentrieren können.
Der Lilienberg bildet den eleganten Rahmen für Feiern, sei es im familiären Kreis oder im geschäftlichen Kontext, stets begleitet von exquisiter Kulinarik.
Die Stiftung Lilienberg Unternehmerforum lädt zu Gesprächen über aktuelle Themen aus Wirtschaft, Politik und Gesellschaft und vielfältigen musikalische Anlässen mit jungen engagierten Musikern. Ein idealer Rahmen für Austausch und Inspiration!;9.0739546;47.6694977;Blauortstrasse 10;8272;Ermatingen;+41 71 663 21 00;info@lilienberg.ch;https://www.lilienberg.ch/;[{'@type': 'ImageObject', 'contentUrl': 'https://tgtpimtsoch.sos-ch-dk-2.exoscale-cdn.com/catalog/5/e/4/2/5e4240309c66a9ac304e6422a1a74bf3041feed7_medium__Ermatingen_Lilienberg_Header.jpg'}];2026-05-23T18:09:30+02:00
8cfe382d-e351-4c8b-8820-5439856971c1;Landgasthof Seelust;Der Landgasthof Seelust in Egnach liegt zwischen Obstbäumen nur wenige Schritte vom Bodensee entfernt. Der Familienbetrieb verwöhnt seine Gäste mit herzlicher Gastfreundschaft, Gaumenfreuden aus der Region und hellen ruhigen Zimmern. ;Die Seelust vereint mit Ihrer Lage zwei der schönsten Seiten des Thurgaus: den Bodensee und den Apfel. In den grosszügigen Hotelzimmern hat man Blick aufs Wasser oder in den Obsthain. Auch Familien- und rollstuhlgängige Zimmer gehören zum Repertoire. Neben herzlicher Gastfreundlichkeit wird im Familienbetrieb auch Regionalität grossgeschrieben. Das Küchenteam der Seelust bringt ausschliesslich das Beste aus dem Thurgau auf den Tisch; Spargeln aus Altnau, Poulet aus dem Hinterthurgau oder Obst und Beeren der Umgebung werden ebenso zu originellen Gerichten verarbeitet wie die fangfrischen Fische aus dem Bodensee. Auch tagen und feiern kann man hier. Die Seelust bietet von Stuben über Obstgarten, Festsaal oder Weinkeller vielfältige Räume dafür. Trotz ruhiger und idyllischer Lage ist das Hotel gut erschlossen. Nur 100 Meter sind’s bis zum Autobahnanschluss oder 200 zum Bahnhof. ;9.398439545211279;47.53512055;Wiedehorn 10;9322;Egnach;+41 71 474 75 75;info@seelust.ch;http://www.seelust.ch/;[{'@type': 'ImageObject', 'contentUrl': 'https://tgtpimtsoch.sos-ch-dk-2.exoscale-cdn.com/catalog/7/6/f/8/76f8844f348b914af397c5b44f59dee73bbf9931_Seelust_Fr__hling_Garten.jpg'}];2026-04-30T18:09:17+02:00
8d138291-7a23-4b9b-b735-ee0a6b78d9b3;b_smart hotel Arbon;Das b_smart hotel Arbon ist ein modernes Self-Check-in-Hotel in direkter Nähe zum Bodensee und nur wenige Schritte vom Bahnhof entfernt. Stilvolle Zimmer, hohe Flexibilität und die unmittelbare Lage an der Seepromenade machen es zum idealen Ausgangspunkt für Geschäfts- und Freizeitreisen.;<p>Die 63 Zimmer und Suiten &uuml;berzeugen mit einem einladenden und smarten Design. Die Kategorien &laquo;Seesicht&raquo; befinden sich in den oberen Stockwerken mit Sicht auf den Bodensee. Der Fitness- &amp; Wellnessbereich ist bewusst im obersten Stockwerk mit direktem Ausblick auf den Bodensee eingerichtet - so kommen alle G&auml;ste in den Genuss dieses einzigartigen Ausblickes. Dank dem Self Check-in und Check-out by b_smart k&ouml;nnen G&auml;ste rund um die Uhr flexibel anreisen und in sekundenschnelle auschecken.&nbsp;</p>;9.4326541;47.5098001;Giessereistrasse 6;9320;Arbon;+41 71 511 25 47;arbon@b-smarts.net;https://www.b-smarts.net/arbon;[{'@type': 'ImageObject', 'contentUrl': 'https://tgtpimtsoch.sos-ch-dk-2.exoscale-cdn.com/catalog/f/3/4/0/f340e36d595b88085e7ed4741bb5f145f64304de_b_smart_hotel_Arbon_Richtfest_1.jpg'}];2026-08-06T04:25:51+02:00
8e0bb50e-9748-497e-8caa-5dcfb515ed6e;Häxehüsli Frauenfeld;Das Frauenfelder «Häxenhüsli» ist das wohl älteste Tiny House des Thurgaus. Es stand zuvor im Stadtkern und wurde am Rande der Thurgauer Hauptstadt in einem lauschigen Kräutergarten wieder aufgebaut. Das perfekte Kleinod für eine Auszeit, um in Ruhe eine Arbeit zu schreiben.;<p>Das Häxehüsli verfügt über knapp 60 Quadratmeter Wohnfläche auf drei Geschossen und bietet Platz für zwei Personen. Das Haus ist komplett eingerichtet mit schönen Antiquitäten und wertigen neuen Möbeln. Im historischen Gewölbekeller mit viel Tageslicht und freiem Blick in den Garten befindet sich die kompakte Küche und ein Holzofen. In der Häxehüslistube können Gäste durch die 170-jährigen Fenster ihren Blick in die Ferne schweifen lassen. Im Winter sorgt der wunderschöne Kachelofen für wohlige Wärme. Im Mansardengeschoss ist unter dem sichtbaren Dachgebälk ein gemütlicher Schlafraum mit separater Arbeitsecke eingerichtet. Eine grosszügige Dusche und ein WC mit Lavabo stehen im Untergeschoss zur Verfügung.<br><br>Das freistehende Häxehüsli hat keine direkten Nachbarn. Sein Aussenbereich bezaubert Gäste mit einem naturnahen Garten, grossem Sitzplatz, antikem Mobiliar und einem Kräutergarten. Über dem offenen Feuer kann gegrillt werden und der junge Stadtbach plätschert in unmittelbarer Nähe vorbei.</p>;8.91186143773329;47.545316;Höhenweg 4a;8500;Frauenfeld;079 487 77 12;gm@weiter-bauen.ch;https://haexenhuesli.ch;[{'@type': 'ImageObject', 'contentUrl': 'https://tgtpimtsoch.sos-ch-dk-2.exoscale-cdn.com/catalog/6/5/e/9/65e96c3175db6ec3572cce4b56d083c32bdf2093_IMG_9533.jpg'}];2026-03-17T09:36:38+01:00
8ea7b4ff-ff36-466a-b71e-36e0e289af7d;Trompeterschlössle Hotel & Résidence;Das Trompeterschlössle Hotel & Résidence liegt idyllisch im grünen Thurgau am Ufer des Seerheins. Im schottischen Landhausstil eingerichtet und mit grosser Whiskybar und ruhigem Garten ausgestattet, lädt es zum Verweilen ein. Aber auch zu Ausflügen ins nahe Stadtzentrum von Konstanz und in die Bodenseeregion.;<p>Das Trompeterschl&ouml;ssle blickt auf eine reiche Geschichte zur&uuml;ck. Die einem Schl&ouml;sschen &auml;hnelnde, im Jugendstil erbaute Villa, beherbergte einst ein Restaurant mit Caf&eacute; und Kolonialwarenladen.<span style="background-color: #ffffff; color: #67768a;"> Auch in der Geschichte des deutsch-schweizerischen Grenzgeb</span>ietes spielte das Anwesen im T&auml;germoos immer wieder eine wichtige Rolle. Heute bezaubert das Schl&ouml;ssle mit 20 gediegenen Zimmern und Apartments, einem grossz&uuml;gigen Garten, Restaurant und einer Whiskybar mit auserlesenen W&auml;sserchen seine G&auml;ste. Die Liebe zum Whisky sp&uuml;rt man hier &uuml;berall. Die Zimmer haben alle einen Bezug zu einer irischen oder schottischen Destillerie und sind ruhig zum See oder Park gelegen. Wer genug entspannt hat, entdeckt das in Gehdistanz liegende Deutsche Konstanz oder die wunderbare Thurgauer Region am Bodensee und Seerhein.</p>;9.159287785292097;47.664006799999996;Konstanzerstrasse 123;8274;Tägerwilen;+41 71 669 31 31;info@trompeterschloessle.com;https://trompeterschloessle.com/;[{'@type': 'ImageObject', 'contentUrl': 'https://tgtpimtsoch.sos-ch-dk-2.exoscale-cdn.com/catalog/d/9/0/1/d9017dc866627b3a7b559e194e3ed2f677ba299e_D11B0BA1_B3DC_4EB7_9296_F8E54A441F5C_3.JPEG'}];2026-09-04T21:05:40+02:00
92cc63f2-c3ef-493c-a582-44254bc18c05;Restaurant / Hotel Klein Rigi;Grandiose Aussicht auf Säntis und Thur, ein imposantes schlossähnliches Gebäude, Köstlichkeiten aus Küche und Weinkeller – all dies und mehr vereint das Restaurant und Seminarhaus Klein Rigi. Hier lässt es sich für einen Moment in die Welt des Genusses eintauchen.;Das «Klein Rigi» in Schönenberg an der Thur liegt auf einem wunderbaren Aussichtspunkt. Nebst einer grosszügigen Terrasse mit herrlichem Blick ins Thurtal und auf den Berg Säntis, bietet es so einiges: Ein Trauzimmer, Räumlichkeiten für die Hochzeitsparty danach oder auch für Familien- und Firmenanlässe. Ebenso finden Seminare von 10 bis 350 Personen in den vielfältigen und gediegenen Räumen Platz. Kulinarisch wird man hier vor allem mit feinstem Schweizer Fleisch vom Grill verwöhnt. Aber auch erlesene Weine und Whiskeys stehen auf der Karte und die Zigarrenlounge lädt zum Absacker vor dem Nachhause gehen ein. Wer lieber bleiben möchte, der kann. Es erwarten Gäste helle moderne Zimmer.;9.19783115386963;47.518447781242;Thurbruggstrasse 31;9215;Schönenberg an der Thur;+41716424949;info@kleinrigi.ch;https://kleinrigi.ch;[{'@type': 'ImageObject', 'contentUrl': 'https://tgtpimtsoch.sos-ch-dk-2.exoscale-cdn.com/catalog/e/7/8/3/e78324fca1a013feb460af72e985b57fe92922ec_ep_KleinRigi_230519_AIR_0025_PS_bearbeitet_300x200.jpg'}];2026-03-17T09:30:11+01:00
98cd26f3-7669-4277-9408-d50648216d62;Hotel und Restaurant Sokrates;Das kleine, feine Hotel in Güttingen liegt inmitten eines Parks, an ruhiger Lage direkt am Ufer des Bodensees. Die grosszügigen, hellen Panoramazimmer mit Blick auf den See oder Parkgarten laden zum Verweilen ein.;<p>Ein Aufenthalt im direkt am Bodensee gelegenen Hotel und Restaurant ist Erholung für Körper, Geist und Seele. Das Restaurant bietet eine frische und gesunde Vollwertküche. Mittags kann zwischen drei leckeren Menus mit Suppe oder Salat gewählt werden. Eine Tasse Kaffee lässt sich am besten mit einem Stück hausgemachter Torte geniessen. Abends vereint eine kleine aber feine à-la-carte-Speisekarte regionale Köstlichkeiten mit dem Hauch des Besonderen. Dem Hotel und Restaurant angegliedert ist das Gesundheitszentrum Sokrates. Nebst kostenlosen Parkplätzen werden den Hotel-Gästen eine Saunaanlage, ein Fitnessraum, eine Bibliothek, eine Hauskapelle sowie eine Dachterrasse mit Strandkörben zur freien Verfügung angeboten. Eine Liegewiese, ein Badehäuschen, eine Parkanlage mit Wäldchen, der Bach mit Kneipp- und Barfussweg sowie der Homöopathie-Lehrpfad laden ebenfalls zum Verweilen ein.
Die Zimmer verfügen alle über ein eigenes Bad mit WC/Dusche, Telefon, Safe, Haartrockner, WLAN und Balkon.</p>;9.299127761496857;47.610343549999996;Im Park 5;8594;Güttingen;+41 71 694 55 05;reservation@hotel-sokrates.ch;https://www.hotel-sokrates.ch/;[{'@type': 'ImageObject', 'contentUrl': 'https://tgtpimtsoch.sos-ch-dk-2.exoscale-cdn.com/catalog/1/1/9/5/119513a37d947735e5829441c9b1a27d4744b117_A_Luftaufnahme_Geb__ude_0067.jpg'}];2026-08-26T04:53:26+02:00
9a56f170-06b8-40be-88a1-b5ae943630b1;Schloss Freudenfels;Einst mittelalterliche Wehranlage, heute Oase der Ruhe. Hoch über dem Bodensee, eingebettet zwischen Wiesen und Weinhängen, thront Schloss Freudenfels. Das Seminar- und Eventhotel ist mit allem ausgestattet, was eine Veranstaltung unvergesslich und ein Seminar erfolgreich macht. Das Team vom Schloss Freudenfels überzeugt durch technisches Fachwissen und setzt sich für alle Belange der Gäste mit viel Leidenschaft und Herz ein.;Fürstlich Feiern. Oder schön einfach.
Ob Heiraten im kleinen Kreis, oder im grossen Stil. Ob Taufe oder Geburtstagsparty. Ob schlichter Firmenanlass oder festliches Bankett. Schloss Freudenfels bietet helle, feierliche Räume in verschiedenen Konfigurationen sowie eine Schlosskapelle, eine Schlossterrasse und einen beeindruckenden Rosengarten mit Blick auf Schloss und Bodensee.

Auf Schloss Freudenfels lässt es sich nicht nur gut feiern, sondern auch hervorragend arbeiten.
Schloss Freudenfels ist ein veritables Seminar- und Tagungszentrum. Um konzentriert zu überzeugenden Ergebnissen zu gelangen, helfen die unterschiedlichsten hellen Räume, die technische Ausstattung und die Rundumversorgung der Teilnehmenden. Die ruhige Lage, samt grosszügiger Aussen-Areale, lädt zu inspirierenden Spaziergängen ein, bei denen oft zündende Gedanke entstehen.;8.889913;47.638762;Schlossweg / Postfach;8264;Eschenz;+41 52 742 72 11;info@schloss-freudenfels.ch;http://www.schloss-freudenfels.ch;[{'@type': 'ImageObject', 'contentUrl': 'https://tgtpimtsoch.sos-ch-dk-2.exoscale-cdn.com/catalog/a/c/f/3/acf34dfe923783bbc19ba1ae9b5d3f0b831db104_SL_200703_B0005939.jpg'}];2026-05-23T18:04:01+02:00
9b367a83-b529-45eb-a38a-92a572d4a6a9;Sportunterkunft Weinfelden;Auf der Sportanlage Güttingersreuti in Weinfelden stehen zwei Gruppenunterkünfte zur Verfügung. Zum einen die Sportunterkunft und zum anderen die Sportlagerunterkunft.;Die Sportunterkunft bietet Platz für maximal 50 Personen und verfügt über folgende Zimmer:

- 6 x 8er-Zimmer
- 1 x 4er-Zimmer
- 1 x 2er-Zimmer

Es gibt einen grossen Aufenthaltsraum, jedoch keine Kochmöglichkeit. Eine Verpflegung kann im Restaurant Sportsbar (Eishalle) eingenommen werden.

Die unterirdische Sportlagerunterkunft bietet total 50 Betten. Es gibt drei Schlafräume sowie ein Leiterzimmer. Sanitäre Anlagen sowie eine Kochmöglichkeit befinden sich ebenfalls in der Sportlagerunterkunft. Gruppen ab 15 Personen können die Unterkunft reservieren. 

Die Reservation für beide Unterkünfte muss mindestens zwei Wochen im Voraus getätigt werden.;9.126959158508246;47.560397550000005;Lauligstrasse 6;8570;Weinfelden;+41 71 626 70 40;sportsekretariat@weinfelden.ch;https://www.weinfelden-erleben.ch/sport/sportunterkuenfte;[{'@type': 'ImageObject', 'contentUrl': 'https://tgtpimtsoch.sos-ch-dk-2.exoscale-cdn.com/catalog/0/d/b/b/0dbb4e48441ad437d7f19aeea9a10c4340df725a_DJI_0245.JPG'}];2026-02-25T10:13:12+01:00
9da4072e-3fd7-4a90-b49c-ca455637bea0;Hotel Bodensee-Arena;Die Sport- und Event-Location mit Hotel Bodensee-Arena in Kreuzlingen bietet Platz für verschiedene Sportveranstaltungen, Seminare, Firmenanlässe oder zum gemütlichen Beisammensein im Restaurant. Übernachtungsgäste erwarten Hotelzimmer mit direktem Aussenzugang und Blick aufs Wasser.;<p>Die Bodensee-Arena liegt rund 100 Meter vom Bodensee entfernt mitten in der Zweiländerregion Kreuzlingen-Konstanz. Die gute Lage am Wasser ermöglicht einen aktiven und abwechslungsreichen Aufenthalt. Diverse Sportarten können in der Arena selbst oder in nächster Nähe betrieben werden. Hier wird Tennis, Fussball oder Beachvolleyball gespielt und im Bodensee geschwommen. Im Winter kommen Eislaufen, Eisdiscos und Eisstockschiessen auf der gemütlichen Restaurantterrasse zum Angebot hinzu. Im Restaurant Bodensee-Arena geniessen Gäste täglich ein Frühstücksbuffet – am Wochenende wird gebruncht. Mittags und abends überzeugt das Restaurant mit gutbürgerlicher Küche, der Poulet-Flügeli-Manufaktur oder mit feinen Ciabatta-Sandwiches.</p><p>In wenigen Minuten sind zu Fuss die Kreuzlinger und Konstanzer Altstadt sowie die Häfen und Bahnhöfe beider Städte oder der Kreuzlinger Seeburgpark erreichbar. Parkplätze stehen kostenlos zur Verfügung. Für Fahrradgäste gibt’s einen abschliessbaren Veloraum.</p>;9.1800643;47.6547591;Seestrasse 11B;8280;Kreuzlingen;+41 71 677 15 40;reservation@bodensee-arena.com;http://www.bodensee-arena.com/;[{'@type': 'ImageObject', 'contentUrl': 'https://tgtpimtsoch.sos-ch-dk-2.exoscale-cdn.com/catalog/7/a/8/8/7a88c97dc6f69b2071e2f42e677c718301e5fe27_DSC_0166_2__2.jpg'}];2026-06-22T23:48:39+02:00
ad3fcb53-2f35-4aa5-ae11-7b9abef21de4;Jugendherberge Stein am Rhein;Die Jugendherberge Stein am Rhein bietet seinen Gästen einen unkomplizierten und familiären Aufenthalt. Verschiedene Zimmerkategorien, ein grosser Garten mit Spielplatz und Sitzplatz und ein leckeres Frühstücksbuffet sind nur einige Pluspunkte für eine erlebnisreiche Auszeit.;Auf der Burg Hohenklingen hat man alles Wichtige im Blick: Rechts die komfortable, hindernisfreie Jugendherberge mit grossem Spielplatz, die sich bestens für einen Aufenthalt mit der ganzen Familie eignet. Gleich daneben befindet sich das Strandbad Riipark und einige Gehminuten entfernt liegt das Städtchen Stein am Rhein, wo man mit einem Atemzug in die Vergangenheit eintauchen kann. Wieder zurück in der Gegenwart bieten sich zahlreiche Velo- und Wanderwege an, je nach Fitness gemütlich am Wasser oder steil durch die Hügel.

Die Jugendherberge bietet einen Veloraum und ist auch sonst sehr praktisch ausgestattet. Es stehen verschiedene Zimmerkategorien zur Verfügung, vom komfortablen Doppelzimmer, über Vier- und Sechsbettzimmer für Familien bis hin zu einem Achtbettzimmer für Gruppen ist alles dabei. Unkompliziert und familiär! Zudem auch preiswert: Für CHF 19.50 pro Erwachsene gibt es ein dreigängiges Abendessen, welches ausgewogen, nachhaltig & abwechslungsreich ist.;8.847505976603752;47.665453049999996;Hemishoferstrasse 87;8260;Stein am Rhein;+41 52 741 12 55;stein@youthhostel.ch;https://www.youthhostel.ch/de/hostels/stein-am-rhein/;[{'@type': 'ImageObject', 'contentUrl': 'https://tgtpimtsoch.sos-ch-dk-2.exoscale-cdn.com/catalog/e/d/8/4/ed84081e227ef17fb29f701c79bf1e2d50d21973_SAR_4740.jpg'}];2026-01-09T14:04:04+01:00
b44e72e7-25c5-4b00-8887-8da9ed6f0b19;Ferienhaus Bütenhüsli;Das Ferienhaus Bütenhüsli ist ein 2-Zimmer Ferienhäuschen in Altnau im schönen Thurgau.;Das Ferienhäuschen liegt Abseits in absoluter Ruhe mit erholsamen Blick über den Bodensee. Es bietet Platz für zwei Personen und ist ein idealer Ort um zur Ruhe zu kommen und die Seele baumeln zu lassen. Eine Idylle zum Wohlfühlen und die Natur vor dem Haus geniessen.;9.2647446;47.6054034;Bütenstrasse 40;8595;Altnau;+41 78 744 59 90;daniela.ebinger@bluewin.ch;http://www.buetenhuesli.ch;[{'@type': 'ImageObject', 'contentUrl': 'https://tgtpimtsoch.sos-ch-dk-2.exoscale-cdn.com/catalog/8/7/5/3/8753adda5907bad5b9b88389892b32e12fdf54df_Altnau_Ferienhaus_B__tenh__sli.jpg'}];2026-07-28T16:45:11+02:00
b86fdf67-30f0-4fde-a8ec-f65b7bc3208d;Hotel Arenenberg;Entdecken, geniessen, feiern, tagen und übernachten.
3-Stern Gartenhotel, Bistro mit Küche nach der Philosophie von Slow Food, grosse Gartenterrasse mit Blick auf Schloss Arenenberg.;<p>Im historischen Ambiente des letzten Kaisers von Frankreich erstrahlen frisch renovierte Tagungsr&auml;ume und Hotelzimmer in neuem Glanz &ndash; mitten im Thurgau, nur wenige Schritte vom Bodensee entfernt. Die lichtdurchfluteten R&auml;ume bieten Platz f&uuml;r Gruppen von 10 bis 350 Personen. Als Rahmenprogramm anerbieten sich der Besuch des Napoleonmuseums, eine Weindegustation oder der genussvolle Teambuilding-Event &laquo;Gourmet-Workshop&raquo;. Schon zu Napoleons Zeiten wurden G&auml;ste f&uuml;rstlich verk&ouml;stigt und beherbergt sowie eigener Wein kultiviert. Heute geniessen Besucher im Bistro mit Garten regionale Gerichte. Im grossen Festsaal &laquo;Probus&raquo; lassen sich hervorragend Ap&eacute;ros und Feste feiern.</p>;9.059739516949243;47.67214905;Arenenberg 1;8268;Salenstein;+41 58 345 80 00;info@arenenberg.ch;https://arenenberg.ch/;[{'@type': 'ImageObject', 'contentUrl': 'https://tgtpimtsoch.sos-ch-dk-2.exoscale-cdn.com/catalog/3/d/3/4/3d345dbea4bcf00a385b88db91dad3c31a35f5e0_Salenstein_Arenenberg_Vogelperspektive.jpg'}];2026-08-26T04:43:50+02:00
c010eda3-4026-42ef-a283-91769b1e4c03;Natur- und Bikehotel Balga;Das Natur- und Bikehotel Balga, ein kleines aber schickes Plätzchen, mitten im Dorfkern von Balgach. Abseits urbaner Hektik. Hier, auf dem Land, ist die Natur unser Lebenselixier. Die Weinberge sind unser Zuhause. Unsere Passion fürs Biken echt. Deshalb sind wir auch ein zertifiziertes 3-Sterne Bikehotel und setzen alles daran, dass ihr euch bei uns wohlfühlt. Ganz nah an der Natur – und zwar das ganze Jahr hindurch.
;<p class="MsoNormal" style="text-align:justify">Unsere Zimmer sind modern und
gemütlich zugleich. Zeitlos und schlicht – mit dem höchsten Schlafkomfort für
unsere Gäste. Eine umfangreiche Bike-Infrastruktur mit Fahrrad-Waschanlage,
E-Bikeladestation, Ersatzteile-Shop, Waschmaschine und Tumbler sowie ein
24-Stunden-Check-in und kostenlose Parkplätze machen den Aufenthalt bei uns im
Balga bequem und einfach. Und dank verschiedenster Zimmerkategorien seid ihr
als Paar, Familie, allein oder mit Freunden bestens versorgt. <o:p></o:p></p><p class="MsoNormal">

</p><p class="MsoNormal" style="text-align:justify">Im hoteleigenen Restaurant Hedwig
servieren wir zum Frühstück ein Buffet aus regionalen Leckereien, mittags gibt
es hausgemachte Menü's und abends naturnahe Gerichte zum Teilen – passend zur
Saison und zum gemeinsamen Geniessen.<o:p></o:p></p>;9.60792;47.40694;Rietstrasse 2;9436;Balgach;+41 71 722 18 61;hallo@hotel-balga.ch;https://hotel-balga.ch/;[{'@type': 'ImageObject', 'contentUrl': 'https://tgtpimtsoch.sos-ch-dk-2.exoscale-cdn.com/catalog/3/c/8/6/3c8693f1e69a2553955b1191d8ce708240bb9b27_Hotel_Balga_9140_web.jpg'}];2026-08-09T07:25:55+02:00
c6dfa5b3-f606-47d9-a838-930796444a47;Hotel Taverne zur Linde;Das traditionelle Speiserestaurant im Städtchen Bischofszell verwöhnt seine Gäste mit schmackhaften Grillspezialitäten vom Holzkohlegrill sowie bodenständigen und gut bürgerlichen Gerichten.;Seit 40 Jahren ist die Linde bekannt für sein gemütliches Ambiente und das aussergewöhnliche Erlebnis vom grilliertem Fleisch auf Holzkohle. Ein saftiges Ribeye vom Grill mit einem schönen Glas Wein, in der Linde in Bischofszell sind besonders Fleischliebhaber bestens aufgehoben. Die liebevoll eingerichteten Speiseräumlichkeiten mit rustikalem Ambiente und die grosse Bar laden zu geselligem Verbleiben ein. Das charmante und gastfreundliche Servicepersonal kümmert sich engagiert um die Wünsche der Gäste. Das zentrale Altstadthaus mitten im alten Stadtkern bietet moderne, freundliche Zimmer mit Wifi TV und Bad.;9.241727432199442;47.493946449999996;Grubplatz 6;9220;Bischofszell;+41 71 422 16 10;info@hotel-zur-linde.ch;http://www.hotel-zur-linde.ch/;[{'@type': 'ImageObject', 'contentUrl': 'https://tgtpimtsoch.sos-ch-dk-2.exoscale-cdn.com/catalog/b/a/3/7/ba371ad6795d99744408eb25482b68a60e581dcc_cropedLinde2024.jpg'}];2026-07-31T21:07:21+02:00
d4531d2e-33dd-416b-b375-00ddb95d086c;Hotel Restaurant Seegarten;Das Hotel Seegarten in Arbon ist seit über dreissig Jahren ein beliebter Treffpunkt für Familie und Freunde von überall her. Eingebettet zwischen dem Naturschutzgebiet, dem internationalen Radweg und dem Bodensee erleben die Gäste Gastfreundschaft, die von Herzen kommt.;Das Hotel bietet verschiedene Zimmerkategorien an, vom normalen Doppelzimmer über das Grand-Lit-Zimmer bis zu Familienzimmer für bis zu vier Personen. Alle 42 modern ausgestattete Zimmer sind Richtung Süden und Westen ausgerichtet. Einige dieser Zimmer verfügen über einen eigenen Balkon oder sind mit einem kleinen privaten Sitzplatz im Parterre ausgestattet. Im Restaurant oder auf der sonnigen Terrasse geniessen die Gäste genussvolle Stunden. Das Küchenteam verarbeitet ausschliesslich regionale Produkte.;9.4215019000001;47.5214864;Seestrasse 66;9320;Arbon;+41 71 447 57 57;info@hotelseegarten.ch;http://www.hotelseegarten.ch/;[{'@type': 'ImageObject', 'contentUrl': 'https://tgtpimtsoch.sos-ch-dk-2.exoscale-cdn.com/catalog/5/6/f/2/56f2b8f26627fef38b8c64f518091f7f538f2f4c_Hotel_Restaurant_Seegarten.jpg'}];2026-09-01T00:40:07+02:00
d8b68557-d4c1-4438-8893-ab1ae8f02d35;Gästewohnung Sustena;Die 5.5-Zimmer-Gästewohnung Sustena liegt ruhig und doch zentral in Bischofszell. Das Altstadthaus liegt ausserhalb des Stadtkerns mit tollem Ausblick auf den Zusammenfluss von Thur und Sitter.;<p>Den G&auml;sten, die das Besondere sch&auml;tzen, wird ein grossz&uuml;giger Wohnkomfort geboten: separater Eingang, Wohn-Terrasse, individuell m&ouml;blierte R&auml;ume, gut ausgestattete K&uuml;che. Die Wohnung befindet sich in einem markanten Altstadthaus und verf&uuml;gt &uuml;ber einen grossen Garten. Ob ein kurzer Aufenthalt f&uuml;r einen Besuch bei Freunden, die Teilnahme an einer Weiterbildung oder erholsame Ferien auf dem Land: Die Wohnung mit eigener Terrasse ist ein ruhiger R&uuml;ckzugsort zum Entspannen. Gleichzeitig eignet sie sich ideal, um die herrliche Umgebung mit ihren vielf&auml;ltigen M&ouml;glichkeiten zum Wandern oder Velofahren kennenzulernen.</p>;9.237070437900423;47.49344375;Thurbruggstrasse 1;9220;Bischofszell;+41 79 281 48 55;bertsch@sustena.ch;http://sustena.ch/;[{'@type': 'ImageObject', 'contentUrl': 'https://tgtpimtsoch.sos-ch-dk-2.exoscale-cdn.com/catalog/a/4/d/f/a4df860b1c9018e1a38a6dc0e4e0736a079a64ea_Haus_bearb.png'}];2026-02-24T16:32:22+01:00
dab0d40d-a1bb-44e8-9a3f-cfc2a786b992;Hotel Buchserhof;Der Buchserhof im Zentrum von Buchs ist der geeignete Ort, um fein zu essen und sich nach einer anstrengenden Fahrt im Hotel zu entspannen. Das familiär geführte Haus legt Wert auf Gastfreundschaft und herzlichen Service. ;Dem Gastgeberehepaar Petra und Andreas Müller ist es ein Anliegen, möglichst saisonale und regionale Gerichte und Zutaten in Ihrer Küche zu verwenden. So bietet die Menükarte für jeden Gast etwas Feines – ebenso ist es mit dem Hotel: in 60 modern eingerichteten Zimmern findet jeder Gast die geeignete Zimmerkategorie, egal ob für eine Nacht oder mehrere, als Einzelperson, Paar oder Familie. ;9.477143181034483;47.16641525;Grünaustrasse 2;9470;Buchs SG;+41 81 755 70 70;info@buchserhof.ch;https://buchserhof.ch/;[{'@type': 'ImageObject', 'contentUrl': 'https://tgtpimtsoch.sos-ch-dk-2.exoscale-cdn.com/catalog/8/b/4/2/8b42dd573615861533b63bbb57d7d2d697953121_Hotel_Buchserhof_Ansicht_2024.jpg'}];2026-08-31T23:40:19+02:00
db98088f-38cc-4ab2-9f4c-4a474c0efb0a;b_smart motel Amriswil;Das b_smart motel in Amriswil besticht durch seine zentrale Lage zwischen Romanshorn und Weinfelden und bietet eine moderne, zeitgemässe Infrastruktur. Gäste sind rund um die Uhr willkommen.;<p>Im b_smart motel entscheiden Gäste dank dem flexiblen Self Check-in-System selbst, wann sie anreisen – ideal für Reisende mit vollem Terminkalender oder spontanen Plänen. Die 20 modernen Zimmer bieten viel Platz zum Entspannen und sind mit allem ausgestattet, was es für einen angenehmen Aufenthalt braucht. Besonderen Komfort bietet der kostenlose Kaffee- und Teeservice, der den Gästen jederzeit zur Verfügung steht. Für zusätzliche Erfrischungen sorgt die Honesty Bar, an der weitere Getränke gegen Bezahlung angeboten werden. Der Zimmerpreis beinhaltet nicht nur die Übernachtung, sondern auch ein reichhaltiges Frühstück, kostenloses Highspeed-WLAN im gesamten Motel sowie kostenfreie Parkplätze direkt vor Ort. Dank der optimalen Lage im Herzen des Thurgaus ist das b_smart motel ein idealer Ausgangspunkt für Geschäftsreisen oder entspannte Freizeitaktivitäten.</p>;9.2986768;47.5451054;Weinfelderstrasse 71;8580;Amriswil;+41715112722;sales@b-smarts.net;https://www.b-smarts.net/amriswil;[{'@type': 'ImageObject', 'contentUrl': 'https://tgtpimtsoch.sos-ch-dk-2.exoscale-cdn.com/catalog/b/8/3/4/b83463ad086174f31151296def7ec174502b7ebc_Visualisierung_hohe_Aufl__sung__1_.jpg'}];2026-08-06T17:47:52+02:00
def11146-9f4e-4744-9824-00beb3932a63;Hotel & Restaurant Nollen;Das Hotel & Restaurant Nollen liegt an schönster Lage auf 733 Meter über Meer. Bei klarer Sicht geniessen die Gäste einen fantastischen Blick auf den Bodensee und die Alpen.;Im Hotel &amp; Restaurant Nollen kann man in einem der 14 Zimmern mit fantastischem Blick auf die Alpen übernachten. Für viele Aktivitäten und Ausflugsmöglichkeiten ist der Nollen ein idealer Ausgangspunkt. Zu jeder Jahreszeit können Sportbegeisterte in der freien Natur rund um den Nollen aktiv werden. Spazieren, Schuhe ausziehen und den Barfussweg entdecken oder Mountainbiken, sind nur einige der Aktivitäten, die hier ausgeübt werden können. 

Zwei verschiedene Restaurant-Konzepte, sowie der grosse Festsaal sind bei Genussliebhabern sehr angesagt. Insbesondere das Grillstübli mit seinen Dry-Age-Fleischspezialitäten lässt das Herz jedes Fleischliebhabers höher schlagen. Im Panorama-Restaurant werden unter anderem fleischlose Gerichte, sowie kreative Menükreationen gezaubert und für Vereine auch mal was «Einfaches» und «Herzhaftes» serviert.;9.122369643826412;47.492628838898;Am Nollen 1;9515;Hosenruck;+41 71 521 31 41;info@giusisnollen.ch;https://giusisnollen.ch/;[{'@type': 'ImageObject', 'contentUrl': 'https://tgtpimtsoch.sos-ch-dk-2.exoscale-cdn.com/catalog/b/0/8/d/b08dc156caa99c6b0001652d4a03e7d2334a1f6f_Hosenruck_Nollen_2.jpg'}];2026-05-21T10:21:17+02:00
e3f0de19-c010-48c3-bc32-c027c9985201;Ferienstudio «Altes Zollhaus»;Das Ferienstudio «Altes Zollhaus» liegt in Uttwil nur wenige Schritte vom Bodensee entfernt und erfreut Gäste mit Blick aufs Wasser. Der Ausgangspunkt für Ausflüge in die Bodenseeregion per Schiff, Kanu, Velo oder zu Fuss liegt direkt vor der Haustür.;Das «Altes Zollhaus» in Uttwil bietet eine gemütliche Unterkunft mit vielen Annehmlichkeiten. Gäste haben Zugang zu einem Autoabstellplatz sowie einer abschliessbaren Fahrradbox mit Stromanschluss. Der nahe gelegene Bahnhof ist bequem zu Fuss erreichbar.

Der Aussenbereich lädt mit einem einladenden Sitzplatz zum Verweilen ein, während das leckere Frühstück genossen wird. Das Studio ist eine Nichtraucherzone und verfügt über einen einfachen Check-in.

Die Gastgeber sind zwei humorvolle, offene und hilfsbereite Personen, die im selben Gebäude wohnen. Der separate Eingang über eine Aussenwendeltreppe führt direkt in die gemütliche und gut ausgestattete Wohnküche. Dort stehen ein Mikrowellengerät sowie eine Kapselkaffeemaschine mit einer Auswahl an Kapseln pro Übernachtungstag zur Verfügung. Es gibt auch eine Auswahl an Gewürzen, Tee, Essig und Öl.

Im Wohnbereich gibt es eine einladende Sitzecke. Das Schlafzimmer bietet zwei Betten (90x200), die zu einem Doppelbett zusammengestellt oder einzeln genutzt werden können. Es gibt ausreichend Stau- und Ablageflächen sowie Verdunklungsvorhänge und Insektengitter in allen Räumen.

Das Badezimmer verfügt über eine geräumige, begehbare Dusche, einen Spiegelschrank, einen Haartrockner, ein Lavabo und eine Toilette. Zur Unterhaltung stehen WLAN und ein Fernsehgerät zur Verfügung.

Es gelten gesetzliche Ruhezeiten, und die Unterkunft ist keine Partylocation. Haustiere sind nicht erlaubt.;9.343668099999999;47.58545205;Badgasse 2;8592;Uttwil;+41793840030;susanneguerra@bluewin.ch;https://ferienstudio-altes-zollhaus-uttwil.ch/;[{'@type': 'ImageObject', 'contentUrl': 'https://tgtpimtsoch.sos-ch-dk-2.exoscale-cdn.com/catalog/7/2/6/b/726b6affdbf8e73950160f2cfe92d1f46a5e16e4_IMG_8230.jpg'}];2026-03-16T11:17:08+01:00
e923a722-8594-41ef-8a45-9caae54cec17;Gasthaus Schupfen;Ein echter Geheimtipp am Rhein ist das Gasthaus Schupfen. Hier begegnen sich Kulinarik, Genuss und die schöne Thurgauer Landschaft.;Erstklassige, gartenfrische und naturbelassene Küchengenüsse erwarten den Feinschmecker im Restaurant Schupfen. Der Schupfen ist ein Anwesen mit über 650-jähriger Geschichte. Im zauberhaften Ambiente, direkt am Rheinufer geniesst man frische, am Lauf der Jahreszeiten orientierte Spezialitäten aus regionaler Herkunft. Den Ausblick und den Augenblick geniessen, essen, trinken und glücklich sein in naturnaher Atmosphäre.;8.7854282;47.6752685;Steinerstrasse 501;8253;Diessenhofen;+41 52 657 10 42;info@schupfen.ch;http://schupfen.ch/;[{'@type': 'ImageObject', 'contentUrl': 'https://tgtpimtsoch.sos-ch-dk-2.exoscale-cdn.com/catalog/c/e/a/1/cea1b487259a2b067fdf04f531a5653283b5f501_DSC03792.jpg'}];2026-02-02T15:28:32+01:00
eb134a6f-b4ec-4e72-8150-0eb788c59b92;Haus MiLu;Die schöne Mansarden-Ferienwohnung liegt zentral in einem ruhigen Einfamilienhausquartier in Arbon. Zu Fuss ist der See, die Altstadt, Museen und Einkaufmöglichkeiten leicht zu erreichen.;Die Gäste bewohnen die gemütliche Mansarden-Wohnung im Dachgeschoss mit separatem Eingang. Die Wohnung verfügt über einen hellen Wohnbereich mit Alpsteinblick, gratis WLAN, einem Fernseher mit Videogerät, einer offenen, gut ausgestatteten Küche mit Essbereich, zwei grosszügige Schlafzimmer für insgesamt 2 bis 4 Personen mit separatem Waschbecken und Dusche/WC. 

Zusätzlich ist ein kleiner Balkon (Raucher) im Treppenhaus und der Vorgartensitzplatz für die Gäste reserviert. Es steht ein Parkplatz und Veloabstellplatz zur Verfügung.

Neu ab Mai 2024: Ladestation für E-Autos und E-Bikes direkt beim Haus.;9.422192571869228;47.51663565611983;Alpsteinstrasse 3;9320;Arbon;+41795847204;miriam.federici@sunrise.ch;https://www.hausmilu.ch/;[{'@type': 'ImageObject', 'contentUrl': 'https://tgtpimtsoch.sos-ch-dk-2.exoscale-cdn.com/catalog/e/b/c/3/ebc3e39ffdfc45093d41b92bd51bde138403abc9_Arbon_Haus_MiLu_1.png'}];2026-02-25T10:18:09+01:00
f0ec8dab-eda6-4197-8952-79392bb75001;Bed & Breakfast Rosenstrasse;Das Bed & Breakfast Rosenstrasse ist eine ruhige, schön eingerichtete Unterkunft. Eingebettet in einen Garten liegt sie zentral im schmucken Thurgauer Städtchen Weinfelden. Zum Bahnhof sind’s nur fünf Minuten zu Fuss.;Im Herzen des Thurgaus, am Fusse des Ottenbergs, liegt Weinfelden. Wie der Name schon sagt, wird hier Wein produziert – sehr guter noch dazu. Das Städtchen mit seinen vielen Riegelhäusern ist klein und süss und guter Ausgangspunkt in alle Richtungen des Thurgaus. Das Bed & Breakfast «Rosenstrasse» bietet zwei liebevoll eingerichtete Zimmer an ruhiger, zentraler Lage mit separatem Eingang, wo ein kleines Biotop mit Sitzplatz grüsst. Die Wohnung verfügt über eine kleine Küchenzeile ohne Herd. Toilette und Dusche werden gemeinschaftlich genutzt. Ins Dorfzentrum oder an den Bahnhof sind es nur 5 Minuten zu Fuss. Ab hier startet auch der Weinfelder Weinweg, der den Weinbau und die edlen Tropfen der Region aus einem Weinsafe erlebbar macht. In 40 Minuten ist der Flughafen Zürich mit dem Zug erreichbar. An den Bodensee oder ins Deutsche Konstanz geht’s in 20 Minuten ab Weinfelden.;9.1097205;47.5635809;Rosenstrasse 6;8570;Weinfelden;+41 78 640 63 03;rosenstrasse.bnb@gmail.com;[{'@type': 'ImageObject', 'contentUrl': 'https://tgtpimtsoch.sos-ch-dk-2.exoscale-cdn.com/catalog/0/f/6/2/0f62be31825890027b49cd4fb7a08cbfafe7452f_Weinfelden_BnB_Rosenstrasse_Eingang.jpg'}];2026-03-17T09:22:47+01:00
f6a55459-c0b9-4e38-8e84-c3f853beb244;Hotel Kreuzlingen am Hafen;Das Hotel Kreuzlingen am Hafen, 5 Gehminuten von der Konstanzer Altstadt entfernt, liegt an den Ufern des Bodensees und geniesst eine malerische Umgebung mit Parklandschaft und maritimem Flair.;Direkt vor dem Hotel stehen den Gästen kostenlose Parkplätze zur Verfügung. In wenigen Gehminuten kann das Shopping-Center Lago, diverse Restaurants auf Schweizer und Deutscher Seite oder auch Sehenswürdigkeiten erreicht werden. Die Nähe zum Kreuzlinger und Konstanzer Hafen bietet hervorragende Möglichkeiten, Bootsfahrten oder Messebesuche in Friedrichshafen zu unternehmen. Das Hotel Kreuzlingen am Hafen liegt mitten in einem gut ausgebauten Netz öffentlicher Verkehrsmittel. Anreisende mit dem Zug oder Bus erreichen das Hotel vom Hafenbahnhof in ca. 2 Min zu Fuss.

Der stilvolle Vanillaroom und die gedeckte Terrasse vor dem Haus sind ideale Rückzugs- und Entspannungsorte. Wo morgens das Frühstück serviert wird, verwandelt sich abends der Vanillaroom in eine Lounge mit Barbetrieb. Eine Karte mit ausgewählten Weinen, Cocktails und feinen, hausgemachten Snacks lädt zum Apéro oder geselligen Zusammensein ein. Für Spätanreisende werden warme Speisen bis Mitternacht angeboten.;9.1802143;47.6510751;Seestrasse 50;8280;Kreuzlingen;0716778899;welcome@hotel-kreuzlingen.ch;http://www.hotel-kreuzlingen.ch/;[{'@type': 'ImageObject', 'contentUrl': 'https://tgtpimtsoch.sos-ch-dk-2.exoscale-cdn.com/catalog/9/f/4/b/9f4b52dda2116bf5d25a1f3f41f5509517ddda53_1_Front_aussen_Homepage_sept._17_vvvv__2.jpg'}];2026-09-01T00:39:04+02:00
f94df0e8-fc2b-4b0b-ba7b-6c202cfe7668;Gartenbungalow in Arbon;Der hübsche kleine Holzbungalow liegt in einem grünen Einfamilienhausgarten im ruhigen Arboner Bergliquartier. Die historische Altstadt oder das idyllische Bodenseeufer erreicht man in rund fünfzehn Minuten zu Fuss.;Diese freistehende kleine Ferienwohnung ist dank zwei Fensterfronten lichtdurchflutet und erfreut mit Blick in einen grosszügigen wilden Garten. Ein eigener Sitzplatz gegen Süden, viel Holz im Innern und aussen sowie eine stilvolle Einrichtung laden zu gemütlichen Stunden fernab der Alltagshektik ein. Im Schlafzimmer mit Doppelbett und im Wohnzimmer mit Schlafsofa finden bis zu vier Personen Platz. Eine gut ausgerüstete Küchenzeile, Essecke und Badezimmer, gratis Parkplatz und WLAN stehen Feriengästen zur Verfügung. Zwei Klappfahrräder laden zu Entdeckungen der Region ein, Kinderspielzeug zur Mitbenutzung unterhält die kleineren Besuchenden. ;9.420200354172895;47.516425749999996;Berglistr. 78a;9320;Arbon;+41792188382;b.mangold@bluewin.ch;[{'@type': 'ImageObject', 'contentUrl': 'https://tgtpimtsoch.sos-ch-dk-2.exoscale-cdn.com/catalog/c/5/7/2/c572624f097533db6041695451b3cd26800b4dd8_20220612_115607__2.png'}];2026-03-30T16:35:56+02:00
fbe1357c-cc2b-40c5-bdf7-55ddd19bde74;Jacob 1808 – historische Stadtappartements;Nächtigen wie ein Gemeindeammann oder Tuchhändler im 18. Jahrhundert? Die fünf Ferienwohnungen Jacob 1808 in zwei denkmalgeschützten Häusern im Kern Bischofszell machen’s möglich und überraschen mit einer Interieur-Mischung aus modernen Designklassikern und knarrenden Holzdielen.;Mitten im historischen Barockstädtchen Bischofszell liegen in zwei Häusern die fünf grosszügigen Ferienwohnungen Jacob 1808 für zwei bis vier Personen. Sie waren Heimat von Tuchhändlern, Sattlermeistern, von Wirtsleuten und sogar von Bischofszeller Gemeindeammännern. Dieses historische Erbe und damit die Seele der Häuser, blieb beim sorgfältigen Umbau mit Hilfe vom Amt für Denkmalpflege erhalten. Statt trennender Mauern wurden zwischen den beiden Häusern Durchgänge geschaffen, so dass sie sich als einheitliches Ganzes präsentieren. Historische Klostertonfliesen, knarzende Dielen, beeindruckende Stuckaturdecken und Holztäfer, gepaart mit modernen Möbeln, Bädern und Küchen ergeben eine wunderbare Komposition aus historischen Elementen und stilvollem zeitgenössischem Komfort. ;9.2415302;47.4939961;Grubplatz 10;9220;Bischofszell;+41799291256;welcome@jacob1808.ch;https://www.jacob1808.ch;[{'@type': 'ImageObject', 'contentUrl': 'https://tgtpimtsoch.sos-ch-dk-2.exoscale-cdn.com/catalog/8/a/b/5/8ab510c541f763154f289f96cdaec36504aeb722_20221217_133446_DSC_4868.jpg'}];2026-03-17T09:34:23+01:00
