{"type": "FeatureCollection", "features": [{"type": "Feature", "properties": {"identifier": "0081c642-714e-4353-9be1-070c133e01f5", "name": "Villa Mon Repos Bed & Breakfast", "description": "<p>Der Charme der denkmalgesch&uuml;tzten Villa &uuml;berzeugt: Nostalgische M&ouml;bel, Jugendstillavabos und antike Fliesen sorgen f&uuml;r das entsprechende Ambiente. Die Unterkunft in Aadorf ist f&uuml;r bis zu vier Personen ausgelegt, Babybett und Kinderbett sind zus&auml;tzlich vorhanden. Ein Park zum Ausruhen oder Entdecken (Kinderfreundlich), eine Bibliothek sowie ein Flipperkasten runden das Angebot ab. Mit hausgemachten Br&ouml;tchen aus dem Holzofen startet man gut in den Tag. Die Region kann zu Fuss oder mit dem Velo entdeckt werden. Ein Besuch der umliegende St&auml;dte und Museen im Dreieck Winterthur-Frauenfeld-Wil lohnt sich ebenfalls. Auch der Rheinfall, der Bodensee oder das Toggenburg sind nur 30 Autominuten entfernt, 2 kostenlose Parkpl&auml;tze sind vorhanden. Der Bahnhof ist nur 3 Gehminuten entfernt, mit guten &Ouml;V-Verbindungen Richtung Z&uuml;rich oder St. Gallen.</p>", "url": "https://www.villamonrepos.ch", "image": "https://tgtpimtsoch.sos-ch-dk-2.exoscale-cdn.com/catalog/c/8/6/e/c86e48b961c57b70418bd713ac6ee2c31d301503_Titelbild_Herbst_Villa_Mon_Repos_S__den_quer.JPEG", "openstreetmap_id": "node/9413518756"}, "geometry": {"type": "Point", "coordinates": ["8.906535208225252", "47.487468255181916"]}}, {"type": "Feature", "properties": {"identifier": "024aa6fb-d01d-4a0c-85e7-334085494d20", "name": "Haus Frida", "description": "<p>Haus Frida in Altnau ist ein neu erbautes Ferienhaus &nbsp;und bietet auf 56 m2 Platz f&uuml;r 2 bis 3 Personen. Die Unterkunft &uuml;berzeugt mit einer warmen, gem&uuml;tlichen Atmosph&auml;re und ruhiger Lage am Bodensee. Zur Ausstattung geh&ouml;ren eine voll ausgestattete K&uuml;che, ein Arvenbett, ein separates Schlafzimmer oder Arbeitszimmer mit kleinem Schreibtisch sowie eine grossz&uuml;gige Terrasse mit Naturgarten und Gartenm&ouml;beln. Teilweise Seesicht unterstreicht die besondere Lage. WLAN mit Glasfaser und TV sind vorhanden. Direkt vor dem Haus beginnen Fahrrad- und Wanderwege entlang des Bodensees und durch die typische Thurgauer Landschaft mit Obstg&auml;rten und charmanten Uferorten. Altnau verf&uuml;gt &uuml;ber Einkaufsm&ouml;glichkeiten sowie Anschl&uuml;sse an Bahn und Postauto. Haus Frida ist ein ruhiger R&uuml;ckzugsort f&uuml;r Erholung in naturnaher Umgebung. Haustiere sind nicht erlaubt.</p>", "image": "https://tgtpimtsoch.sos-ch-dk-2.exoscale-cdn.com/catalog/1/3/3/9/1339ad8da3f6fd67fcef0ce1cf889f3ce9406ce2_S__dansicht.jpg", "openstreetmap_id": "way/39195745"}, "geometry": {"type": "Point", "coordinates": ["9.2583505", "47.6161405"]}}, {"type": "Feature", "properties": {"identifier": "05399507-382d-420b-a794-fbd6130ec467", "name": "Theaterhaus Thurgau", "description": "<p>Das Theaterhaus Thurgau bietet ein vielf&auml;ltiges Programm mit einem Schwerpunkt auf Theaterangeboten f&uuml;r Kinder und Jugendliche. Neben den Eigenproduktionen der b&uuml;hni wyfelde und des theagovia theaters organisiert das Theater Bilitz spannende Veranstaltungsreihen und Kurse. F&uuml;r Erwachsene gibt es regelm&auml;ssig Gastspiele, die vom Kulturverein Frohsinn pr&auml;sentiert werden. Das Gesamtprogramm erscheint drei- bis viermal j&auml;hrlich und ist auf der Webseite des Theaterhauses abrufbar. Dar&uuml;ber hinaus kann das Theaterhaus f&uuml;r verschiedene Anl&auml;sse gemietet werden. Zur Verf&uuml;gung stehen ein Theatersaal mit B&uuml;hne und Trib&uuml;ne, ein Proberaum sowie ein Foyer mit Bar.</p>", "url": "http://www.theaterhausthurgau.ch", "image": "https://tgtpimtsoch.sos-ch-dk-2.exoscale-cdn.com/catalog/7/b/4/c/7b4cd339d87668f119fded1ae613059bf4fc5e5f_THT_M_01_Kopie.jpg", "openstreetmap_id": "node/894577974"}, "geometry": {"type": "Point", "coordinates": ["9.1034238", "47.5676321"]}}, {"type": "Feature", "properties": {"identifier": "05b07de1-47b6-473f-9f8e-2195e96d8822", "name": "Gottlieber Seecaf\u00e9 & Manufakturladen", "description": "F\u00fcr viele Schokoladen- und Spezialit\u00e4tenliebhaber gelten Gottlieber H\u00fcppen und Gottlieber Produkte als feinste Leckerbissen. Sie geh\u00f6ren zum kulinarischen Erbe der Schweiz. Die bekannte Gottlieber Konditorkunst wird im inhabergef\u00fchrten Manufakturbetrieb gepflegt und stetig verfeinert. Die hauchzarten warmen Cr\u00eapes, nicht dicker als 0,7 mm, werden immer noch wie fr\u00fcher einzeln gebacken und einzeln wie das Blatt einer wertvollen Havanna-Zigarre gerollt. Das geschieht ganz vorsichtig und genau, wie von Hand.\n\nIm Gottlieber Seecaf\u00e9 mit Manufakturladen k\u00f6nnen s\u00e4mtliche Gottlieber Spezialit\u00e4ten wie H\u00fcppen, Cacaomandeln und Schokolade eingekauft werden. Gem\u00fctliche Momente erleben die Besucher in sch\u00f6nem Ambiente auf der wundersch\u00f6nen Seeterrasse bei einem k\u00fchlen Bier, Champagner oder einem guten Glas Wein. Aber auch an nebligen Herbst- und Wintertagen k\u00f6nnen G\u00e4ste die Seele baumeln lassen und das fliessende Wasser des Seerheins bei einer heissen und duftenden Tasse Kaffee beobachten.", "url": "https://www.gottlieber.ch/de/shops-cafes/seecafe-gottlieben", "image": "https://tgtpimtsoch.sos-ch-dk-2.exoscale-cdn.com/catalog/e/6/1/3/e613ceac5571fddba07dc75be1abeb4883d56564_Titelbild_Seecafe.jpg", "openstreetmap_id": "node/503492050"}, "geometry": {"type": "Point", "coordinates": ["9.1323091", "47.6650975"]}}, {"type": "Feature", "properties": {"identifier": "05b4fb3c-a047-48b3-884c-0722751b9c70", "name": "Veloverleih Regivelo.ch", "description": "Rund 80 Regivelos sind in der Region Kreuzlingen unterwegs: In den Gemeinden Bottighofen, Kreuzlingen, Lengwil, M\u00fcnsterlingen und T\u00e4gerwilen k\u00f6nnen sie an 20 Stationen ausgeliehen und wieder abgestellt werden. Die Mietstationen sind so positioniert, dass sich die Fahrten auf den honiggelben E-Bikes und Fahrr\u00e4dern optimal mit dem \u00f6ffentlichen Verkehr verbinden lassen. Das Mieten der Regivelos funktioniert \u00fcber das System von Donkey Republic, das bereits in anderen Schweizer St\u00e4dten erfolgreich im Einsatz ist. Einloggen, mieten und auf zu Entdeckungen in der Bodenseeregion.", "url": "https://www.regivelo.ch", "image": "https://tgtpimtsoch.sos-ch-dk-2.exoscale-cdn.com/catalog/0/f/0/8/0f081b284e1ef9f87b2a149ccc8d9201e20161db_2_ekke_fuchs_regivelo.jpg", "openstreetmap_id": "way/136911160"}, "geometry": {"type": "Point", "coordinates": ["9.174692430236657", "47.6485486"]}}, {"type": "Feature", "properties": {"identifier": "060e294f-e9da-46ca-b803-1769c0a7fc10", "name": "Landgasthof Werdenberg", "description": "Der Landgasthof Werdenberg ist bekannt f\u00fcr seine verschiedenen Dekorationen und das faire Preis-Leistungs-Verh\u00e4ltnis bei den Gerichten. Geniessen Sie gut b\u00fcrgerliche K\u00fcche oder eine feine Pizza. Im Winter gibt es im Fonduest\u00fcbli auf Vorbestellung Raclette und Fondue. Dasselbe faire Preis-Leistungs-Verh\u00e4ltnis bietet der Landgasthof auch bei den 30 Zimmern, welche mit Fr\u00fchst\u00fcck buchbar sind. ", "image": "https://tgtpimtsoch.sos-ch-dk-2.exoscale-cdn.com/catalog/2/9/2/e/292eafcc624cdbf08d8b880c9f9243527b4fdefe_Hotel_Landgasthof_2024.png", "openstreetmap_id": "way/46332022"}, "geometry": {"type": "Point", "coordinates": ["9.463164978368201", "47.1696999"]}}, {"type": "Feature", "properties": {"identifier": "06285842-b429-471c-87a4-bfb929442687", "name": "Badi Mannenbach", "description": "<p>Direkt am Ufer des Untersees gelegen, bietet die Badi einen attraktiven Badeplatz. Die gepflegte Anlage verf&uuml;gt &uuml;ber eine Liegewiese, einen direkten Zugang zum Bodensee sowie eine Badeinsel im Wasser. Die naturnahe Umgebung und die ruhige Lage am See sorgen f&uuml;r ein erholsames Ambiente.</p><p>Zur Infrastruktur geh&ouml;ren eine Umkleidekabine, eine Dusche, ein Kinderspielplatz sowie eine Grillstelle. Die Kombination aus Badeplatz, Familienfreundlichkeit und unmittelbarer Seen&auml;he macht die Anlage zu einem beliebten Ausflugsziel am Untersee. Die Aussicht auf die Wasserlandschaft und die entspannte Atmosph&auml;re unterstreichen den besonderen Charakter dieses Ortes. Die Badi Mannenbach verbindet Erholung, Naturerlebnis und Badevergn&uuml;gen am Bodensee und ist ein attraktiver Treffpunkt f&uuml;r Einheimische und G&auml;ste.</p>", "image": "https://tgtpimtsoch.sos-ch-dk-2.exoscale-cdn.com/catalog/6/5/c/8/65c8aa6936b9f0e2dbf5dc4506a307e49ea2320b_small__Mannenbach_Badi_Grillstelle.jpg", "openstreetmap_id": "node/6031835223"}, "geometry": {"type": "Point", "coordinates": ["9.047976136207582", "47.67343948361242"]}}, {"type": "Feature", "properties": {"identifier": "06354418-3b46-41cc-9496-7fc6e674864d", "name": "Weingut T\u00fcrmliwy", "description": "Bereits in der vierten Generation bewirtschaftet Familie L\u00f6pfe den idyllisch gelegenen Hof Thalacker in Buchackern. Rund um das Anwesen wachsen \u00fcber drei Hektaren Reben, die mit viel Liebe, Sachverstand und in Verbundenheit mit der Natur gepflegt werden. Die umsichtige Anbauweise spiegelt sich auch in der Qualit\u00e4t der T\u00fcrmlyprodukte wieder: Die preisgekr\u00f6nten Weine \u00fcberzeugen mit ehrlichem Stil, klarem Geschmack und einer geraden Linie. An Degustationstagen, kleinen Festen bis zu 20 Personen oder Degustationen mit Rebbergf\u00fchrungen entdecken G\u00e4ste das Weingut und kommen in den Genuss der edlen Tropfen, die es hervorbringt. Eine Freude f\u00fcr Herz und Gaumen f\u00fcr alle Weinliebhabenden.", "url": "https://www.tuermliwy.ch/", "image": "https://tgtpimtsoch.sos-ch-dk-2.exoscale-cdn.com/catalog/c/8/a/6/c8a6e1815194c4c5d0f79c8a8501ad1db5bb4a53_IMG_3514.JPG", "openstreetmap_id": "node/3523611852"}, "geometry": {"type": "Point", "coordinates": ["9.224717617034914", "47.53880347298692"]}}, {"type": "Feature", "properties": {"identifier": "06ac682f-23ad-431f-8c66-eb71c2704f81", "name": "Str\u00e4hl K\u00e4se", "description": "Was 1934 als Einmann-Betrieb begonnen hatt, entwickelte sich bis heute zu einem dynamischen Familienunternehmen mit rund 70 Mitarbeitenden. Das handwerkliche Geschick steht im Vordergrund, wenn es darum geht, die verschiedenen K\u00e4se-Spezialit\u00e4ten mit aufw\u00e4ndiger Pflege zum optimalen Reifegrad zu begleiten. Die meisten K\u00e4sesorten kennt man weit \u00fcber die Kantonsgrenze. Kein Wunder, denn t\u00e4glich werden im kleinen Dorf bis zu 150'000 Liter Thurgauer Kuhmilch zu feinem K\u00e4se verarbeitet.\n\nProdukte\nDie \u00e4ltere Generation erinnert sich noch an den \u00abStr\u00e4hl-Ch\u00e4s\u00bb \u2013 so nannten die Thurgauer den gr\u00fcnen Tilsiter. Heute trifft man in fast allen guten K\u00e4sevitrinen auf viele weitere Spezialit\u00e4ten mit Namen wie Thurgauer Rahmk\u00e4se, Echter Thurgauer, Bonaparte, Bonapepe, Arenenberger, Farmer, Landrauchk\u00e4se, Valbella K\u00fcmmelk\u00e4se oder ausgezeichneter Raclette-K\u00e4se in 4 Sorten.", "url": "https://www.straehl.ch", "image": "https://tgtpimtsoch.sos-ch-dk-2.exoscale-cdn.com/catalog/8/4/3/8/84386785380514f095364e74965596f293661bfb_Str__hl_K__se_AG_K__sekeller_mit_Person.jpg", "openstreetmap_id": "4171946489.0"}, "geometry": {"type": "Point", "coordinates": ["9.1676012", "47.6109626"]}}, {"type": "Feature", "properties": {"identifier": "0782c247-7582-42dd-94ab-a3b6d5b292ec", "name": "Hotel und Restaurant 1802", "description": "<p>Geniessen am Rhein: Im historischen Fachwerkhaus l&auml;dt das Restaurant 1802 zu einem echten Genussmoment ein. Regionale Zutaten, moderne K&uuml;che und herzliche Gastfreundschaft sorgen f&uuml;r ein kulinarisches Erlebnis, das in Erinnerung bleibt. Im Hotel 1802 verbinden sich moderne Architektur und entspannte Atmosph&auml;re zu einem Ort des Komforts und der Erholung - ideal f&uuml;r Gesch&auml;ftsreisende, Seminarteilnehmende und G&auml;ste, die Entspannung an einem idyllischen Ort suchen. Der Name 1802 ist eine Hommage an das Gr&uuml;ndungsjahr der Georg Fischer AG und damit an den Ursprung der Stiftung Paradies, die diesen besonderen Ort tr&auml;gt - ein Ort, an dem Tradition, Nachhaltigkeit und moderne Lebensart harmonisch verschmelzen.</p>", "url": "https://www.1802.ch/de.html", "image": "https://tgtpimtsoch.sos-ch-dk-2.exoscale-cdn.com/catalog/3/6/7/7/367702545532b0afc815f8bc76513e59734ce602_1802_homepage_hero__2.jpg", "openstreetmap_id": "way/449829052"}, "geometry": {"type": "Point", "coordinates": ["8.671319", "47.6840649"]}}, {"type": "Feature", "properties": {"identifier": "07ce4704-f03d-4161-b6f5-b44f5323f929", "name": "Seeeule-Bodensee-Charter", "description": "Mit den Booten Invictus 280 CX und Invictus 200 FX kann eine unvergessliche Zeit gepaart mit einem hochklassigen Service auf dem wundervollen Bodensee genossen werden. Ob ein Tag voller Action mit Wassersport, ein romantischer Sundowner oder \u00fcber mehrere Tage ein wundervoller Urlaub am und auf dem Bodensee gemacht werden soll, mit der Seeeule-Bodensee-Charter findet jeder das passende Boot zum mieten. Zus\u00e4tzlich kann ein massgeschneiderter \u00abRundum\u2013Service\u00bb und Wassersportzubeh\u00f6r, wie Wakeboard, Tubes oder ein Bananaboot dazu gebucht werden. Dem Seeeulen-Team ist es eine Herzensangelegenheit die W\u00fcnsche ihrer G\u00e4ste zu erf\u00fcllen.&nbsp;", "url": "https://seeeule-bodensee-charter.ch/", "image": "https://tgtpimtsoch.sos-ch-dk-2.exoscale-cdn.com/catalog/e/d/e/d/eded4f8c98fbe81b5ac30346c43eb1d360317322_M__llheim_Seeeule_Bodensee_Charter_Invictus.jpeg", "openstreetmap_id": "8424843026.0"}, "geometry": {"type": "Point", "coordinates": ["9.1971432", "47.6474233"]}}, {"type": "Feature", "properties": {"identifier": "07f21f72-2e02-41a0-8b45-f1b4864c1aef", "name": "Giusis Restaurant & Palaver Bar", "description": "<p data-start=\"348\" data-end=\"607\">Giusis Restaurant begeistert mit frischer, saisonaler K&uuml;che und einer einmaligen Atmosph&auml;re. Der kulinarische Geheimtipp im Herzen von Amriswil liegt nur wenige Schritte vom Bahnhof entfernt &ndash; ideal f&uuml;r G&auml;ste, die nachhaltig mit dem Zug in den Thurgau reisen. Das stilvolle, gem&uuml;tliche Ambiente, die herzliche Gastfreundschaft und die feinen Gerichte aus regionalen Zutaten lassen den Alltag vergessen. Ob f&uuml;r die Mittagspause, einen entspannten Abend oder eine Familienfeier &ndash; im Giusis in Amriswil findet man f&uuml;r jede Gelegenheit das passende kulinarische Erlebnis.&nbsp;Die vielseitigen R&auml;umlichkeiten eignen sich perfekt f&uuml;r unvergessliche Momente &ndash; sei es ein Ausflug mit der Familie oder ein festlicher Anlass. An warmen Tagen l&auml;dt die idyllische Gartenterrasse zum Verweilen ein. Direkt nebenan &uuml;berrascht die stilvolle Palaver Bar mit einer feinen Auswahl an erlesenen Weinen. Ob ein Glas nach Feierabend oder eine exklusive Weinverkostung &ndash; hier kommen alle auf ihre Kosten, die Wein lieben.</p>", "url": "https://www.giusisamriswil.ch", "image": "https://tgtpimtsoch.sos-ch-dk-2.exoscale-cdn.com/catalog/8/2/4/f/824f06a5d5371d7e331b843ab8236b0464ba0dcf_Bild_Amriswil.jpg", "openstreetmap_id": "way/279350590"}, "geometry": {"type": "Point", "coordinates": ["9.302375", "47.5494085"]}}, {"type": "Feature", "properties": {"identifier": "080963d0-9350-4826-9441-28dab02c2056", "name": "US-MEX Terraza Kreuzlingen", "description": "In der grossz\u00fcgigen Strandbar direkt am Bodensee und an der Grenze zu Deutschland lassen sich die Sommertage und lauen Sommern\u00e4chte genussvoll erleben und den Alltag vergessen. Es erwarten die G\u00e4ste erfrischende Ap\u00e9ros und s\u00fcffige Drinks bei unvergesslichen Sonnenunterg\u00e4ngen. Nat\u00fcrlich im gewohnten US-MEX Style: Grossz\u00fcgige Portionen zu fairen Preisen bei hoher Qualit\u00e4t.\n\nDie US-MEX Terraza Kreuzlingen ist von April bis September bei gutem Wetter t\u00e4glich ge\u00f6ffnet. Informationen \u00fcber den \u00d6ffnungsstatus sind auf der Website oder Facebookseite zu finden.\n\nEine weitere US-MEX Terraza ist in Steckborn am Untersee sowie in Frauenfeld an der Murg zu finden. Das dazugeh\u00f6rige US-MEX Restaurant gibt es an vier weiteren Standorten: Frauenfeld, Schaffhausen, St. Gallen, Weinfelden.\n\nHinweis: Das US-MEX ist keine Einl\u00f6sestelle des Thurgau-Gutscheins.", "url": "https://www.usmex.ch/terraza-strandbar/welcome/", "image": "https://tgtpimtsoch.sos-ch-dk-2.exoscale-cdn.com/catalog/d/4/c/5/d4c5488d2a5453dfc9383e2b2e5da659049ec265_usmex_terraza_kreuzlingen_terrasse.jpg", "openstreetmap_id": "node/108817940"}, "geometry": {"type": "Point", "coordinates": ["9.182043671607973", "47.655451937808"]}}, {"type": "Feature", "properties": {"identifier": "09479141-0244-487e-9f23-c0da708aea60", "name": "Biotta ", "description": "In der Biotta Saftmanufaktur im Thurgauischen T\u00e4gerwilen werden direkt gepresste, naturbelassene S\u00e4fte und Smoothies hergestellt. Dabei stehen die biologische Ausrichtung, hohe Qualit\u00e4tsstandards und der Genuss im Vordergrund. Wenn immer m\u00f6glich, bezieht Biotta seine Rohstoffe von lokalen Bauern. Mit den Anbaupartnern in der Region aber auch im Ausland werden langj\u00e4hrige und vertrauensvolle Beziehungen gepflegt. Ergebnis sind geschmackvolle gesunde Frucht- und Gem\u00fcses\u00e4fte, Smoothies, Shots und gar eine nat\u00fcrliche Alternative von Energydrink. \n\nVom Feld in die Flasche und in die Verkaufsregale von Schweizer Superm\u00e4rkten und Drogerien. Die leckeren Biottas\u00e4fte sind auch in diversen Online-Shops erh\u00e4ltlich.", "url": "https://biotta.ch/de/", "image": "https://tgtpimtsoch.sos-ch-dk-2.exoscale-cdn.com/catalog/a/5/1/f/a51f3e34e29976cafd79a7fd9fb75648c9f03f0e_Biotta_Vita_7.png", "openstreetmap_id": "194559103.0"}, "geometry": {"type": "Point", "coordinates": ["9.138273", "47.655565"]}}, {"type": "Feature", "properties": {"identifier": "0b6835b4-cc7c-4fd3-b0ee-070de9453316", "name": "US-MEX Lake House", "description": "<p>Das US-MEX Lake House in Arbon im Kanton Thurgau liegt direkt am Bodensee beim Seeparksaal und steht f&uuml;r unkomplizierten Genuss, Seeblick und entspannte Atmosph&auml;re.</p><p>Aktuell wird der Standort als Warm-Up Betrieb mit Aussenkonzept gef&uuml;hrt: Barcontainer, Foodtruck, gem&uuml;tliche Sitzgelegenheiten und die Terrasse am See machen bereits erlebbar, was sp&auml;ter als festes US-MEX Restaurant und Seeterrasse weitergef&uuml;hrt wird. Der Warm-Up Betrieb ist nur bei sch&ouml;nem Wetter ge&ouml;ffnet.</p><p>Die Lage direkt am Wasser, die Aussicht auf den Bodensee und die N&auml;he zum Seeparksaal machen das US-MEX Lake House zu einem attraktiven Treffpunkt f&uuml;r Einheimische, Ausfl&uuml;gler, Spazierg&auml;nger und G&auml;ste in Arbon. Im Fokus stehen entspannte Sundowner-Stimmung, unkomplizierte US-MEX Kulinarik und eine moderne Gastronomie-Erfahrung am See.</p>", "url": "https://www.usmex-lakehouse.ch", "image": "https://tgtpimtsoch.sos-ch-dk-2.exoscale-cdn.com/catalog/8/8/7/8/88786eb6826aae081bdbe79538fd03e1d9e59682_260716_usmex_lakehouse.jpg", "openstreetmap_id": "way/123850631"}, "geometry": {"type": "Point", "coordinates": ["9.433559", "47.5193278"]}}, {"type": "Feature", "properties": {"identifier": "0cb76187-ff23-42df-bc17-fffaced619c1", "name": "Family-Trail mit Ente Erma", "description": "<p>Der Family-Trail &laquo;Geheimnisvolles Abenteuer mit Ente Erma&raquo; in Ermatingen verbindet Spaziergang, Geschichte und R&auml;tselspass auf einer familienfreundlichen Route von etwa 2 Kilometern (ca. 1 Stunde). Die digital abrufbare Tour startet beim Stedi Hafen Ermatingen, wo &uuml;ber QR-Code Zugang zu den Aufgaben und der Audiof&uuml;hrung erfolgt. An zehn Stationen begleiten Teilnehmende die Ente Erma auf einer Entdeckungsreise und lernen dabei Wissenswertes &uuml;ber Ermatingen und seine Geschichten. Durch das L&ouml;sen von verschiedenen Aufgaben entsteht am Schluss ein kombiniertes L&ouml;sungswort, das gegen eine kleine Belohnung eingel&ouml;st werden kann, etwa in der Badi oder im Rathaus von Ermatingen. Der Trail ist lehrreich und abwechslungsreich, eignet sich f&uuml;r Familien und bietet zugleich einen Einblick in die lokale Kultur- und Ortsgeschichte.</p>", "url": "https://app.smartrails.ch/ermatingen/family-trail", "image": "https://tgtpimtsoch.sos-ch-dk-2.exoscale-cdn.com/catalog/b/b/4/1/bb41f26759b7467d2573ac080555cc7b4cc0b756_Ermatingen_Tante_Erma_Posten9.jpg", "openstreetmap_id": "way/737538913"}, "geometry": {"type": "Point", "coordinates": ["9.084067940711977", "47.66979472719453"]}}, {"type": "Feature", "properties": {"identifier": "0cfb782f-a7b1-4fc6-915a-466e0467fd27", "name": "Tank & Trank ", "description": "Tank & Trank in Mammern am Bodensee ist ein reich best\u00fcckter Tankstellenshop der besonderen Art. Neben einem breiten Sortiment an t\u00e4glichen Gebrauchsartikeln, Getr\u00e4nken und Lebensmitteln finden sich hier auch Leckereien aus der Region wie t\u00e4glich frisches Brot vom Beck, die zarten Caramelh\u00e4ppli \u00abM\u00fcrbel\u00bb oder der fruchtig frische alkoholfreie Apfelschaumwein Tr\u00f6pfel. Der Familienbetrieb in dritter Generation gibt w\u00e4hrend seiner Kiosk-\u00d6ffnungszeiten gerne Ausflugs- und Erlebnistipps f\u00fcr Mammern und die Unterseeregion. Ausserhalb der \u00d6ffnungszeiten steht ein Info-Point f\u00fcr touristische Ausk\u00fcnfte zur Verf\u00fcgung. Leere E-Bike-Akkus k\u00f6nnen hier f\u00fcr 50 Rappen geladen werden. Eine Lounge neben dem Haus und ein St\u00fcbli laden w\u00e4hrenddessen zum Verweilen, St\u00f6bern und zum Zn\u00fcni oder Zvieri ein. Im St\u00fcbli liegen weitere Prospekte der Region auf sowie Geschenkartikel als Mitbringsel f\u00fcr den Besuch. Tank & Trank ist auch Gasdepot und Swisslos-Verkaufsstelle. ", "url": "https://www.tankundtrank.ch", "image": "https://tgtpimtsoch.sos-ch-dk-2.exoscale-cdn.com/catalog/8/8/2/8/88288a89c678afc864eb4ea8e28cf8814d7d5eee_IMG_9752.jpg", "openstreetmap_id": "7334479582.0"}, "geometry": {"type": "Point", "coordinates": ["8.913481", "47.644822"]}}, {"type": "Feature", "properties": {"identifier": "0d855a21-1310-4ba2-b64e-794bcb63b423", "name": "autobau erlebniswelt", "description": "Keine zehn Gehminuten vom Bahnhof Romanshorn entfernt entf\u00fchrt die Autobau Erlebniswelt in das Reich des Automobil-Rennsports. Denkmalgesch\u00fctzte Hallen und der riesige Stahltank eines ehemaligen Tanklagers beherbergen eine imposante Autosammlung. 120 Fahrzeuge d\u00fcrfen im wahrsten Sinne des Wortes hautnah erlebt werden. Praktisch ohne Absperrung bewegen sich Besuchende im Museum frei zwischen den Autos und blicken in die F\u00fchrerkabinen von waschechten Rennautos \u2013 sogar aus der Formel 1. Namen wie Aston Martin, Bugatti, Ferrari, Lamborghini, Maserati, Mercedes oder Porsche sind hier vertreten und lassen die Herzen von Autobegeisterten h\u00f6herschlagen. Namen wie Aston Martin, Ferrari, Lamborghini, Maserati, Mercedes oder Porsche sind hier vertreten und lassen die Herzen von Autobegeisterten h\u00f6herschlagen. \n\nNicht nur Museum, sondern auch Eventlocation am Bodensee ist die Autobau Erlebniswelt und begeistert mit Anl\u00e4ssen, Tagungen oder Feiern im besonderen Industrieambiente. ", "url": "http://www.autobau.ch/", "image": "https://tgtpimtsoch.sos-ch-dk-2.exoscale-cdn.com/catalog/0/5/f/8/05f89f103c345cc638251616bacfab68f1877c7c_rsf_autobau_ausstellung_05_Kopie.jpg", "openstreetmap_id": "4490051106.0"}, "geometry": {"type": "Point", "coordinates": ["9.3761945", "47.5575714"]}}, {"type": "Feature", "properties": {"identifier": "0dc33067-5c29-4c1b-a50c-366f426e2fc1", "name": "Bike Guide Miche", "description": "<p>Miche, der sympathische geb\u00fcrtige Bayer ist ausgebildeter Bike-Guide und f\u00fchrt Velobegeisterte durch seine Wahlheimat, den Thurgau. Von Fahrtechnik-Training, Gruppenf\u00fchrungen \u00fcber Familienrouten, F\u00fchren von Schulklassen bis zu Teamevents oder Workshops f\u00fcr Bike-Service, Reinigung oder Reparaturen unterwegs, hat Miche alles in seinem Repertoire. Bei s\u00e4mtlichen Angeboten kann ein Catering dazu gebucht werden. Die eint\u00e4gige Mostindien-Velotour ist Miches Prunkst\u00fcck und kombiniert alles, wof\u00fcr der Thurgau bekannt ist: Regionale Spezialit\u00e4ten schlemmen im Wasserschloss Hagenwil, Einblicke ins Safthandwerk der Mosterei M\u00f6hl gewinnen und herrliche Aussichten auf dem Seer\u00fccken geniessen ist hier angesagt. Gem\u00fctlichkeit hat bei dieser Tour den Vorrang.</p>", "url": "http://www.bikeguidemiche.ch", "image": "https://tgtpimtsoch.sos-ch-dk-2.exoscale-cdn.com/catalog/7/9/6/b/796bbb670f57669a111e5525b8aa51f0de0de9ce_IMG_4563__2.jpeg", "openstreetmap_id": "node/12299388438"}, "geometry": {"type": "Point", "coordinates": ["9.263039", "47.5613516"]}}, {"type": "Feature", "properties": {"identifier": "10d2a394-db4e-4160-aea6-79348f665450", "name": "Ch\u00e4s Paradies \u2013 Waldfondue \u2013 Erlebnis K\u00e4serei", "description": "Seit 1999 ist es die Leidenschaft des Ch\u00e4s Paradieses den Menschen den Genuss von K\u00e4se n\u00e4her zu bringen. Sei das bei dem originalen Waldfondue, der Erlebnis K\u00e4serei oder einem auf Wunsch massgeschneiderten K\u00e4se-Event. \n\nDas Waldfondue ist zu jeder Jahreszeit ein Hit. Die traditionelle Schweizer Speise wird \u00fcber dem offenen Feuer an einer Location nach Wahl zubereitet. Gerne werden auch Ap\u00e9ropl\u00e4ttli, Gl\u00fchmost oder andere Getr\u00e4nke angeboten. Der Anlass ist ideal f\u00fcr Familienfeste, Schulausfl\u00fcge, Vereinstreffen und Firmenfeiern.\n\nZusammen mit dem K\u00e4sermeister stellen die G\u00e4ste in der mobilen Erlebnis K\u00e4serei ihren eigenen K\u00e4se her. Ob ans Seeufer, in den Wald oder in mitten der Reben, das Ch\u00e4s Paradies kommt an den jeweiligen Lieblingsplatz. Ideal f\u00fcr Schulklassen, Team Building, Firmen- und Vereinsanl\u00e4sse.\n\nNeben den betreuten Events werden auch Bistrofondue-Tische, Caquelonfondue-Sets und Raclette\u00f6fen f\u00fcr gr\u00f6ssere Anl\u00e4sse vermietet.", "url": "http://www.chaes-paradies.ch/", "image": "https://tgtpimtsoch.sos-ch-dk-2.exoscale-cdn.com/catalog/6/1/3/3/61334b2db869f8b88fe02e283b36fa3ec414adb3__MG_8218.jpg", "openstreetmap_id": "node/10092416850"}, "geometry": {"type": "Point", "coordinates": ["8.8889779", "47.5887253"]}}, {"type": "Feature", "properties": {"identifier": "10dabd83-4534-4e12-9134-6f014d2b68ed", "name": "Ranger Senn", "description": "<p>Die gef\u00fchrten Touren bieten eine ideale M\u00f6glichkeit, die Natur in Gruppen bis maximal 20 Personen zu erleben \u2013 sei es bei einem Teamausflug, einer Familienaktivit\u00e4t oder einem Angebot f\u00fcr naturinteressierte Gruppen. Unter fachkundiger Leitung vermittelt Therry Senn auf lebendige Weise faszinierendes Wissen \u00fcber die heimische Tier- und Pflanzenwelt. Jede Exkursion wird individuell geplant und auf die Bed\u00fcrfnisse der Gruppe abgestimmt. So entstehen pers\u00f6nliche, unvergessliche Momente draussen in der Thurgauer Landschaft \u2013 nah an der Natur und mit allen Sinnen erfahrbar.</p>", "url": "https://ranger-senn.ch/", "image": "https://tgtpimtsoch.sos-ch-dk-2.exoscale-cdn.com/catalog/1/9/c/5/19c58ff22bd076620a3083816218dc0f2f087e13_Ranger_Senn_1.jpg", "openstreetmap_id": "node/12759060992"}, "geometry": {"type": "Point", "coordinates": ["8.8557205", "47.537706"]}}, {"type": "Feature", "properties": {"identifier": "12730619-68ac-4f18-b58b-6d2fd374eea5", "name": "Stadtf\u00fchrungen Diessenhofen", "description": "<p>Die Stadtf&uuml;hrungen Diessenhofen umfassen eine Auswahl thematisch unterschiedlicher Rundg&auml;nge zur Geschichte, Architektur und gesellschaftlichen Entwicklung der Stadt. Die historische Altstadt von Diessenhofen bildet den r&auml;umlichen Rahmen der F&uuml;hrungen. Zentrale Orte, pr&auml;gende Bauwerke und ausgew&auml;hlte historische Zusammenh&auml;nge werden sachlich und &uuml;bersichtlich vermittelt. Die F&uuml;hrungen sind sowohl f&uuml;r private Gruppen buchbar als auch an &ouml;ffentlichen Terminen zug&auml;nglich. Die Lage am Rhein hat die Entwicklung des St&auml;dtchens wesentlich gepr&auml;gt und ist Bestandteil der inhaltlichen Schwerpunkte.</p>", "image": "https://tgtpimtsoch.sos-ch-dk-2.exoscale-cdn.com/catalog/e/e/5/7/ee574952c4c2f26823ada4382886e2b34bb5cbd4_20250404_072845.jpg"}, "geometry": {"type": "Point", "coordinates": ["8.7492673", "47.6875317"]}}, {"type": "Feature", "properties": {"identifier": "12a307a8-d577-4f99-9bdb-367fd992dd94", "name": "Veranda Arbon", "description": "<p>Im Veranda gibt es ein kleines und feines Angebot mit frischen, regionalen und saisonalen Zutaten. Zudem werden auch Fingerfood-Lovers mit knusprig frittierten Leckereien serviert. Eine grosse Auswahl an sommerlichen Drinks mit und ohne Alkohol findet man nat\u00fcrlich auch auf der Karte. Hello Sunshine! Die Sonntags-Langschl\u00e4fer d\u00fcrfen ihren ersten Kaffee auf der Veranda trinken. Von 10 bis 13.30 Uhr gibts dazu sogar noch hausgemachtes Bircherm\u00fcesli, Zmorge Bagel oder Gipfeli.</p>", "url": "https://verandaarbon.ch/", "image": "https://tgtpimtsoch.sos-ch-dk-2.exoscale-cdn.com/catalog/8/1/f/9/81f9aed73e7d27f429974a9194beb1ebff82062f_hauptbild.jpg", "openstreetmap_id": "node/12299503706"}, "geometry": {"type": "Point", "coordinates": ["9.4343397", "47.5113927"]}}, {"type": "Feature", "properties": {"identifier": "152c4a82-ab06-402f-ba5a-edebd8dca2aa", "name": "Weingut Schmid", "description": "Im thurgauischen Schlattingen bewirtschaftet das Weingut rund 6 Hektar Reben. Auf dem idyllischen Familienbetrieb werden alle Arbeitsschritte von der Rebe bis ins Glas vereint, die einzigartigen Weine wurden schon mehrfach national und international ausgezeichnet.", "url": "http://www.weingut-schmid.ch", "image": "https://tgtpimtsoch.sos-ch-dk-2.exoscale-cdn.com/catalog/2/c/e/d/2ced2acaa6669eb77a6098cf3705001503129b27_DSC_2628.jpg", "openstreetmap_id": "way/101981340"}, "geometry": {"type": "Point", "coordinates": ["8.7686167", "47.6619907"]}}, {"type": "Feature", "properties": {"identifier": "1637d55b-4c62-4c7d-9499-575b681605f5", "name": "Hafenlounge Romanshorn", "description": "Direkt am F\u00e4hrhafen von Romanshorn k\u00f6nnen die G\u00e4ste in der Hafenlounge auf einem der bequemen Strandst\u00fchle die einfahrenden Schiffe beobachten und erhalten obendrauf eine grandiose Aussicht auf die Bergketten des Alpsteins. Hier kann man von April bis September im Beachsand, in einer gem\u00fctlichen Lounge, oder auf einem der 200 weiteren stilvollen Sitzpl\u00e4tze einen k\u00fchlen Drink geniessen und entspannen. Kulinarisch verw\u00f6hnt werden die G\u00e4ste mit den regionalen und frisch zubereiteten Speisen direkt vom Grill.", "url": "http://hafenlounge.ch/", "image": "https://tgtpimtsoch.sos-ch-dk-2.exoscale-cdn.com/catalog/1/4/4/8/1448bfe06738ee63b09608d64ad691ed6f2277ac_Gro____IMG_0087___4.jpeg", "openstreetmap_id": "node/4784401821"}, "geometry": {"type": "Point", "coordinates": ["9.3808081", "47.5674689"]}}, {"type": "Feature", "properties": {"identifier": "1658b22f-8d25-4244-86cf-b1a95f80f9cf", "name": "Bed & Breakfast Dorf-Schmiede", "description": "<p>Das Bed &amp; Breakfast liegt zentral im malerischen Thurtal und ist sowohl mit dem Auto als auch mit \u00f6ffentlichen Verkehrsmitteln gut erreichbar. Famili\u00e4re Gastfreundschaft und individuelle Betreuung schaffen eine angenehme und pers\u00f6nliche Atmosph\u00e4re.<br><br>Mehrere moderne Zimmer stehen zur Verf\u00fcgung, die sich ein Gemeinschaftsbad und eine separate Toilette teilen. Ein gem\u00fctlicher Aufenthaltsraum l\u00e4dt zum Verweilen ein, zudem gibt es einen \u00fcberdachten Parkplatz sowie eine Einstellhalle f\u00fcr Zweir\u00e4der mit Ladestation.<br><br>Am Morgen wird ein kontinentales Fr\u00fchst\u00fcck mit regionalen Produkten und hausgemachten Spezialit\u00e4ten serviert. Einkaufsm\u00f6glichkeiten und Restaurants befinden sich in unmittelbarer N\u00e4he und sind bequem zu Fuss erreichbar.<br><br>Die Umgebung bietet zahlreiche Freizeitm\u00f6glichkeiten, wie den Freizeitpark Conny-Land, den Bodensee mit der Blumeninsel Mainau, das historische Stein am Rhein und den Rheinfall in Schaffhausen.</p><", "url": "https://www.dorf-schmiede.ch/", "image": "https://tgtpimtsoch.sos-ch-dk-2.exoscale-cdn.com/catalog/1/4/f/6/14f6aad0c3c8710caf0b9054a72da27854cdf0e2_B_B_1_Bild_Objekt_Aussenansicht1___Komprimiert.jpg", "openstreetmap_id": "way/311116518"}, "geometry": {"type": "Point", "coordinates": ["9.0040023536926", "47.6025585"]}}, {"type": "Feature", "properties": {"identifier": "17024d36-d351-4148-81ff-7afc58630f6f", "name": "Bad Horn Hotel & Spa", "description": "<p>Bereits 1827 entspannten sich Kurg\u00e4ste in den verschiedenen B\u00e4dern des traditionsreichen Bad Horn Hotel &amp; Spa und sch\u00e4tzten die aussergew\u00f6hnliche Lage direkt am Schweizer Bodenseeufer. Dies ist auch heute noch so. Die Seeterrasse l\u00e4dt zum Ap\u00e9ro und Dinieren unmittelbar am Wasser. Die vielf\u00e4ltige Wellnesslandschaft umfasst heute auf 1\u2019500 Quadratmetern Saunen, Dampfb\u00e4der, eine Salztherme, ein Hamam und bietet exklusive Behandlungen. Der direkte Bodenseezugang verschafft Abk\u00fchlung nach dem Saunagang.<br><br>Das nautische Ambiente zieht sich durch das gesamte Hotel und wird mit Mahagoni und Messing unterstrichen. Ein Highlight im Bad Horn ist das Restaurant \u00abWave\u00bb mit 15 GaultMillau-Punkten. Hier werden regionale Zutaten mit Liebe zum Detail neu interpretiert. Aber auch Klassiker wie etwa Flamb\u00e9es, direkt am Tisch zubereitet, geh\u00f6ren zu den Spezialit\u00e4ten der Crew. Edle Weine von lokalen Winzern und aus aller Welt runden das kulinarische Angebot ab.</p>", "url": "http://www.badhorn.ch/", "image": "https://tgtpimtsoch.sos-ch-dk-2.exoscale-cdn.com/catalog/4/6/2/d/462d7a7d78b71abe209231a681ffb09f3046aee5_medium__Horn_Bad_Horn_Aussenansicht.jpg", "openstreetmap_id": "way/233179046"}, "geometry": {"type": "Point", "coordinates": ["9.468346088498386", "47.4946723"]}}, {"type": "Feature", "properties": {"identifier": "1969ddcd-262f-4495-8f04-efcc646833e6", "name": "Bed & Breakfast S\u00e4ntisblick", "description": "Das BnB-Zimmer mit WC und Dusche bietet Platz f\u00fcr maximal 4 Personen und bietet allen Komfort eines guten Hauses. Das modern-rustikale Ambiente verspricht Erholung und Entspannung.", "url": "https://bnb-saentisblick.jimdosite.com", "image": "https://tgtpimtsoch.sos-ch-dk-2.exoscale-cdn.com/catalog/2/8/6/0/2860d853e95210c766a75ceab44eb878e4038cce_65eb51d29d559759ced1517f94cd39de19eabae9_7AD1F8CB_89A3_4C08_8B5F_15CB6FF0B24C.jpeg", "openstreetmap_id": "node/10056412622"}, "geometry": {"type": "Point", "coordinates": ["9.3483985", "47.54895"]}}, {"type": "Feature", "properties": {"identifier": "1a2c9bed-b01a-46c4-b23f-03c6a9647495", "name": "Kartause Ittingen", "description": "Die Kartause Ittingen z\u00e4hlt heute zu den f\u00fchrenden Seminar- und Kulturzentren der Schweiz. Das ehemalige Kart\u00e4userkloster ist authentisch erhalten und restauriert. Den G\u00e4sten stehen ein Hotel mit 68 Zimmern (3 Sterne Superior), ein Restaurant, eine Bar im ehemaligen Ochsenstall, diverse Eventlocations mit rund 1\u2019000 Pl\u00e4tzen und 22 Seminarr\u00e4ume mit bis zu 450 Pl\u00e4tzen zur Verf\u00fcgung. In einzigartiger historischer Umgebung bietet die Kartause Ittingen einen unvergleichlichen Rahmen f\u00fcr vielf\u00e4ltige gesellschaftliche und kulturelle Anl\u00e4sse. Neben dem Gastwirtschaftsbetrieb f\u00fchrt die Kartause Ittingen einen Gutsbetrieb mit Weinbau, eine Metzgerei, Fischzucht, G\u00e4rtnerei und K\u00e4serei sowie ein Heim und Werkbetrieb f\u00fcr betreute Mitarbeitende. Sie beherbergt zudem zwei Museen und die Bildungsst\u00e4tte \u00abtecum\u00bb.\n\nDank der Einbettung in die wundervolle Thurgauer Naturkulisse, umgeben von Rebbergen, Obstb\u00e4umen und der intakten Thurlandschaft, wirkt dieser Ort entschleunigend und doch kraftvoll.", "url": "https://www.kartause.ch/de", "image": "https://tgtpimtsoch.sos-ch-dk-2.exoscale-cdn.com/catalog/6/e/c/3/6ec30878cc7a8ab0c550ab0bddc1e3a3d6b25626_Warth_Kartause_Ittingen_Luftaufnahme_Aussenansicht.jpg", "openstreetmap_id": "way/22979106"}, "geometry": {"type": "Point", "coordinates": ["8.86646725724886", "47.58337645"]}}, {"type": "Feature", "properties": {"identifier": "1a8156e2-f397-42e2-8f19-8ebe0ebc6857", "name": "Presswerk Gastronomie & Eventhalle", "description": "Ein historisches Backsteingeb\u00e4ude im Industriestil, weitl\u00e4ufige, lichtdurchflutete Hallen mit hohen Decken und moderner Ausstattung: Das Presswerk in Arbon pr\u00e4sentiert sich als einzigartige Location, gepr\u00e4gt von industriellem Flair und urbaner Romantik. Das zwischen 1905 und 1910 erbaute Geb\u00e4ude diente zuerst der Stickereifabrik Heine bis in die 1940erJahre als Energiezentrale. Danach wurde es von Adolph Saurer gekauft und als Presserei sowie f\u00fcr den Rahmenbau genutzt. Nach einer aufw\u00e4ndigen Renovierung erstrahlt das Industriegeb\u00e4ude seit Ende 2018 in neuem Glanz und richtet sich multifunktional aus. Hier wird getanzt, gefeiert, gegessen und musiziert. Das Presswerk ist heute ein kreativer Treffpunkt mit einem vielf\u00e4ltigen Raumangebot \u2013 sowohl f\u00fcr kulturelle Ereignisse als auch f\u00fcr private Anl\u00e4sse.", "url": "http://www.presswerk-arbon.ch/", "image": "https://tgtpimtsoch.sos-ch-dk-2.exoscale-cdn.com/catalog/f/d/6/3/fd63160a37cf59840c83a7d12a827541aa955dc3_Arbon_Presswerk_Restaurant_7.jpg", "openstreetmap_id": "node/6957952547"}, "geometry": {"type": "Point", "coordinates": ["9.4312402", "47.5101523"]}}, {"type": "Feature", "properties": {"identifier": "1c71b0cf-1fde-4cf7-864b-8aff5d87b1be", "name": "Jugendherberge Kreuzlingen", "description": "Eingebettet in den gr\u00f6ssten Erholungs- und Erlebnispark am Bodensee, den Seeburgpark, liegt die Jugendherberge Kreuzlingen. Untergebracht ist sie in der herrschaftlichen Villa H\u00f6rnliberg mit Balkonen zum Bodensee. Kleine G\u00e4ste freuen sich auf den nahen Spielplatz im Park, den Tierpark oder das Sea Life Konstanz. Der Bodensee l\u00e4dt zum erfrischenden Bad, einer Schiff- oder einer Kanufahrt. Die Kanus dazu k\u00f6nnen in der Jugi ausgeliehen werden. Zum Haus geh\u00f6rt ein Sportplatz mit Tischtennis. Eine Selbstkocherk\u00fcche ist nicht vorhanden. Vollpension kann aber auf Anfrage gebucht werden. Kreuzlingen ist der ideale Ausgangspunkt f\u00fcr viele Tagesausfl\u00fcge. Die sch\u00f6ne Altstadt von Kreuzlingen oder Konstanz, die H\u00e4fen und Bahnh\u00f6fe beider St\u00e4dte, Velomiete, das Seemuseum und viele lauschige Restaurants oder Pl\u00e4tzchen am Bodenseeufer sind nur wenige Gehminuten entfernt.", "url": "http://www.youthhostel.ch/kreuzlingen", "image": "https://tgtpimtsoch.sos-ch-dk-2.exoscale-cdn.com/catalog/e/a/a/e/eaae66cca278378195e42f70b2f5d41a0b58cb7b_Jugendherberge_Kreuzlingen_Aussenansischt_Leonidas_Portmann_01.jpg", "openstreetmap_id": "node/1904173449"}, "geometry": {"type": "Point", "coordinates": ["9.1874778", "47.6480851"]}}, {"type": "Feature", "properties": {"identifier": "1c9f7866-513a-4ac3-a8be-31cf932705ae", "name": "Restaurant Seegarten", "description": "<div>Das Restaurant Seegarten besticht durch die frische Zubereitung der Speisen. In der K\u00fcche verarbeitet Charlie G\u00fcnter Produkte aus der Region: Das Gem\u00fcse stammt von den umliegenden Bauernh\u00f6fen, die Fischer aus der Nachbarschaft sorgen f\u00fcr saisonale Angebote auf der Speisekarte. Besonders anspruchsvolle G\u00e4ste k\u00f6nnen sich auf die t\u00e4glich wechselnden Empfehlungen des Hauses verlassen.</div><div>Im Weinkeller des Seegartens lagern \u00fcber 750 edle Tropfen, ein Drittel davon aus der Schweiz. Die Auswahl umfasst exzellent gelagerte Jahrg\u00e4nge, die sowohl Kenner als auch Geniesser begeistern. </div><div><br></div><div>Die Weinkarte des Restaurants wurde 2002 in die \u00abBest Wine List\u00bb aufgenommen, eine renommierte Liste, in der nur Weinkarten vertreten sind, die im Newsletter \u00abWein Wisser\u00bb mindestens 18 von 20 Punkten erhalten haben. Zurzeit geh\u00f6ren nur 19 Weinkarten in der Schweiz zu dieser exklusiven Auswahl.</div><div><br></div>", "url": "http://www.seegarten.ch/", "image": "https://tgtpimtsoch.sos-ch-dk-2.exoscale-cdn.com/catalog/2/3/5/1/23516d6a01e48af652fb77afe7a49d15ba8fddd4_AF1QipMWTQks51ySbzdz2NfT441Li9i3BBUZgTJLeAni_s1600_h1479.jpg", "openstreetmap_id": "node/461753294"}, "geometry": {"type": "Point", "coordinates": ["9.1957184", "47.6469607"]}}, {"type": "Feature", "properties": {"identifier": "1fc7797e-c3e5-4e82-8b37-6bd39c1cbf47", "name": "Restaurant Miski Takiy  - Peru", "description": "Im Herzen der Altstadt Frauenfelds, umgeben von mittelalterlichen Geb\u00e4uden, liegt das einzige peruanische Restaurant des Kantons Thurgau: Miski-Takiy. Dank des lateinamerikanischen Flairs und der passenden Musik stellt sich bei Besuchenden bald ein exotisches Urlaubsgef\u00fchl ein. G\u00e4ste erleben hier eine kulinarische Entdeckungsreise von der peruanischen K\u00fcste, \u00fcber die Anden bis hin zum Amazonasgebiet, von exotischen Pisco-Cocktails bis hin zu frischen Ceviche. Die Gastgebenden tragen die K\u00fcche ihres Landes im Herzen und in der Seele und haben sich zum Ziel gesetzt, ihre G\u00e4ste durch das w\u00fcrzige, pikante und erfrischende kulinarische Abenteuer ihres Heimatlandes zu f\u00fchren. Peru wurde \u00fcbrigens bei den World Travel Awards bereits zum 10. Mal als \u00abWeltweit f\u00fchrendes kulinarisches Reiseziel\u00bb ausgezeichnet. Ein Besuch lohnt sich.", "url": "https://www.miskitakiy.ch", "image": "https://tgtpimtsoch.sos-ch-dk-2.exoscale-cdn.com/catalog/3/6/e/b/36ebdf992d36bbf1def5ab69eb0a36a4c812b0a1_IMG_9004.jpg", "openstreetmap_id": "node/3729000125"}, "geometry": {"type": "Point", "coordinates": ["8.897946", "47.5561887"]}}, {"type": "Feature", "properties": {"identifier": "209ab851-4883-4174-95d1-e4c93dcf82e3", "name": "Churfirstensaal", "image": "https://tgtpimtsoch.sos-ch-dk-2.exoscale-cdn.com/catalog/4/f/d/7/4fd7eaf5fdfeff70d037fe1e9771877ee9ea1f2e_Unterwasser_Hotel_Sternen_Seminar_web__2.jpg"}}, {"type": "Feature", "properties": {"identifier": "20a42452-c5d5-48d6-ad8d-5b15f1fcf5c5", "name": "Linie Frauenfeld-Wil", "description": "Im Murgtal zwischen Frauenfeld und Wil ist der rot-weisse Zug der Appenzeller Bahnen unterwegs. Die sch\u00f6nsten Ausgangspunkte zu Wanderungen und Ausfl\u00fcge zum Wiler Turm, dem Waldlehrpfad M\u00fchletobel in Frauenfeld und nat\u00fcrlich dem Murgweg sind mit dem Zug gut erreichbar. \n\nF\u00fcr Zugreisende bietet die Linie Frauenfeld-Wil optimale Anschl\u00fcsse in Frauenfeld Richtung Z\u00fcrich und Romanshorn und in Wil Richtung Z\u00fcrich und St. Gallen. Zu den Hauptverkehrszeiten verkehrt der Zug zwischen W\u00e4ngi und Wil im Viertelstundentakt.", "url": "https://appenzellerbahnen.ch/de/", "image": "https://tgtpimtsoch.sos-ch-dk-2.exoscale-cdn.com/catalog/f/b/5/2/fb52e364234d122be1b064a8a5f5ad980f016ef6_Appenzeller_Bahnen_Linie_Frauenfeld_Wil.jpg", "openstreetmap_id": "node/10004560606"}, "geometry": {"type": "Point", "coordinates": ["9.282066", "47.3927145"]}}, {"type": "Feature", "properties": {"identifier": "214cfc4f-d3a7-4399-8e99-9b3d02be9d13", "name": "Dampfromantik am Bodensee", "description": "Die historische Komposition, gezogen von der MThB-Dampflok Ec 3/5 Nr. 3, besteht aus dem roten Salonwagen, dem gr\u00fcnen Gep\u00e4ck-/Postwagen und dem blauen Aussichtswagen, sowie einem direkten Kurswagen (Panoramawagen) nach Heiden. Die G\u00e4ste steigen ein und erleben die Langsamkeit wie in fr\u00fcherer Zeit. Auf allen Fahrten wird ein kleines Gastro-Angebot mitgef\u00fchrt.\n\nDer Verein hat auch andere Sonderfahrten auf dem Jahresprogramm.\n\nDas Rollmaterial ist in der historischen Lokremise (Locorama Romanshorn) stationiert. Dort steht auch der bekannte \u00abThurgauer Zug\u00bb, ein elektrischer Pendelzug der ehemaligen Mittel-Thurgau-Bahn, mit dem exklusiven Salonwagen Bodan. Diese Komposition darf auf den meisten normalspurigen Bahnstrecken der Schweiz verkehren.\n\nDer Verein organisiert gerne eine individuelle Fahrt f\u00fcr pers\u00f6nliche Anl\u00e4sse, sei es mit Dampf oder elektrisch.", "url": "http://www.mthb.ch", "image": "https://tgtpimtsoch.sos-ch-dk-2.exoscale-cdn.com/catalog/c/d/9/3/cd9356e2ea34da4d5f5b1a9a3bf0c18db3f3f61c_MThB_Ec_MIE_01.jpg", "openstreetmap_id": "10098426949"}, "geometry": {"type": "Point", "coordinates": ["9.377057", "47.559628"]}}, {"type": "Feature", "properties": {"identifier": "225e182b-7742-4c04-83e6-0651f5aef821", "name": "Restaurant & Bar Adler Berlingen", "description": "<p>Direkt am idyllischen Untersee, einem Teil des Bodensees, l&auml;dt das Restaurant Adler in Berlingen zum Geniessen und Verweilen ein. Kulinarische Spezialit&auml;ten wie Fleisch auf dem heissen Stein oder das klassische Entrec&ocirc;te Caf&eacute; de Paris werden mit Sorgfalt und Frische zubereitet. Der Stammtisch und die Bar laden zu geselligen Stunden ein und bieten eine erlesene Auswahl an Weinen, ausgew&auml;hlten Bieren und erstklassigen Cocktails.</p>\n<p>F&uuml;r einen Aufenthalt in der Region stehen komfortable Unterk&uuml;nfte zur Verf&uuml;gung: Ein gem&uuml;tliches Doppelzimmer sowie eine grossz&uuml;gige 3,5-Zimmer-Wohnung bieten den idealen Rahmen f&uuml;r entspannte Tage am Bodensee. Nur wenige Schritte entfernt laden das Ufer des Bodensees und der nahegelegene Hafen zu abwechslungsreichen Freizeitaktivit&auml;ten ein &ndash; ob Baden, Spazieren oder einfach die Natur geniessen. Der Adler vereint kulinarische Erlebnisse, geselliges Beisammensein und erholsame Tage am Bodensee &ndash; ein Ort zum Wohlf&uuml;hlen inmitten des sch&ouml;nen Thurgaus.</p>", "url": "https://www.adler-berlingen.ch", "image": "https://tgtpimtsoch.sos-ch-dk-2.exoscale-cdn.com/catalog/1/9/4/7/1947b570dd9cff6db8e8524c2aa4f75f8ddcc881_0092_KB_Q_1300x867.jpg", "openstreetmap_id": "way/419552597"}, "geometry": {"type": "Point", "coordinates": ["9.016196126643113", "47.67398085000001"]}}, {"type": "Feature", "properties": {"identifier": "22e409f1-67dd-49d4-ab66-3cfb79102cee", "name": "Restaurant & Biergarten Fischerhaus", "description": "Das Restaurant m\u00fcsste wohl in vier Bereiche aufgeteilt sein. Ein sch\u00f6nes St\u00fcbli, eine typische Terrasse und der verglaste Restaurant-Pavillon. Hier gibt es frischen Fisch, eine feine Auswahl an Vegi- und Fleischgerichten und ein umfangreiches Weinangebot.\n\nAn sch\u00f6nen Tagen im Sommer l\u00e4dt der unkomplizierte Biergarten mit 250 Sitzpl\u00e4tzen zum Verweilen ein. Hier werden die G\u00e4ste mit Burgern, Salaten, Schnitzel und Steinofen-Pizza verw\u00f6hnt.", "url": "http://www.fischerhaus.ch/", "image": "https://tgtpimtsoch.sos-ch-dk-2.exoscale-cdn.com/catalog/0/f/7/6/0f76c9c7dc1e9375da0ae9d072260297fee71986_AF1QipN5JG4UQ74KTrnoRjpNKVH4MjeLPv4FbMooJRh4_s1600_h1536.jpg", "openstreetmap_id": "node/478088639"}, "geometry": {"type": "Point", "coordinates": ["9.199285", "47.6471854"]}}, {"type": "Feature", "properties": {"identifier": "23d6a2bd-f72d-4879-b8e6-081502c8af43", "name": "Erlebniszentrum Echinapoint", "description": "Das Erlebniszentrum Echinapoint in Roggwil ist das Sprachrohr der A.Vogel AG in Roggwil, traditionsreiche Herstellerin von biologischen Naturheilmitteln. Hier wird die Geschichte der Naturheilkunde erlebbar. In dem, wie eine Blume angelegten Kr\u00e4utergarten, erkunden Besuchende mit allen Sinnen die Herstellung und Wirkungsweise von pflanzlichen Arzneimitteln sowie das Leben und Werk des Naturheilkunde-Pioniers Alfred Vogel. G\u00e4ste erfahren, wie die pers\u00f6nliche Gesundheit auf nat\u00fcrliche Weise erhalten werden kann oder wie eine gesunde vollwertige Ern\u00e4hrung aussieht. Der Name EchinaPoint r\u00fchrt \u00fcbrigens von Alfred Vogels Lieblingspflanze Echinacea, dem roten Sonnenhut. In den 1950er Jahren brachte er diese Pflanze von einer Amerikareise mit in die Schweiz. Bis heute wird Echinacea unter anderem zur St\u00e4rkung der Abwehrkr\u00e4fte verwendet. Das Erlebniszentrum ist t\u00e4glich ge\u00f6ffnet, der Eintritt ist frei. Auf Voranmeldung werden Gruppenf\u00fchrungen angeboten.", "url": "https://www.avogel.ch/de/garten/roggwil/", "image": "https://tgtpimtsoch.sos-ch-dk-2.exoscale-cdn.com/catalog/4/8/8/c/488ca57ae1ceb8fd28dbf02f263589afc158025e_Roggwil_Bioforce_Heilpflanzenwelt_5.jpg", "openstreetmap_id": "298482617.0"}, "geometry": {"type": "Point", "coordinates": ["9.4043759", "47.503364"]}}, {"type": "Feature", "properties": {"identifier": "246fb02b-01a5-4624-b76d-a32b9a509010", "name": "Quellpark Kundelfingerhof", "description": "Der Natur- und Angelpark bietet ein ideales Ziel f\u00fcr einen Genuss-, Firmen- oder Familienausflug. Im Restaurant spielt der eigene Fisch die Hauptrolle. Eine idyllische Atmosph\u00e4re, gepaart mit herzlicher Gastfreundschaft und kulinarische K\u00f6stlichkeiten, erwartet die Besuchenden. Auf die kleinen G\u00e4ste wartet ein Spielplatz draussen und Mal- und Spielsachen drinnen. Die K\u00fcche zaubert zudem feine kindergerechte Gerichte. Der Bankettpavillon direkt am Wasser ist die ideale Lokalit\u00e4t f\u00fcr Hochzeiten und Bankette bis 150 Personen. Alle R\u00e4umlichkeiten sind barrierefrei und rollstuhlg\u00e4ngig.\n\nDer Selbstbedienung-Hofladen pr\u00e4sentiert ein grosse Auswahl an lokalen Spezialit\u00e4ten in der Region. Viele Produkte stammen aus der eigenen Hofmanufaktur. Der Angelshop dient als Anmeldung f\u00fcr den Angelpark und bietet eine Auswahl an Angelzubeh\u00f6r und K\u00f6dern. Der Hofladen und der Angelshop sind 24/7 ge\u00f6ffnet. Bezahlt wir an einer Selfscanning-Kasse.", "url": "http://www.kundelfingerhof.ch/", "image": "https://tgtpimtsoch.sos-ch-dk-2.exoscale-cdn.com/catalog/3/4/4/3/34438809f09d8559fd0db20d86e75105fcda4e0c_DSC001612019.jpg", "openstreetmap_id": "node/1074203189"}, "geometry": {"type": "Point", "coordinates": ["8.7078125", "47.6771618"]}}, {"type": "Feature", "properties": {"identifier": "257aa86f-c296-4898-8c2a-167acaa95bf2", "name": "erMarina Event- & Gastroschiff", "description": "Schon \u00fcber 65 Jahre alt ist das ehemalige Kursschiff MS Kreuzlingen. Trotzdem wurde es nicht in Pension geschickt \u2013 nein, es erhielt eine Verj\u00fcngungskur. Stilvoll renoviert und zum Restaurant umgebaut liegt es nun seit 2021 als \u00aberMarina\u00bb in Ermatingen an der neuen Hafenanlage Stedi in Ermatingen. Mit gek\u00fchltem Drink in der Hand und sanft geschaukelt relaxt man hier auf der Decklounge oder l\u00e4sst sich im Restaurant raffinierte regionale Spitzenkulinarik schmecken. Immer mit dabei: ein herrlicher Blick auf den Untersee. Das Schiff kann ausserdem t\u00e4glich f\u00fcr Veranstaltungen und Ausfahrten f\u00fcr bis zu 180 Personen gebucht werden. Von Oktober bis M\u00e4rz geniesst man im Winterschiff \u00abSeeChalet\u00bb das beste K\u00e4sefondue der Region.", "url": "https://www.ermarina.ch", "image": "https://tgtpimtsoch.sos-ch-dk-2.exoscale-cdn.com/catalog/e/1/6/7/e1677ed3ffc9a1c575e9e7c73a9620829ada3897_2021_07_22_20_21_54.JPG", "openstreetmap_id": "348733187"}, "geometry": {"type": "Point", "coordinates": ["9.08575773239136", "47.675010848212"]}}, {"type": "Feature", "properties": {"identifier": "26260d8a-1230-424d-af90-c050346c16e0", "name": "Erlebnisflugplatz Sitterdorf", "description": "<p data-start=\"98\" data-end=\"625\">Der Erlebnisflugplatz Sitterdorf ist weit mehr als ein Flugplatz. Auf dem Gel&auml;nde befinden sich ein Tierpark mit Pfaue, Rehen, Hirschen, Ziegen und Papageien sowie ein Freizeitareal mit vielf&auml;ltigen Spielm&ouml;glichkeiten. Spielger&auml;te, Seilbahnen, Modellschiffe oder Electric Carts bieten Spass auf dem Wasser oder an Land &ndash; teilweise mit Muskelkraft, teilweise per Knopfdruck. Das Erlebnisz&uuml;gli f&auml;hrt Familien durch den &uuml;berschaubaren Park. F&uuml;r die Verpflegung sorgt das Restaurant Airfood mit bodenst&auml;ndigen Klassikern und mediterranem Touch &ndash; vom Mittagessen bis zum Dessert. Wer es unkompliziert mag, findet Snacks am Bahnhofskiosk. Der Blick auf die Start- und Landebahn geh&ouml;rt dazu: Kleinflugzeuge k&ouml;nnen aus n&auml;chster N&auml;he beobachtet werden &ndash; ein Erlebnis f&uuml;r Gross und Klein.</p>", "url": "https://www.erlebnisflugplatz.ch/default.shtml", "image": "https://tgtpimtsoch.sos-ch-dk-2.exoscale-cdn.com/catalog/c/0/8/8/c088ae711818d679785f7c82dfcf36a477637cb3_Flyer_Titelseite_verkleinert.png", "openstreetmap_id": "216851652.0"}, "geometry": {"type": "Point", "coordinates": ["9.2603052", "47.5097176"]}}, {"type": "Feature", "properties": {"identifier": "263e53f4-857a-4642-a91e-a12a8fd1d906", "name": "Hotel & Restaurant Greuterhof Islikon", "description": "Im Greuterhof entstehen in inspirierenden Seminarr\u00e4umen z\u00fcndende Ideen \u2013 ganz im Sinne von Bernhard Greuter, einem Industriepionier, der hier eine der ersten F\u00e4rbereifabriken der Schweiz errichtete. Der Mist aus der angrenzenden Scheune \u2013 einst die gr\u00f6sste des Landes \u2013 diente dem F\u00e4rben. Heute wird im renovierten Bankettsaal getanzt, in stilvollen Themenzimmern \u00fcbernachtet und im Restaurant \u00abSchmitte\u00bb fein diniert \u2013 mittags mit t\u00e4glich wechselndem Men\u00fc, abends \u00e0 la carte. Am Kamin l\u00e4sst sich herrlich entspannen. Der Greuterhof ist nicht nur Ort der Weiterbildung, sondern bietet auch jungen Menschen mit besonderen Voraussetzungen Ausbildungspl\u00e4tze f\u00fcr einen anerkannten Berufsabschluss. Schon Bernhard Greuter zeigte soziales Engagement und f\u00fchrte als einer der ersten Arbeitgeber der Schweiz eine Sozialversicherung f\u00fcr seine Mitarbeitenden ein.", "url": "http://www.greuterhof.ch/", "image": "https://tgtpimtsoch.sos-ch-dk-2.exoscale-cdn.com/catalog/2/b/2/8/2b2892ba5b3b3994d555de52fd2eec40ca67d8cb_Islikon_Greuterhof.jpg", "openstreetmap_id": "7284992708"}, "geometry": {"type": "Point", "coordinates": ["8.840760396290818", "47.54472515"]}}, {"type": "Feature", "properties": {"identifier": "26693d55-c3dc-4b1a-8c56-0c94d26b1585", "name": "Ferienhaus Schl\u00f6ssli Herrenhof", "description": "Das Schl\u00f6ssli Herrenhof in Langrickenbach wurde im 18. Jahrhundert als Sitz einer einflussreichen Familie erbaut, verfiel aber nach einigen Besitzerwechsel zunehmend. Eine Kreuzlinger Unternehmerfamilie erwarb und p\u00e4ppelte es wieder auf. Heute steht Schloss Herrenhof als Veranstaltungsort und prachtvolle Unterkunft G\u00e4sten zur Verf\u00fcgung. Im Haupthaus gibt es f\u00fcnf Doppelzimmer, eines davon im Dachgeschoss mit Blick auf den Bodensee. Der historische Kartoffelkeller eignet sich f\u00fcr Feste wie Hochzeiten oder Geburtstagspartys mit besonderem Ambiente. Ein riesiger Kamin (es darf gegrillt werden) und historische Einrichtung mit viel Holz erzeugen eine gem\u00fctlich rustikale Atmosph\u00e4re. Gaming-Raum mit Tischtennis, Billard und weiteren Spielen sowie ein riesiger Garten mit Gasgrill und viel Privatsph\u00e4re vervollst\u00e4ndigen den Freizeitspass. F\u00fcr zehn zus\u00e4tzliche G\u00e4ste im Massenschlag bietet das Nebengeb\u00e4ude Platz. Im Erdgeschoss wohnen die Gastgebenden. Dennoch bleiben 600 Quadratmeter im Schl\u00f6ssli zur alleinigen Nutzung der G\u00e4ste. ", "url": "https://www.schloessli-herrenhof.com/", "image": "https://tgtpimtsoch.sos-ch-dk-2.exoscale-cdn.com/catalog/1/1/6/7/1167d97c4345ad718dbebe3ff38e811a03a9c6ca_dji_fly_20230916_161428_179_1694873706231_photo.jpg", "openstreetmap_id": "node/12304097018"}, "geometry": {"type": "Point", "coordinates": ["9.2443197", "47.59655"]}}, {"type": "Feature", "properties": {"identifier": "2789854f-9fdc-4438-97b7-bce1065d9028", "name": "Vinorama Museum Ermatingen", "description": "<p>Das Wohnmuseum im historischen Haus Ph&ouml;nix entf&uuml;hrt in die Lebenswelt einer Arztfamilie um 1900. Im zweiten Obergeschoss befinden sich im Stil des 19. Jahrhunderts eingerichtete historische Salons. Die ehemalige Pferdestallung Remise thematisiert die Geschichte der Region am Untersee und ihre Verbindung zum Kloster Reichenau, mit Schwerpunkten auf Weinbau, Fischerei und Vogeljagd. Im Obergeschoss werden wechselnde Kunstausstellungen pr&auml;sentiert. Ein Eventraum im Erdgeschoss sowie ein Rosengarten erg&auml;nzen das Angebot. Das Museum liegt zentral in Ermatingen und bietet mit seinen verschiedenen Ausstellungsbereichen ein vielseitiges Kulturerlebnis im Thurgau. Das Haus Ph&ouml;nix stellt seine historischen Salons f&uuml;r Sitzungen, Konferenzen oder zivile Trauungen zur Verf&uuml;gung. Gruppenf&uuml;hrungen durch das Museum sind auf Anfrage ebenfalls m&ouml;glich.</p>", "url": "http://www.vinorama-ermatingen.ch/", "image": "https://tgtpimtsoch.sos-ch-dk-2.exoscale-cdn.com/catalog/1/9/5/2/195230b8249967beac7184e3cbe2008b47102483_em_2072.jpg", "openstreetmap_id": "node/2240025563"}, "geometry": {"type": "Point", "coordinates": ["9.0770616", "47.6690093"]}}, {"type": "Feature", "properties": {"identifier": "2acbce4d-2e75-4da4-bfae-4521076c8761", "name": "Gastwirtschaft zum Dornhof", "description": "Die Gastwirtschaft Dornhof liegt in Steinebrunn mit Blick auf Romanshorn und den Bodensee. In der gem\u00fctlich eingerichteten Gaststube oder im Garten geniessen G\u00e4ste ein kleines aber feines Angebot aus der saisonalen K\u00fcche oder ein feines Dessert. Eine Getr\u00e4nkekarte mit vielen Spezialit\u00e4ten rundet das Angebot ab. Ob nach einem Spaziergang, einer ausgiebigen Velotour oder einfach so, in der Gastwirtschaft Dornhof l\u00e4sst es sich herrlich geniessen. \n\nEin in die Gaststube integrierter Geschenkladen sorgt f\u00fcr eine st\u00e4ndig wechselnde saisonale Atmosph\u00e4re und Dekoration im Lokal. Viele Blumen sowie Tiere rund ums Haus und ein kleiner Spielplatz erfreuen Gross und Klein.\n\nDie zwei gem\u00fctlich eingerichteten G\u00e4stezimmer mit Gemeinschaftsbad runden das Angebot ab. G\u00e4ste geniessen hier die Ruhe im Unterdorf von Steinebrunn und die famili\u00e4re Gastfreundschaft. Ideal f\u00fcr einen Kurzurlaub oder f\u00fcr Besucher auf der Durchreise.", "url": "http://www.dornhof-tg.ch/", "image": "https://tgtpimtsoch.sos-ch-dk-2.exoscale-cdn.com/catalog/0/3/3/3/0333ff1b1d687a47fb007e34f96f60c98a7f0ad6_P9200007.JPG", "openstreetmap_id": "424081691.0"}, "geometry": {"type": "Point", "coordinates": ["9.3426773", "47.5359263"]}}, {"type": "Feature", "properties": {"identifier": "2c9f48c1-51b0-4a9c-bd69-d7457546b2d7", "name": "Bed and Breakfast Sirnach", "description": "Dieses modern eingerichtete Studio liegt im s\u00fcdlichen Thurgau, in der Region Wil bei St. Gallen. Es erfreut mit komfortabler Ausstattung. Ein eigener Eingang, Sitzplatz und Grossbildfernseher stehen zur Verf\u00fcgung. Verspannte R\u00fccken werden von einem Whirlpool, Box-Spring-Bett, Massagesessel und Massagedusche verw\u00f6hnt. Auch f\u00fcr die Arbeit im Homeoffice ist das Studio ausger\u00fcstet und verf\u00fcgt \u00fcber das elektronische Equipment auf neustem Stand. Im Sommer macht man es sich auf der sonnigen Terrasse gem\u00fctlich. Auch hier ist Arbeiten m\u00f6glich. Ein geheizter Pool l\u00e4dt zum Schwimmen ein. Kaffeemaschine, Teekocher und ein K\u00fchlschrank stehen zur Verf\u00fcgung. Verschiedene Snacks oder Getr\u00e4nke k\u00f6nnen gegen Geb\u00fchr bezogen werden, wobei nicht alkoholische aufs Haus gehen. Neben dem Fr\u00fchst\u00fcck wird auf Wunsch auch Mittag- oder Abendessen angeboten. Grill und Esstisch k\u00f6nnen mitbenutzt werden. Trotz der ruhigen Lage am Rande von Sirnach ist der Weg zum \u00f6ffentlichen Verkehr kurz. Mit dem Auto erreicht man innerhalb von 10 bis 30 Minuten Wil, St. Gallen oder den Flughafen Z\u00fcrich.", "url": "https://www.bnbsirnach.ch/", "image": "https://tgtpimtsoch.sos-ch-dk-2.exoscale-cdn.com/catalog/f/f/6/9/ff697a8b6c411832ceb11fcb0efd9d85c9cbdbf5_BnB_Sirnach.JPG", "openstreetmap_id": "way/38693471"}, "geometry": {"type": "Point", "coordinates": ["8.983275890350344", "47.46221851778669"]}}, {"type": "Feature", "properties": {"identifier": "2cb39645-e586-4e46-8ea8-a1760320f5f7", "name": "Brauhaus Sternen", "description": "Die Sternenbeiz ist mit viel Holz ausgestattet und l\u00e4dt zum Geniessen ein. Zu den Bierspezialit\u00e4ten stehen klassische Gerichte wie Hefeteigfladen, Quarkteigkrapfen, Bagels, Brauhaus-Burger, M\u00fcnchner Weisswurst und auch Bierwurst zur Auswahl. \n\nJeden Sonntag wird ein feiner Brauhaus-Bier-Brunch mit Bier zum Selberzapfen angeboten. Zudem k\u00f6nnen Bankette, Seminare und Feste im Brauhaus gefeiert werden. F\u00fchrungen, Degustationen sowie Braukurse runden die Erlebnisgastronomie ab. \n\nWenn es ums Bier geht, ist man im Brauhaus Sternen genau an der richtigen Adresse.", "url": "http://www.brauhaus.ch/", "image": "https://tgtpimtsoch.sos-ch-dk-2.exoscale-cdn.com/catalog/c/8/9/6/c896aa8ba55514f8c59e4b263eac1664d3ff6fa5_Brauhaus_Sternen.jpg", "openstreetmap_id": "567443026.0"}, "geometry": {"type": "Point", "coordinates": ["8.9006159", "47.5585"]}}, {"type": "Feature", "properties": {"identifier": "2d05456f-3034-4bd3-a7fc-ef282c048067", "name": "Hallenbad Weinfelden", "description": "<p>Das Hallenbad Weinfelden ist eine moderne Schwimm- und Freizeitanlage im Herzen von Weinfelden und ein beliebter Ort f&uuml;r Bewegung, Gesundheit und Erholung. Herzst&uuml;ck der Anlage ist das 25-Meter-Becken mit f&uuml;nf Bahnen, das ideale Bedingungen f&uuml;r Schwimmtraining, Fitness und entspannte Bahnen bietet. Erg&auml;nzt wird das Angebot durch eine Sprunganlage mit 1- und 3-Meter-Brett sowie ein separates Nichtschwimmerbecken f&uuml;r unterschiedliche Bed&uuml;rfnisse.</p><p>Ein vielseitiges Angebot an Schwimm- und Aquafitkursen erweitert die Nutzungsm&ouml;glichkeiten der Anlage und macht das Hallenbad zu einem wichtigen Treffpunkt f&uuml;r Sport und Freizeit in der Region. Die zentrale Lage in Weinfelden sorgt f&uuml;r eine gute Erreichbarkeit und unterstreicht die Bedeutung der Anlage als Freizeit- und Bewegungszentrum im Thurgau.</p>", "url": "https://www.weinfelden-erleben.ch/sportanlagen/hallenbad", "image": "https://tgtpimtsoch.sos-ch-dk-2.exoscale-cdn.com/catalog/3/8/7/d/387d88ea7c5a039f46fabfe982c90316a5b0cf31_PIM_Eintrag_Badi__1_.jpg", "openstreetmap_id": "node/251364449"}, "geometry": {"type": "Point", "coordinates": ["9.104563", "47.5649841"]}}, {"type": "Feature", "properties": {"identifier": "2d804325-f36b-4218-96e7-ead3359b1168", "name": "Ochsen Metzgerei Wattinger", "description": "\u00abRegionale Fleisch- und Wurstwaren aus eigener Produktion, Artgerechte Tierhaltung und kurze Transportwege, Verhindern von Foodwaste durch die Verwertung des ganzen Tiere.\u00bb In unserem Familienunternehmen sind das keine Mode-Erscheinungen.\nMit unserer hauseigenen Schlachtung pflegen wir diese Traditionen seit 1985. Bis heute sind das die Voraussetzungen f\u00fcr h\u00f6chste Qualit\u00e4t.\n\nMetzgerei:\nIhr Fleischfachgesch\u00e4ft am Bodensee! Profitieren Sie von einer kompetenten Beratung und geniessen Sie unsere hausgemachten Fleisch- und Wurstspezialit\u00e4ten.\n\nCatering:\nJeder Anlass ist einzigartig. Wir umrahmen Ihren ganz individuellen Event gerne mit einem passenden Menu und dem kompletten Service. Ihr Genuss ist unsere Leidenschaft!\n\nFestinventar:\nGeschirr, Gl\u00e4ser, Turbo-Kaffeemaschine, K\u00fchlschr\u00e4nke, einzigartige Grills... Ein gelungener Anlass setzt eine einwandfreie Infrastruktur voraus. Wir r\u00fcsten Sie f\u00fcr jeden Event aus!\n\n24h-Verkaufsautomat:\nBezahlung auch kontaktlos mit Karte und Twint!", "url": "http://www.ochsen-metzgerei.ch/", "image": "https://tgtpimtsoch.sos-ch-dk-2.exoscale-cdn.com/catalog/5/6/5/2/5652966325825f0e41200aaeb7a71814c0fc6a38_Geb__ude_1.jpg", "openstreetmap_id": "node/8171482014"}, "geometry": {"type": "Point", "coordinates": ["9.2592022", "47.6127295"]}}, {"type": "Feature", "properties": {"identifier": "2da11ac7-5de3-4c71-b282-837cee2798df", "name": "Schloss Roggwil", "description": "Das Schloss Roggwil ist ein kleines Landschloss aus dem 17. Jh. mitten im markanten Dorfkern von Roggwil. Es ist leicht mit \u00f6ffentlichem Verkehr oder mit dem Auto auf dem Weg zwischen St.Gallen und Bodensee zu erreichen. Das Schloss ist heute Treffpunkt f\u00fcr gesellige Anl\u00e4sse und Kulturveranstaltungen und bietet einen stilvollen Rahmen f\u00fcr Feste und Tagungen. Im Schloss Roggwil finden G\u00e4ste ein romantisches Ambiente vor. Die verschiedenen R\u00e4ume werden durch einen grossz\u00fcgigen Aussenbereich erg\u00e4nzt. ", "url": "https://schloss-roggwil.ch", "image": "https://tgtpimtsoch.sos-ch-dk-2.exoscale-cdn.com/catalog/5/3/f/a/53fa753eb1cf31a8d246ed01cfc461c47b5e05f3_DSC_0705.JPG", "openstreetmap_id": "way/28056215"}, "geometry": {"type": "Point", "coordinates": ["9.395075440406801", "47.500605071448106"]}}, {"type": "Feature", "properties": {"identifier": "2fc5e7dd-1a66-4a75-8901-b8b5f6122e34", "name": "Uerschhauser Badi Nussbaumersee", "description": "<p>Die Uerschhauser Badi am Nussbaumersee ist ein beliebter Naturbadeplatz im Thurgau und liegt eingebettet in der gesch&uuml;tzten Landschaft des Seebachtals. Die weitl&auml;ufige Liegewiese mit sonnigen und schattigen Bereichen l&auml;dt zum Verweilen ein. Ein Sprungbrett sorgt f&uuml;r zus&auml;tzlichen Badespass, w&auml;hrend die Grillstelle den Aufenthalt am See erg&auml;nzt. Der Nussbaumersee ist von einer wertvollen Endmor&auml;nenlandschaft umgeben und geh&ouml;rt zu einem Gebiet von regionaler Bedeutung. Die ruhige Lage, die naturnahe Umgebung und der freie Blick auf das Wasser machen die Uerschhauser Badi zu einem besonderen Ausflugsziel f&uuml;r Erholung und Naturerlebnisse im Thurgau.</p>", "image": "https://tgtpimtsoch.sos-ch-dk-2.exoscale-cdn.com/catalog/2/8/2/1/282103f39ca4e5747e497f259b36cbb5ac4264a6_small__Huettwilen_Nussbaumersee.jpg", "openstreetmap_id": "way/295675688"}, "geometry": {"type": "Point", "coordinates": ["8.814167976379396", "47.613338619311435"]}}, {"type": "Feature", "properties": {"identifier": "3165c158-4864-4aab-b90f-12ef9b3b5a17", "name": "Event-Raum Engels-Fr\u00fcchtehof", "description": "Der moderne Veranstaltungsraum auf dem Engels-Fr\u00fcchtehof bietet Platz f\u00fcr bis zu 70 Personen. Er verf\u00fcgt \u00fcber eine erstklassige Ausstattung. Komplette Bestuhlung, grossz\u00fcgige Tische, Beamerwand mit Beamer sowie Geschirr sind vorhanden. Wer selbst anpacken m\u00f6chte, dem steht eine tolle Gastrok\u00fcche zur Verf\u00fcgung, ausgestattet mit Buffet, Induktionsfelder, Tellerw\u00e4rmer, Gastro-Steamer, K\u00fchlschrank, Geschirrsp\u00fcler, K\u00fchltheke, Kaffeemaschine und einer Auswahl an Getr\u00e4nken. Eine attraktive \u00fcberdachte Aussenterrasse mit malerischem Blick auf den Untersee und die Burg Hohenklingen l\u00e4dt zum Pausieren und Geniessen ein. Viel Holz schafft ein wohliges Ambiente. Familie Engel bietet in ihrem Hofladen Gem\u00fcse und Fr\u00fcchte aus eigener Produktion zur Verwendung an. Ein Ap\u00e9ro mit kalter Platte sowie Dekorationen und Floristik richtet das Familienunternehmen in dritter Generation ebenfalls gerne aus. Auf Wunsch organisiert der Fr\u00fcchtehof f\u00fcr die weitere Verpflegung ein passendes Catering mit einem regionalen Partyservice. G\u00e4sten steht es aber auch frei, ihr eigenes Catering mitzubringen.", "url": "https://www.engel-mammern.ch/", "image": "https://tgtpimtsoch.sos-ch-dk-2.exoscale-cdn.com/catalog/1/c/b/4/1cb4ba61c17f50b7c1bb8db7ff40dc142f984740_8__2.jpg", "openstreetmap_id": "way/306904390"}, "geometry": {"type": "Point", "coordinates": ["8.913065086888112", "47.64458355"]}}, {"type": "Feature", "properties": {"identifier": "31b26585-89d4-4076-8656-c87c6bc63e5c", "name": "pipo\u2018s BAR", "description": "pipo\u2019s BAR in Berlingen ist ein ganzj\u00e4hrig gef\u00fchrter Betrieb direkt am Untersee, der durch die Kombination aus Sommer-Outdoorbetrieb und Winter-Indoorbetrieb auff\u00e4llt. In den Sommermonaten pr\u00e4sentiert sich die Bar als offene Beach-Lounge am Wasser mit Blick auf See und Sonnenuntergang. Im Mittelpunkt stehen entspannte Stunden in Liegest\u00fchlen, leichte Snacks wie Salate und Pinsa, Grilladen sowie eine sorgf\u00e4ltig zusammengestellte Auswahl an Drinks und Aperitivi. In der Wintersaison verwandelt sich pipo\u2019s BAR in eine stimmungsvolle Indoor-Cocktailbar mit \u00fcberschaubarer, aber hochwertiger Spirituosenauswahl, Signature Cocktails, Hot Dogs und Pinsa. Die Lage direkt am See, das pers\u00f6nliche Gastgeberkonzept und der klare Fokus auf unkomplizierte Auszeiten machen pipo\u2019s BAR zu einem Treffpunkt f\u00fcr Einheimische, Ausflugs- und Ferieng\u00e4ste, die ein authentisches, saisonal gepr\u00e4gtes Angebot im Thurgau suchen.", "url": "https://www.pipos-bar.ch", "image": "https://tgtpimtsoch.sos-ch-dk-2.exoscale-cdn.com/catalog/d/7/1/0/d7101b30fea12b883bbab8990437884b63765218_IMG_7645.jpeg", "openstreetmap_id": "node/875621076"}, "geometry": {"type": "Point", "coordinates": ["9.0111", "47.6721194"]}}, {"type": "Feature", "properties": {"identifier": "32a2d570-784c-42cd-9a6b-d7616e3bd1e5", "name": "Schloss Wartegg", "description": "Ein Ort, in dem Sorgfalt gross geschrieben wird: im Umgang mit den G\u00e4sten, in der architektonischen Gestaltung, im Hotelbetrieb, in der Auswahl und der Zubereitung der Speisen, Sorgfalt auch im Umgang mit der Natur. Im Zusammenwirken mit einer langen und bewegten Geschichte entsteht so eine ganz besondere Atmosph\u00e4re - sowohl f\u00fcr konzentrierte Arbeit als auch f\u00fcr genussvolle Erholung. Ein Ort, wo Weite und Geborgenheit zusammenfinden. Alle Produkte sind \u00abBio\u00bb. Im Schloss-Restaurant mit gr\u00fcnem Michelin-Stern und 13 GaultMillau-Punkten w\u00e4hlen die G\u00e4ste mittags und abends aus gartenfrischen, kreativen Gerichten. Ein Highlight des Bio-Restaurants ist die einladende Gartenterrasse mit stimmungsvollem Blick auf den Englischen Park und den Bodensee. Das Schloss Wartegg besitzt Elektroauto-Ladestationen.", "url": "https://wartegg.ch/", "image": "https://tgtpimtsoch.sos-ch-dk-2.exoscale-cdn.com/catalog/1/f/5/f/1f5f4761bcbb7e2d49d8f8804a5a05da51031042_60cb083f82f4fdab06ed71e486c6f690aff3542a_Luftaufnahme_mit_See__1_.jpg", "openstreetmap_id": "way/638886635"}, "geometry": {"type": "Point", "coordinates": ["9.529985511471557", "47.47846955"]}}, {"type": "Feature", "properties": {"identifier": "352a2406-d926-4f52-a8ad-fcfc3acc5f1f", "name": "Geissgada \u2013 Ziegen-Events mit Herz", "description": "<p>Geissgada in Hohentannen im Thurgau erm&ouml;glicht besondere Erlebnisse mit f&uuml;nf charakterstarken Capra-Grigia-Ziegen. Beim Ziegentrekking, Teambuilding, Ziegenbesuch oder bei genussvollen Abenteuern in der Natur entstehen Begegnungen zwischen Mensch und Tier. Die Ziegen geben dabei den Takt an, neugierig, eigenwillig, manchmal frech und immer ganz im Moment.</p><p>Gemeinsam mit den Tieren f&uuml;hrt der Weg durch die Thurgauer Natur, &uuml;ber neue Wege und durch abwechslungsreiche Landschaften. geissgada steht f&uuml;r Verbundenheit, Natur, Genuss und echte Begegnungen abseits von allt&auml;glichen Erlebnissen. Die individuellen Charaktere der Ziegen machen jede Begegnung einzigartig und schaffen Momente, die &uuml;berraschen, ber&uuml;hren und nachhaltig in Erinnerung bleiben. Ein besonderes Erlebnis mit H&ouml;rnern, Naturverbundenheit und einer starken Verbindung zwischen Tier und Mensch.</p>", "url": "https://www.geissgada.com", "image": "https://tgtpimtsoch.sos-ch-dk-2.exoscale-cdn.com/catalog/c/c/8/a/cc8a16fba002c289178a79c94b425d3e306b0e2f_Mimi_080.jpg", "openstreetmap_id": "node/13158504515"}, "geometry": {"type": "Point", "coordinates": ["9.2162145", "47.5350507"]}}, {"type": "Feature", "properties": {"identifier": "3601411b-91ea-435a-b762-0da5ff180acf", "name": "Munot Saal"}}, {"type": "Feature", "properties": {"identifier": "36570240-0880-4f12-bbc9-6a42fbaf97f2", "name": "B&B Pusteblume", "description": "<div>Den G\u00e4sten steht ein eigenes Bad mit Dusche/WC sowie ein eigenes Gartensitzpl\u00e4tzli zum Verweilen zur Verf\u00fcgung. Im Haus in l\u00e4ndlicher Umgebung wohnen nebst den Gastgebern auch zwei Katzen. Das B&amp;B Pusteblume eignet sich wunderbar als Ausgangspunkt, um die Rosenstadt Bischofszell kennenzulernen. Die Region Bischofszell / Thurgau bietet zudem viele M\u00f6glichkeiten die Freizeit zu gestalten, wie zum Beispiel Velofahren (u.a. Thur-Route 95), Wandern, Ausfl\u00fcge an den Bodensee oder ins Appenzellerland und vieles mehr.\n\nDas zeichnet das B&amp;B Pusteplume aus:\nZimmer mit einer Fl\u00e4che von &gt; 25 m2\n2 Schlafpl\u00e4tze (ohne Extrabett)\nreichhaltiges Fr\u00fchst\u00fcck (auf Wunsch) \nMindestaufenthalt: 1 Nacht\nWLAN\nDie Gastgeber legen Wert auf Nachhaltigkeit. Die Lebensmittel stammen aus der Region.<br></div>", "url": "https://bnb.ch/pusteblume-3265", "image": "https://tgtpimtsoch.sos-ch-dk-2.exoscale-cdn.com/catalog/c/4/d/a/c4da8accf38ab2770cafbdcc1ce7fb4c84ccac65_IMG_0127.JPG", "openstreetmap_id": "way/215120879"}, "geometry": {"type": "Point", "coordinates": ["9.2488598", "47.4931749"]}}, {"type": "Feature", "properties": {"identifier": "36aa68c9-ebe3-42e5-aa07-3059f5ba9261", "name": "Park-Hotel Inseli am Bodensee", "description": "<p>Mit ihren Erd- und Blaut&ouml;nen erinnern die hellen, geschmackvoll eingerichteten Zimmer des Park-Hotels Inseli an See und Strand. Das passt. Das Hotel liegt direkt am Bodensee, eingebettet in einen weitl&auml;ufigen malerischen Park. Erholen k&ouml;nnen sich G&auml;ste hier nicht nur dank der Ruhe und Weite des Wassers, sondern auch im Kosmetik- &amp; Massagestudio oder in der kleinen aber feinen &laquo;Wellness-Oase&raquo; mit Sauna, Whirlpool und Fitness Raum. Kulinarisch verw&ouml;hnen das Panoramarestaurant und die idyllische Seeterrasse, aber auch die Porto-Bar. Das Angebot an regionalen Spezialit&auml;ten umfasst st&auml;ndig fangfrischen Bodenseefisch, vegetarische und vegane Gerichte sowie t&auml;glich wechselnde Men&uuml;s. F&uuml;r Anl&auml;sse wie Seminare, Bankette, Hochzeiten, Familien- und Vereinsfeiern erfreuen helle R&auml;umlichkeiten mit Seeblick oder die M&ouml;glichkeit, bei sch&ouml;nem Wetter draussen, direkt am Wasser zu feiern. Am Bodenseeufer und im Park lassen sich Spazierg&auml;nge, Badefreuden, Touren auf zwei R&auml;dern und Skaten geniessen.</p>", "url": "http://hotelinseli.ch/", "image": "https://tgtpimtsoch.sos-ch-dk-2.exoscale-cdn.com/catalog/d/6/8/2/d682497ab7b8b39c64593bdbd6547a6c9e3c5b6f_HotelInseli_Aussenansicht.jpg", "openstreetmap_id": "node/1754681456"}, "geometry": {"type": "Point", "coordinates": ["9.3813604", "47.570359"]}}, {"type": "Feature", "properties": {"identifier": "3830dfc2-adac-486c-a575-93b3fcf4970c", "name": "Chocolarium - die Gl\u00fccksfabrik von Munz und Minor", "description": "Wer Schokolade liebt, kommt um einen Besuch im Chocolarium nicht herum. Auf dem interaktiven Erlebnis-Rundgang entdecken Schoggifans auf spielerische Weise viel Wissenswertes \u00fcber Schokolade \u2013 und wie das Gl\u00fcck seinen Weg in jede Tafel findet.\nVon der Glasgalerie aus l\u00e4sst sich hautnah beobachten, wie die beliebten Produkte von Munz und Minor entstehen.\nEin besonderes Highlight bietet der Raum f\u00fcr individuelles Gl\u00fcck: Verschiedene Schokoladenbrunnen laden dazu ein, die Sorten Weiss, Milch, Dunkel, Himbeere und sogar vegane Gianduja zu probieren und zu bewerten \u2013 Naschen ist hier ausdr\u00fccklich erw\u00fcnscht.\nZum Abschluss wird der Rundgang mit einer s\u00fcssen Erinnerung abgerundet: Die Show\u2011Confiseurin giesst eine frische Schoggitafel oder \u2013 wahlweise \u2013 zwei Schokoladenherzen, die nach Herzenslust verziert werden d\u00fcrfen. Dieses pers\u00f6nliche Kunstwerk nehmen die G\u00e4ste anschliessend als s\u00fcsse Erinnerung mit nach Hause.\nDas Chocolarium, eines der beliebtesten Ausflugsziele der Ostschweiz, heisst alle Besucherinnen und Besucher herzlich willkommen!", "url": "https://www.chocolarium.ch/", "image": "https://tgtpimtsoch.sos-ch-dk-2.exoscale-cdn.com/catalog/3/9/4/4/39446d3423b65e3ef179311b78bfbcd8dcc3d3e8_Flawi_Chocolarium_Tour_Familie.jpg", "openstreetmap_id": "way/196358285"}, "geometry": {"type": "Point", "coordinates": ["9.1649342", "47.4130675"]}}, {"type": "Feature", "properties": {"identifier": "38e9c8c1-607e-4c91-a2dc-a2bc7893462c", "name": "US-MEX Frauenfeld", "description": " Eintreten und das Leben geniessen! Das im US-Mexikanischen Stil gestaltete Restaurant mit grossz\u00fcgiger Sonnenterrasse ist direkt an der Murg gelegen und l\u00e4sst Urlaubsgef\u00fchle aufkommen! Die US-MEX Speisekarte bietet Klassiker und eigene Kreationen aus der mexikanischen und amerikanischen K\u00fcche, die durch geschmackliche Vielfalt, Frische und Qualit\u00e4t \u00fcberzeugen. Es werden angemessen Portionen zu fairen Preisen serviert.\n\nDirekt neben dem US-MEX Restaurant befindet sich der US-MEX Sal\u00f3n; eine Caf\u00e9 Bar mit dem Flair eines gem\u00fctlichen Wohnzimmers. Serviert werden feine Kaffees & auserw\u00e4hlte Tees, s\u00fcffige Cocktails sowie leckere Snacks f\u00fcr den kleinen Hunger.\n\nVon April bis September lassen sich die Sonnentage am entspanntesten in der US-MEX Terraza, der Strandbar an der Murg ausklingen. Freuen d\u00fcrfen sich die G\u00e4ste \u00fcber gem\u00fctliche Lounges, ein passendes Getr\u00e4nkeangebot und unwiderstehliche US-MEX Snacks.", "url": "http://www.usmex.ch/", "image": "https://tgtpimtsoch.sos-ch-dk-2.exoscale-cdn.com/catalog/9/d/4/1/9d41e6f7f8ccbbd6536ca2fc8aaae917a2e9146d_170622_USM_FF_Terrasse_dunkel_031.jpg", "openstreetmap_id": "3662213913.0"}, "geometry": {"type": "Point", "coordinates": ["8.8963718", "47.5547915"]}}, {"type": "Feature", "properties": {"identifier": "3a0d3c0f-f1a6-4cd9-a2d7-17ec214bdf15", "name": "Ferienwohnung Pferde- und Eselhof Gr\u00fcnegg", "description": "<p>Pferde, Esel, Walliser Schwarznasenschafe, Kune-Kune-Schweine und Katzen machen den Hof zu einem lebendigen Ort, an dem Landwirtschaft hautnah erlebbar wird. Kinder k&ouml;nnen Esel striegeln, mit ihnen Spazierg&auml;nge durch den Wald unternehmen oder beim Versorgen der Tiere mithelfen. Die wolligen Schafe lassen sich gerne kraulen, w&auml;hrend die Schweine f&uuml;r heitere Momente sorgen. Ein besonderes Erlebnis ist eine Kutschenfahrt mit den imposanten Kaltblutpferden, die eindrucksvolle Ausblicke er&ouml;ffnet.</p><p>Die Ferienwohnung misst 78 m&sup2; und umfasst zwei Schlafzimmer mit insgesamt sechs Betten und einem Kinderbett, eine gut ausgestattete K&uuml;che mit Kaffeevollautomat, Fondueset und Raclette-Ofen, ein Esszimmer mit Kaminofen, eine Sofaecke mit TV/Radio/WLAN sowie ein Badezimmer mit Dusche/WC. Ein Aussensitzplatz mit Grill l&auml;dt zum Verweilen ein. In der Umgebung locken Stein am Rhein mit seiner historischen Altstadt, idyllische Badeseen sowie vielf&auml;ltige Ausflugsm&ouml;glichkeiten rund um den Bodensee.</p>", "url": "http://www.ferienwohnung-gruenegg.ch", "image": "https://tgtpimtsoch.sos-ch-dk-2.exoscale-cdn.com/catalog/1/9/4/9/19499f088bebfc581d7fcbf22167b9c99512e0c2_Eschenz_Pferdehof_Gruenegg_Tiere.jpg", "openstreetmap_id": "way/91357234"}, "geometry": {"type": "Point", "coordinates": ["8.870048299999997", "47.6248708"]}}, {"type": "Feature", "properties": {"identifier": "3ceabd8f-2872-4a51-bdb4-2e888f59ee9b", "name": "Kunsthalle Arbon", "description": "Mit dem \u00fcber die letzten Jahre gesch\u00e4rften Profil f\u00fcr experimentelle, installative Kunst in der charaktervollen Halle nimmt die Kunsthalle Arbon eine einzigartige Rolle unter den Ausstellungsr\u00e4umen in der Schweiz wahr.\n\nDie Ausstellungen wollen nicht das etabliert-museale Kunstverst\u00e4ndnis vermitteln, sondern dessen Weiterentwicklung und Erweiterung, wo Kunst Widerspruch, Irritation und Wagnis, nicht Best\u00e4tigung ist.\n\nDie Ausstellungen in der Kunsthalle Arbon sollen \u00fcberraschen und die Kunst einem breiten, vielschichtigen Publikum als besonderes Erlebnis und als Mehrwert erfahrbar machen. Die qualitativ hochstehende Kunst jenseits des Mainstreams will zudem auch dem Fachpublikum einen Ausflug in die Region lohnend machen.\n\nDer Eintritt in die Ausstellungen der Kunsthalle Arbon ist frei.", "url": "http://www.kunsthallearbon.ch/", "image": "https://tgtpimtsoch.sos-ch-dk-2.exoscale-cdn.com/catalog/7/3/e/a/73eaebbc948177176aead0ff9f2665f681d3200c_Ana_Strika_Kunsthalle_Arbon_2022_2.jpg", "openstreetmap_id": "way/258506399"}, "geometry": {"type": "Point", "coordinates": ["9.43403513194969", "47.51791455"]}}, {"type": "Feature", "properties": {"identifier": "3da1efc0-d84c-4f70-ac5f-91702b893e03", "name": "Hotel Sternen Unterwasser", "description": "<p>Im Hotel Sternen Unterwasser werden Seminare f&uuml;r die Teilnehmer zu einem besonderen Erlebnis. Das Hotel hebt sich nicht durch Hightech, sondern durch Hightouch &ndash; also durch die Fokussierung auf den Menschen ab &ndash; und vermitteln den Besuchenden die n&ouml;tige Ruhe und Gelassenheit, um sich ganz und gar auf den Inhalt des Seminars zu konzentrieren. Es stehen drei Seminarr&auml;ume und ein Gruppenraum zur Verf&uuml;gung. Technische Hilfsmittel sowie die &uuml;bliche Seminarinfrastruktur sind im Haus ebenfalls vorhanden. Von der Sitzung mit f&uuml;nf Personen &uuml;ber ein Seminar bis zum Kongress mit 150 Personen, im Hotel Sternen ist alles m&ouml;glich.</p><h6>Infrastruktur</h6><p>- 31 Hotelzimmer&nbsp;<br>- 3 Seminarr&auml;ume, 1 Gruppenraum <br>- Chemin&eacute;e-Bar</p><h6>Rahmenprogramm direkt vor Ort</h6><p>- Grossz&uuml;gige Lobby mit Billard und Tischfussball&nbsp;<br>- Klangwelt <br>- Besuch auf dem Ch&auml;serrugg <br>- Ch&auml;&auml;swelt Toggenburg <br>- Baumwipfelpfad</p>", "url": "https://www.sternen.biz/reception/", "image": "https://tgtpimtsoch.sos-ch-dk-2.exoscale-cdn.com/catalog/5/0/e/0/50e03faa77b973aec4ef80e21f75a5342a622a3f_Unterwasser_Hotel_Sternen_Aussenansicht_web.jpg", "openstreetmap_id": "way/222237307"}, "geometry": {"type": "Point", "coordinates": ["9.3111429", "47.19712425"]}}, {"type": "Feature", "properties": {"identifier": "3dad61a4-8f0d-4650-ba63-ca6764dcbdf6", "name": "Bistro Live Weinfelden", "description": "<p>Seit 1987 ist das Bistro Live ein Ort der Begegnung, an dem Gastfreundschaft und Genuss gelebt werden. Mit wechselnden Mittags- und Wochenmen\u00fcs, feinen Grillspezialit\u00e4ten und besten Weinen zu fairen Preisen sorgen wir f\u00fcr Kulinarik, die Freude macht. Unsere Gerichte werden frisch zubereitet und wenn immer m\u00f6glich verwenden wir saisonale Produkte aus der Schweiz von hochwertiger Qualit\u00e4t. Abgerundet durch einen pers\u00f6nlichen Service sorgen wir f\u00fcr eine famili\u00e4re Atmosph\u00e4re, in welcher sich jeder willkommen und wie zu Hause f\u00fchlen darf.</p>", "url": "https://bistro-live.ch", "image": "https://tgtpimtsoch.sos-ch-dk-2.exoscale-cdn.com/catalog/c/9/e/3/c9e3cdf7704d51c900e4bfc97b6fe0ec4a65c38d_bistro_live_gastraum.jpg", "openstreetmap_id": "node/894553995"}, "geometry": {"type": "Point", "coordinates": ["9.1253678", "47.5630951"]}}, {"type": "Feature", "properties": {"identifier": "3f11830d-a224-4365-a4a5-e0fcd9196ee3", "name": "1001 Freizeit Arena", "description": "Die 1001 Freizeit Arena pr\u00e4sentiert nicht nur 10 topmoderne Bowlingbahnen, sondern auch eine grossz\u00fcgige Tennis- und Badmintonhalle. F\u00fcr Liebhaber von Billard, Snooker und Dart gibt es hier ebenso ein vielf\u00e4ltiges Angebot.\n\nEin einzigartiges und actiongeladenes Spielerlebnis erwartet die G\u00e4ste in der 1001-Virtual Arena. Dank modernster Wireless-VR-Technologie kann die aufregende Welt des Free-Roam Virtual Gaming in voller Bewegungsfreiheit erkundet werden.\n\nDas moderne Spielparadies f\u00fcr Kinder begeistert mit erlebnisreichen Spielger\u00e4ten und Attraktionen wie Rutschen, Riesentrampolin, Kletterlabyrinth, Ballgruben, uvm. Langeweile ist bei diesem bunten und vielf\u00e4ltigen Angebot f\u00fcr Kinder jeden Alters ausgeschlossen.\n\nIn den hauseigenen Event-Restaurants, die besonders bei geselligen Firmen-, Vereins- oder Gruppenanl\u00e4ssen beliebt sind, werden verschiedene Plauschangebote wie Raclette- oder Pizzaplausch angeboten. Die Event-Restaurants bieten sich auch optimal f\u00fcr Kindergeburtstage an.", "url": "http://www.sport1001.ch/", "image": "https://tgtpimtsoch.sos-ch-dk-2.exoscale-cdn.com/catalog/4/e/9/1/4e91652d444f3bb2234e8e94f96831aeaf81476c_1001_Freizeit_AG_mit_Logo.jpg", "openstreetmap_id": "3595906777.0"}, "geometry": {"type": "Point", "coordinates": ["9.28957", "47.54096"]}}, {"type": "Feature", "properties": {"identifier": "40936cb2-b150-4d28-a2c4-e9e469701726", "name": "Lake Lodge Romanshorn", "description": "Das Bed & Breakfast liegt am Bodensee und ist der ideale Ausgangspunkt f\u00fcr Radtouren um den See und durch den sch\u00f6nen Thurgau. Der nahe Alpstein l\u00e4dt zu ausgedehnten Wanderungen ein und am Abend erfrischt der Bodensee mit einem k\u00fchlen Bad. Auf der sch\u00f6nen Terrasse in der Sonne baden oder im Schatten ein kleines Schl\u00e4fchen geniessen. Die Ruhe in der Lake Lodge ist dem Gast sicher. Die ger\u00e4umigen und geschmackvoll eingerichteten Zimmer bieten Platz f\u00fcr 2  oder 4 Personen. Die Gemeinschaftsr\u00e4ume wie K\u00fcche, Wohn- und Esszimmer sind ger\u00e4umig und im Herbst und Winter brennt ein gem\u00fctliches Kaminfeuer. Die Gastfreundschaft steht in der Lake Lodge im Mittelpunkt und Gespr\u00e4che mit den Gastgebern sind stets willkommen. In Gehdistanz rund im das Hafenbecken hat es verschiedene Restaurants, die die G\u00e4ste mit internationalen Gerichten verw\u00f6hnen.", "url": "http://lakelodge-romanshorn.ch", "image": "https://tgtpimtsoch.sos-ch-dk-2.exoscale-cdn.com/catalog/d/b/c/6/dbc65d39140faf180f7cd9cb90350116e6fef73a_IMG_0622__1_.JPG", "openstreetmap_id": "way/307378888"}, "geometry": {"type": "Point", "coordinates": ["9.3809316", "47.5702438"]}}, {"type": "Feature", "properties": {"identifier": "4322dd9f-759c-4175-bcb3-93b330d9d4f9", "name": "Erlebnis- und B\u00fcffelhof Bolderhof", "description": "<p>Der Bolderhof in Hemishofen ist ein Bio- und B&uuml;ffelhof, eingebettet in die naturnahe Rheinlandschaft nahe dem Bodensee. Der landwirtschaftliche Betrieb verbindet nachhaltige Landwirtschaft mit naturnahen &Uuml;bernachtungsm&ouml;glichkeiten und einem Bio-Hofrestaurant, das regionale Spezialit&auml;ten aus biologischer Produktion bietet. Als einer der wenigen H&ouml;fe in der Schweiz mit Wasserb&uuml;ffelhaltung und einem der gr&ouml;ssten Agroforstprojekte des Landes setzt der Bolderhof auf Innovation und Biodiversit&auml;t. Erg&auml;nzt wird das Angebot durch authentische Natur- und Tiererlebnisse wie Kuhreiten, Wasserb&uuml;ffel streicheln und H&uuml;hner besuchen.</p><p>Mit Bio-Hofrestaurant, aussergew&ouml;hnlichen &Uuml;bernachtungsm&ouml;glichkeiten, Wasserb&uuml;ffelhaltung und authentischen Naturerlebnissen verbindet der Bolderhof Genuss, Erholung und Landwirtschaft auf einzigartige Weise.</p>", "url": "https://www.bolderhof.ch/", "image": "https://tgtpimtsoch.sos-ch-dk-2.exoscale-cdn.com/catalog/6/0/4/2/6042f349996d5c801d3a655c28bfba572877fe02_Muttertag_2024_snipp.JPG", "openstreetmap_id": "way/89418878"}, "geometry": {"type": "Point", "coordinates": ["8.821288", "47.6845802"]}}, {"type": "Feature", "properties": {"identifier": "4361b38d-ae0a-4d49-880d-6be5926445a3", "name": "G\u00e4stewohnung \u00abWilder Wein\u00bb", "description": "In Romanshorn erwartet Sie in einem ruhigen Quartier, in einem von wildem Wein umrankten Nebengeb\u00e4ude, eine 2-Zimmer G\u00e4stewohnung. Bahnhof, Hafen, Supermarkt so wie die Seepromenade sind in ca. 5 Gehminuten zu erreichen.", "url": "https://www.wilder-wein.ch/", "image": "https://tgtpimtsoch.sos-ch-dk-2.exoscale-cdn.com/catalog/9/2/3/8/9238493ca8389cbaed0b8dc738af6ff65313d84b_ca3b26dc_8d9b_4866_824d_d85a6753d118.jpg", "openstreetmap_id": "way/422856632"}, "geometry": {"type": "Point", "coordinates": ["9.373571491543684", "47.561088549999994"]}}, {"type": "Feature", "properties": {"identifier": "447ec572-5161-4857-b968-206be8e45859", "name": "L\u00fctispitzsaal", "image": "https://tgtpimtsoch.sos-ch-dk-2.exoscale-cdn.com/catalog/4/8/1/d/481d024e95203b8bb4409c3c4b7181921a5d3dd4_Unterwasser_Hotel_Sternen_Bankett_web__4.jpg"}}, {"type": "Feature", "properties": {"identifier": "450f04be-6022-4684-8e8d-7ec6d5eb99c8", "name": "Kanuschule Bodensee \u2013 Kanu- und SUP-Erlebnisse", "description": "<p class=\"isSelectedEnd\">Mit der Kanuschule Bodensee entdecken G&auml;ste die Faszination des Paddelns in Arbon: Interessierte profitieren von einer Vielzahl an Kursen &ndash; vom Seekajak &uuml;ber Surfski bis hin zu spezialisierten Techniktrainings. Als f&uuml;hrendes Testzentrum f&uuml;r Epic-, Nelo-, Tiderace- und die faltbaren Oru Kayaks bietet die Kanuschule Bodensee h&ouml;chste Qualit&auml;t und neuste Innovationen im Paddelsport. Das Angebot richtet sich sowohl an Einzelpersonen als auch an Gruppen, inklusive Firmenausfl&uuml;gen und Teambuilding-Events mit Grosskanadiern.</p><p>Der Wassersport-Shop h&auml;lt alles bereit, was f&uuml;r ein Paddelabenteuer ben&ouml;tigt wird. Hier gibt es nicht nur die perfekte Ausr&uuml;stung, sondern auch ein Team, das seine Leidenschaft f&uuml;r den Wassersport teilt. Interessierte erleben den Bodensee von seiner sch&ouml;nsten Seite &ndash; auf dem Wasser, gest&auml;rkt durch Sport und umgeben von Natur. Die Kanuschule Bodensee sorgt f&uuml;r unvergessliche Paddelerlebnisse.</p>", "url": "http://www.kanuschule-bodensee.ch/", "image": "https://tgtpimtsoch.sos-ch-dk-2.exoscale-cdn.com/catalog/9/f/0/1/9f01ab311e142ad860d1276efe3375d369f8dd8d_Teamfoto__2.jpeg", "openstreetmap_id": "way/259196140"}, "geometry": {"type": "Point", "coordinates": ["9.419058233648066", "47.525958200000005"]}}, {"type": "Feature", "properties": {"identifier": "46bb0cb4-9a5d-423a-9ba6-bdecd280324d", "name": "Macardo Swiss Distillery", "description": "<p>Was 2007 klein in einer ehemaligen K\u00e4serei in Strohwilen begann, ist heute ganz gross geworden: Das neue Macardo-Hauptquartier. Hier taucht der Gast in die Welt des Edelbrandes ein. Mit Leidenschaft wird gemaischt, verg\u00e4rt, gebrannt und ausgebaut \u2013 nach \u00fcberlieferten Geheimrezepten, zeitintensiven Brennverfahren und mit h\u00f6chsten Qualit\u00e4tsanspr\u00fcchen an die meist regionalen Zutaten. Die modernsten Standards entsprechende Infrastruktur kann bei F\u00fchrungen entdeckt, die Spirituosen bei Tastings probiert werden.</p>", "url": "http://www.macardo.ch/", "image": "https://tgtpimtsoch.sos-ch-dk-2.exoscale-cdn.com/catalog/2/1/7/d/217d18224cae3c96aa72445ed167355a0bbe4dff_19D3CBBA_9432_4DF1_84C3_E3F41CF42644.jpeg", "openstreetmap_id": "4486380989"}, "geometry": {"type": "Point", "coordinates": ["9.012916300000027", "47.5506618"]}}, {"type": "Feature", "properties": {"identifier": "48884e5a-ff62-4d48-8f87-f3185e240408", "name": "Gasthaus zum Trauben", "description": "1798 wurde hier die Freiheit des Kantons ausgerufen. Das 500 Jahre alte Geb\u00e4ude ist eines der wertvollsten Kulturg\u00fcter von Weinfelden. Frisch umgebaut und renoviert. Entstanden ist eine charakterstarke Mischung aus dem Charme des Altbew\u00e4hrten und der Eleganz der Moderne \u2013 nicht nur architektonisch, sondern auch kulinarisch. Das Credo des regionalen Speiseangebots: Den Geschmack und die Qualit\u00e4t von Thurgauer Produkten auf den Teller bringen, \u00fcberraschend und modern interpretiert!\n\nIm Gasthaus zum Trauben wohnen die G\u00e4ste zentral in 14 hellen und frisch renovierten Hotelzimmern, welche den Blick auf das Rathaus oder die Kirche von Weinfelden frei geben. Restaurant, Weinkeller und Terrasse verw\u00f6hnen die G\u00e4ste. Auch feiern und tagen l\u00e4sst es sich hier hervorragend. Das Gasthaus zum Trauben bietet R\u00e4ume mit geschichtstr\u00e4chtiger Atmosph\u00e4re in unterschiedlichen Gr\u00f6ssen, Formen und Stilen \u2013 vom gem\u00fctlichen St\u00fcbli, \u00fcber die barocke Weinfelderstube bis zum modernen Festsaal mit multifunktionaler B\u00fchne.", "url": "https://www.trauben-weinfelden.ch/", "image": "https://tgtpimtsoch.sos-ch-dk-2.exoscale-cdn.com/catalog/c/a/5/f/ca5fc04bd19faac04cafa03f614d388b5f40b6cf__DSC9334_min.jpg", "openstreetmap_id": "251369002.0"}, "geometry": {"type": "Point", "coordinates": ["9.1099919000001", "47.5683718"]}}, {"type": "Feature", "properties": {"identifier": "4a235589-a961-4e9d-8038-f2783c981927", "name": "Camping Ruderbaum", "description": "Der Platz ist ideal f\u00fcr Wassersportler, Biker, Inline-Skater und Wanderer. Der grosse Spielplatz bietet vielf\u00e4ltige M\u00f6glichkeiten f\u00fcr sportliche Bet\u00e4tigung von Jung und Alt. Es hat moderne, sehr gepflegte sanit\u00e4re Anlagen. Nebst der grossen Spielwiese hat es einen Spielplatz, einen Badestrand, eine Grillstation, einen Waschautomaten, Trockner, Internet, eine Camping-Bibliothek, eine Fahrradvermietung und eine Schiffanlegestelle. Der Campingplatz ist ausgezeichnet mit vier Sternen durch Swisscamp.", "url": "http://www.ruderbaum.ch/", "image": "https://tgtpimtsoch.sos-ch-dk-2.exoscale-cdn.com/catalog/a/b/c/6/abc6458c1f1e57dbe09c3d8556b138c7a9627e0e_IMG_0505.jpg", "openstreetmap_id": "way/674487915"}, "geometry": {"type": "Point", "coordinates": ["9.263524132842166", "47.6231883"]}}, {"type": "Feature", "properties": {"identifier": "4b0bf48d-7799-4421-bc31-d90d6da4ad26", "name": "Huus-Braui", "description": "Handwerklich gebraut mit reinem Roggwiler Quellwasser, auserlesenem Malz und Hopfen. Nicht filtriert, nicht pasteurisiert und frei von Konservierungsmitteln. Ehrlich! Prost!\n\nDie Brauerei liegt im Herzen von Roggwil TG, gleich neben einer der sch\u00f6nsten Schlossanlagen des Kantons. Wer die Bar besucht, steht gleichzeitig \u00abin\u00bb oder \u00ab\u00fcber\u00bb der Brauerei und hat Einsicht auf die grossen Tankanlagen. Auf Anfrage kann man sich durch die Brauerei f\u00fchren lassen und so einiges \u00fcber die Bierbraukunst erfahren. Die gem\u00fctliche Bar in den sch\u00f6n ausgebauten Kellerr\u00e4umen der \u00abalten \u00d6li\u00bb ist zu einem beliebten Treffpunkt geworden. Direkt in der Brauerei geniessen die G\u00e4ste ihr Feierabendbier. Ob hell, dunkel, gold oder das momentane Spezialbier, das Personal ist bei der Wahl gerne behilflich. Auch der kleine Hunger kommt nicht zu kurz. Die kleinen aber feinen Snacks runden das Biererlebnis in der Huus-Braui ab.", "url": "http://www.huus-braui.ch/", "image": "https://tgtpimtsoch.sos-ch-dk-2.exoscale-cdn.com/catalog/a/f/3/8/af387b55eb180c25e7f5cd7ddab6c9ead6048d29_Bier__2.jpg", "openstreetmap_id": "node/2355421358"}, "geometry": {"type": "Point", "coordinates": ["9.3954834", "47.5005029"]}}, {"type": "Feature", "properties": {"identifier": "4b78549d-c828-46e2-84f5-560c6e922c49", "name": "Tr\u00f6pfel \u2013 alkoholfreier Trinkgenuss", "description": "Als die Promillegrenze in der Schweiz gesenkt wurde, waren die Zeit, zwei Thurgauer Frauen und die Fr\u00fcchte reif f\u00fcr Tr\u00f6pfel! Patricia D\u00e4hler und Esther Schaefer kreierten ihren ersten alkoholfreien Schaumwein aus Ostschweizer Trauben und \u00c4pfeln. Dieser erhielt diverse Auszeichnungen. An den Erfolg kn\u00fcpften die Frauen mit drei weiteren Tr\u00f6pfeln, wie etwa dem Kingwer, leicht scharf, mit K\u00fcrbis und Schweizer Ingwer, sowie mit dem Paes an. Letzteres ist ein isotonisches Powergetr\u00e4nk in zwei Geschmacksrichtungen und perfekte Erfrischung nach sportlicher Aktivit\u00e4t. Der bisher letzte Coup der Tr\u00f6pfel-Erfinderinnen ist der Sansbulle, ein stilvoller Essensbegleiter zum Anstossen ohne Kohlens\u00e4ure und nat\u00fcrlich auch ohne Alkohol. Es gibt ihn in rot aus Regenttrauben, Haskap- und Aroniabeeren oder weiss mit Lavendel, Salbei, Quitten und weissen Traube. Auf dem Schweizer Regionalprodukte-Wettbewerb erhielt der Sansbulle die Goldmedaille. Mittlerweile werden j\u00e4hrlich \u00fcber 70\u2019000 Flaschen Tr\u00f6pfel-Getr\u00e4nke produziert und schweizweit vertrieben.", "url": "https://www.troepfel.ch/", "image": "https://tgtpimtsoch.sos-ch-dk-2.exoscale-cdn.com/catalog/5/6/6/9/5669642d091741bb174f0b9a6711d27d8252a0c9_Mammern_Troepfel_Detail_Flasche.jpg", "openstreetmap_id": "7334276086.0"}, "geometry": {"type": "Point", "coordinates": ["8.934338300000036", "47.6495936"]}}, {"type": "Feature", "properties": {"identifier": "5100bc2f-31c1-4bfc-a2f0-63e7b125443b", "name": "Golfsession", "description": "Diese neue Art des Golfens kann von allen ohne Vorkenntnisse gespielt werden. Wie der Name schon sagt, wird in urbaner Umgebung wie z.B. auf Gr\u00fcnfl\u00e4chen, industriellen Brachfl\u00e4chen, in Kiesgruben, in der Stadt etc. gespielt. Und anstatt auf ein konventionelles Loch zielt man mit den weichen B\u00e4llen auf ein Einkaufsw\u00e4geli, Strassenschild oder auf was auch immer die Umgebung zu bieten hat (sofern ungef\u00e4hrlich). Nach einer kurzen Einf\u00fchrung in die Regeln des Urban Golf werden erste Probeschl\u00e4ge ge\u00fcbt an selbst gew\u00e4hlten oder vom Urban-Golf-Team organisierten Locations (z.B. Kiesgrube, Park, o.\u00e4.). Jeder Teilnehmende erh\u00e4lt dazu einen Schl\u00e4ger und ein City Golf-Startset. In verschiedenen Gruppen wird dann der Parcours, der \u00fcblicherweise aus 9 \u00abL\u00f6chern\u00bb besteht, bespielt. Auf Wunsch mit Ap\u00e9ro w\u00e4hrend der Einf\u00fchrung oder nach der Rangverk\u00fcndigung.", "url": "http://www.golfsession.ch/", "image": "https://tgtpimtsoch.sos-ch-dk-2.exoscale-cdn.com/catalog/0/0/e/b/00ebf741a44b0cda4e463347bd8e3b798478ee49_Golfsession_urbangolf.jpg", "openstreetmap_id": "way/222031848"}, "geometry": {"type": "Point", "coordinates": ["8.89412080220134", "47.5537793"]}}, {"type": "Feature", "properties": {"identifier": "5306975d-5d96-43e3-bbc7-525d8e0aae64", "name": "Strandwirtschaft Schl\u00f6ssli", "description": "Die Strandwirtschaft Schl\u00f6ssli liegt direkt neben der Schiffsanlegestelle und bietet damit die perfekte Gelegenheit, dem regen Geschehen auf dem Bodensee zuzusehen. \n\nIn der geselligen Runde geniesst man im Sch\u00f6ssli eine feine Tavolata mit verschiedenen Fisch- und Fleischspezialit\u00e4ten. Auch vegetarische Gerichte und leckere Salatkombinationen stehen auf der Speisekarte. ", "image": "https://tgtpimtsoch.sos-ch-dk-2.exoscale-cdn.com/catalog/5/2/5/f/525f0b625e63bb52c2065de6fd409b02520c8a3b_Hauptbild.jpg", "openstreetmap_id": "node/5030067"}, "geometry": {"type": "Point", "coordinates": ["9.2098597", "47.6440984"]}}, {"type": "Feature", "properties": {"identifier": "539c2101-8d9d-431a-b317-7facf577f206", "name": "Schloss Herdern", "description": "<p>Das Schloss Herdern erhebt sich im Dorfzentrum von Herdern. Die Urspr&uuml;nge der Anlage reichen bis ins Mittelalter zur&uuml;ck. Besonders markant ist der achteckige Schlossturm mit seiner weithin sichtbaren Zwiebelhaube, der das Ortsbild von Herdern entscheidend pr&auml;gt. Im Laufe der Jahrhunderte entwickelte sich die ehemalige Wehranlage zu einem repr&auml;sentativen Schloss. Die Verbindung von mittelalterlicher Bausubstanz und barocker Architektur verleiht dem Ensemble seinen besonderen Charakter. Umgeben vom historischen Dorfkern bildet das Schloss Herdern einen bedeutenden kulturellen und architektonischen Bezugspunkt der Region. Neben seiner architektonischen Bedeutung ist das Schloss Herdern auch eng mit der Sozialgeschichte des Thurgaus verbunden. Das Schloss dient seit vielen Jahren als Standort einer sozialen Institution und steht beispielhaft f&uuml;r den Wandel historischer Bauwerke. Die eindrucksvolle Anlage vereint Geschichte, Kultur und gesellschaftliche Entwicklung und geh&ouml;rt zu den bedeutenden Kulturg&uuml;tern des Kantons Thurgau.</p>", "url": "https://www.schlossherdern.ch/", "image": "https://tgtpimtsoch.sos-ch-dk-2.exoscale-cdn.com/catalog/b/8/3/2/b832e30d9cfdf9e30d9e2fc0ea565a9be82dd67f_medium__Herdern_Schloss_Herdern_3.jpg", "openstreetmap_id": "node/5300918721"}, "geometry": {"type": "Point", "coordinates": ["8.9100273", "47.6041186"]}}, {"type": "Feature", "properties": {"identifier": "53b7bb47-6e83-4d6c-971b-017760fcf1ce", "name": "Seelinie mit Thurbo erleben", "description": "<p>Die Seelinie ist ein Bahn- und Naturerlebnis f&uuml;r alle. Ruhe und Gem&auml;chlichkeit bestimmen den Rhythmus. Die vielen Orte mit historischen Ortskernen laden ein zu Entdeckungstouren. Kulturell Interessierte besichtigen ein Museum, und Geniesser setzen sich in ein heimeliges Restaurant und lassen sich mit lokalen Spezialit&auml;ten verw&ouml;hnen. Der durchgehende Halbstunden-Takt von Rorschach (umsteigen in Romanshorn) nach Schaffhausen und umgekehrt ist ideal f&uuml;r eine ganzt&auml;gige Hop On Hop Off Tour entlang dem Bodensee und Rhein.</p><p>Unser Tipp: Panorama-Aussichten vom Sitzplatz auf der See- bzw. Flussseite geniessen.</p><p>Mit der Regionalbahn Thurbo t&auml;glich auf die Insel Lindau. In einer knappen Stunde ab Romanshorn und in einer guten halben Stunde ab Rorschach f&auml;hrt Thurbo ohne Umstieg auf die Insel.</p>", "url": "http://www.thurbo.ch/", "image": "https://tgtpimtsoch.sos-ch-dk-2.exoscale-cdn.com/catalog/1/9/4/f/194f6654e6d39a201fb3a7d7adb5026462276ef8_Mammern_Thurbo_Kuh.jpg", "openstreetmap_id": "relation/1684537"}, "geometry": {"type": "Point", "coordinates": ["9.1725621", "47.6464362"]}}, {"type": "Feature", "properties": {"identifier": "542e5e0c-7d3a-45e1-938d-69313b292003", "name": "US-MEX Terraza Steckborn", "description": "Direk am Wasser am Untersee lassen sich die Sommertage und die lauen Sommern\u00e4chte genussvoll erleben \u2013 Unvergessliche Sonnenunterg\u00e4nge garantiert! Serviert werden s\u00fcffige Drinks und unwiderstehliche US-MEX Snacks. Nat\u00fcrlich im gewohnten US-MEX Style: Grossz\u00fcgige Portionen zu fairen Preisen bei hoher Qualit\u00e4t. \n\nDie US-MEX Terraza Steckborn ist von April bis September bei gutem Wetter t\u00e4glich ge\u00f6ffnet. Informationen \u00fcber den \u00d6ffnungsstatus sind auf www.usmex-terraza.ch zu finden.\n\nWeitere US-MEX Terrazas sind in Kreuzlingen direkt am Bodensee sowie in Frauenfeld an der Murg zu finden. US-MEX Restaurants gibt es an vier Standorten: Frauenfeld, Schaffhausen, St. Gallen, Weinfelden.", "url": "https://www.usmex.ch/terraza-strandbar/welcome/", "image": "https://tgtpimtsoch.sos-ch-dk-2.exoscale-cdn.com/catalog/c/8/6/e/c86e80574650aedfc15a1b565d6ce1c1ec0e1ba6_Steckborn_US_Mex_Terraza_Hauptbild.jpg", "openstreetmap_id": "5630165520.0"}, "geometry": {"type": "Point", "coordinates": ["8.9716976", "47.6623611"]}}, {"type": "Feature", "properties": {"identifier": "55143370-d26f-4a91-9803-f9bc93cb990a", "name": "Firehouse Weinfelden", "description": "Waren es fr\u00fcher nur die legend\u00e4ren Partyn\u00e4chte, pr\u00e4sentieren wir uns heute als vielseitigen Treffpunkt f\u00fcr Kulinarik und Events. Nach wie vor feiern wir regelm\u00e4ssig zu altbekannten Partyformaten und bieten ein attraktives Eventprogramm mit abwechslungsreichem DJ-Line-Up. \n\n<p>Seit 2025 bietet das Firehouse zudem einen festen Restaurant-und Barbetrieb mit einem vielf\u00e4ltigen Angebot, diversen Cocktails &amp; Mockktails und attraktiven \u00d6ffnungszeiten. Von ofenfrischen Pizzen \u00fcber kreative Tapas bis hin zu abwechslungsreichen Hauptgerichten, im Firehouse steht Vielfalt an oberster Stelle. \n\nNeben dem regul\u00e4ren Betrieb kann das Firehouse auch f\u00fcr private Anl\u00e4sse oder Corporate Events gemietet werden. Erg\u00e4nzend zum passenden Setting und der notwendigen Infrastruktur steht ein komplettes Rundumpacket, von der Eventplanung bis zur Durchf\u00fchrung mit Catering, zur Verf\u00fcgung. \n\nWeitere Infos zum Firehouse &amp; Eventprogramm sind auf der Website zu finden.</p>", "url": "http://www.firehouse.ch/", "image": "https://tgtpimtsoch.sos-ch-dk-2.exoscale-cdn.com/catalog/7/4/e/9/74e9aeee09cfde9e68cbcff60cdb304807a511cb_250116_fh_sg_location_web__13__2.jpg", "openstreetmap_id": "node/1111145348"}, "geometry": {"type": "Point", "coordinates": ["9.1256513", "47.5629874"]}}, {"type": "Feature", "properties": {"identifier": "554babe1-f965-4a55-aeb3-3e7d5f9440f9", "name": "Schlossbadi Frauenfeld", "description": "<p class=\"isSelectedEnd\">Mit Hallenbad und Freibad vereint die Schlossbadi im Herzen von Frauenfeld ganzj&auml;hriges Badevergn&uuml;gen. Mit einem grossz&uuml;gigen Schwimmbecken, attraktiven Wasserfl&auml;chen und gepflegten Anlagen schafft sie ideale Bedingungen f&uuml;r sportliches Schwimmen, entspanntes Verweilen und gemeinsame Erlebnisse mit der Familie.</p>", "url": "https://www.frauenfeld.ch/kultur-freizeit/freizeit/freizeitanlagen-sport/schlossbadi-frauenfeld.html/295", "image": "https://tgtpimtsoch.sos-ch-dk-2.exoscale-cdn.com/catalog/6/c/9/0/6c9093e94cdaaeeea4132a7a0c17d3839238bb0d_Schlossbadi.jpg", "openstreetmap_id": "way/1234896569"}, "geometry": {"type": "Point", "coordinates": ["8.8959382", "47.55251"]}}, {"type": "Feature", "properties": {"identifier": "55b7b8d4-ba9a-4eb2-aed8-b8c314af4b47", "name": "Hotel Le Lion - Self Check-in", "description": "<p>Das Hotel Le Lion Self Check-in mit 22 liebe- und stillvoll eingerichteten Zimmern bietet ein Zuhause auf Zeit. Ob Gesch\u00e4ftsreisende oder Touristen, in den Zimmern finden die G\u00e4ste alles, was f\u00fcr einen hohen Wohnkomfort f\u00fcr kurze oder l\u00e4ngere Zeit notwendig ist. Dank dem Check-in Automaten ist das Check-in flexibel und unabh\u00e4ngig zu jeder Tages- und Nachtzeit m\u00f6glich. Jedes Zimmer verf\u00fcgt \u00fcber eine voll ausgestattete K\u00fcche inkl. Nespresso-Kaffeemaschine und Wasserkocher.</p>", "url": "https://www.hotel-lelion.ch", "image": "https://tgtpimtsoch.sos-ch-dk-2.exoscale-cdn.com/catalog/5/c/c/0/5cc028e9bb024141ee1804096be1a90e52f35b6c_Aussen.jpg", "openstreetmap_id": "node/4178039190"}, "geometry": {"type": "Point", "coordinates": ["9.2414744", "47.4935493"]}}, {"type": "Feature", "properties": {"identifier": "566a9036-6e06-44d4-b243-91a8760a3495", "name": "Restaurant Kronenhof"}}, {"type": "Feature", "properties": {"identifier": "578bea0d-e39d-4cff-85da-0f2e900fb68a", "name": "Test Tagungsraum von 08.08.22", "image": "https://tgtpimtsoch.sos-ch-dk-2.exoscale-cdn.com/catalog/4/6/5/5/4655f98e23da7cd63974b6174dbe456ee9d485fb_testbild__2.jpeg"}}, {"type": "Feature", "properties": {"identifier": "5a9bd235-d926-43bd-a071-44b3db94bfc2", "name": "Camping H\u00fcttenberg", "description": "Zum Ortszentrum von Eschenz sind es 2 km und 3 km nach Stein am Rhein. Das Gel\u00e4nde ist teilweise terrassiert und teils flach mit gepflegtem Rasen. Die Anlagen und Einrichtungen sind modern, sehr gepflegt und eignen sich auch f\u00fcr Menschen mit Behinderung.\n\nAusgezeichnet vom VCS/TCS mit 5 Sternen. Vermietung von Wohnwagen, Zelt und Bungalow.", "url": "https://www.camping-huettenberg.ch/", "image": "https://tgtpimtsoch.sos-ch-dk-2.exoscale-cdn.com/catalog/e/5/8/5/e58594a6ffce995a53124654c47e4d564ce45b1b_Eschenz_Huettenberg_Camping_Podhouse_2.jpg", "openstreetmap_id": "87216544"}, "geometry": {"type": "Point", "coordinates": ["8.859862", "47.644559"]}}, {"type": "Feature", "properties": {"identifier": "5b5066e9-2473-4bda-b586-f07ed6455cf6", "name": "Vereinszentrum Bleiche", "description": "Die 7 Schlafr\u00e4ume \u00e0 8 Betten sind alle mit WC und Dusche ausgestattet. Im 2022 wurden alle Zimmer renoviert. Zum Vereinszentrum geh\u00f6ren eine modern eingerichtete Hotelk\u00fcche, 2 Gruppenr\u00e4ume, ein Sport- und Spielplatz und eine Grillstelle. \n\nDas Vereinszentrum Bleiche ist ideal f\u00fcr Jugendlager, Kurse, Klassenlager, Probewochenende und Feste. Das Musikprobelokal kann dazu gemietet werden. Der Aufenthaltsraum und die K\u00fcche k\u00f6nnen separat gemietet werden. \n\nDie Altstadt von Bischofszell ist in wenigen Minuten erreichbar. Einkaufsm\u00f6glichkeiten, \u00d6V und das Freibad befinden sich ebenfalls in unmittelbarer N\u00e4he.", "url": "http://www.vereinszentrum-bleiche.ch/", "image": "https://tgtpimtsoch.sos-ch-dk-2.exoscale-cdn.com/catalog/8/d/4/2/8d429604ebb388cd1cbe159824123ae99617cd90_IMG_1768__2.JPG", "openstreetmap_id": "node/10094753772"}, "geometry": {"type": "Point", "coordinates": ["9.238117933273317", "47.496893748572376"]}}, {"type": "Feature", "properties": {"identifier": "5b5bf294-02f4-41c9-9788-6a5e533f4a21", "name": "Campingplatz Buchhorn", "description": "Der Campingplatz bietet ein grosses Angebot: Kiosk, Gas-Service, Badegelegenheit mit grosser Liegewiese im Strandbad Arbon, \u00f6ffentliche Feuerstelle und ein Kinderspielplatz. Eine Reservation ist nur f\u00fcr Wohnwagenpl\u00e4tze m\u00f6glich. Auf dem ganzen Platz herrscht Hundeverbot. Im Strandbad hat es zudem ein Restaurant und es k\u00f6nnen SUP-Boards oder Kajaks gemietet werden. Der Campingplatz Buchhorn liegt direkt am Seeradweg und bietet eine sch\u00f6ne Aussicht \u00fcber den Bodensee, egal ob ein POD-House, ein Zelt- oder Stellplatz gemietet wird.", "url": "http://www.camping-arbon.ch/", "image": "https://tgtpimtsoch.sos-ch-dk-2.exoscale-cdn.com/catalog/6/e/2/6/6e263e7afdac64be3c72e0accedb73448221ee4a_Camping_von_oben_mit_Stadt.jpg", "openstreetmap_id": "relation/11065363"}, "geometry": {"type": "Point", "coordinates": ["9.42128987527657", "47.523934100000005"]}}, {"type": "Feature", "properties": {"identifier": "5c379534-d455-4a10-9176-a3cc67b887dc", "name": "22 \u2013 Zimmer & Zmorge", "description": "In Kreuzlingen beherbergt ein gem\u00fctliches Einfamilienhaus das B & B 22 \u2013 Zimmer & Zmorge. Im Obergeschoss bieten zwei Doppelzimmer Platz f\u00fcr bis zu vier Personen. Auf der exklusiv f\u00fcr G\u00e4ste reservierten Etage befindet sich neben einem Badezimmer eine kleine Sitzecke, wo ein reichhaltiges Fr\u00fchst\u00fcck serviert wird. Brot, Joghurt, Konfi und teils andere Produkte sind hausgemacht, frisch und lecker. Wo immer m\u00f6glich wird zudem auf Regionalit\u00e4t und Saisonalit\u00e4t geachtet. Die Zimmer k\u00f6nnen auch als Einzelzimmer oder ohne Fr\u00fchst\u00fcck gebucht werden. Familien mit Kindern sind willkommen. Der Garten mit zwei Sitzpl\u00e4tzen, Grill, H\u00e4ngematte und Tischtennistisch darf gerne mitbenutzt werden. \n\nIn Gehdistanz liegen der Bahnhof Kurzrickenbach-Seepark, Bushaltestelle und Einkaufsm\u00f6glichkeiten. Auch der Bodensee, das Schwimmbad H\u00f6rnli und der wunderbare Seeburgpark mit riesigem Spielplatz, Restaurants, Tierpark oder Minigolf sind zu Fuss erreichbar.", "url": "https://www.22zz.ch", "image": "https://tgtpimtsoch.sos-ch-dk-2.exoscale-cdn.com/catalog/9/1/5/a/915a5fd8a02dec97e2f17d5d6e74124b8a00fbc8_P1020581.JPG", "openstreetmap_id": "way/180890805"}, "geometry": {"type": "Point", "coordinates": ["9.191905262586445", "47.6430728"]}}, {"type": "Feature", "properties": {"identifier": "5caadce0-a834-47f2-bab4-2ceb1759d843", "name": "Camping Seehorn", "description": "Neben dem Campinggel\u00e4nde liegt das Seebad Wiedehorn. Grossz\u00fcgige Stellpl\u00e4tze sowie moderne sanit\u00e4re Anlagen \u00fcberzeugen die Campingg\u00e4ste. Dem Gast stehen ein vielf\u00e4ltiges Gastronomieangebot und der Camping-Shop mit Brotservice zur Verf\u00fcgung. Ob mit Zelt, Wohnmobil oder in einem der Mietobjekte, auf dem Camping Seehorn f\u00fchlt man sich rundum wohl. Ausserdem ist der Campingplatz sehr gut gelegen, um die umliegenden Highlights zu entdecken.\n\nDer Camping Seehorn besitzt zwei Elektroauto-Ladestationen. Diese befinden sich beim \u00f6ffentlichen Parkplatz der Gemeinde Egnach an der Hauptstrasse in Wiedehorn.", "url": "http://www.seehorn.ch", "image": "https://tgtpimtsoch.sos-ch-dk-2.exoscale-cdn.com/catalog/6/1/9/a/619ad9de1d2b606fd061e5526d1575ce9cb7e727_Camping_Seehorn.jpg", "openstreetmap_id": "relation/7041927"}, "geometry": {"type": "Point", "coordinates": ["9.397559165954592", "47.53649303619903"]}}, {"type": "Feature", "properties": {"identifier": "5d70d1a1-f5ea-40ef-8ac0-19d10d74482b", "name": "Begegnungszentrum DAS TR\u00d6SCH", "description": "<p>Mitten in Kreuzlingen bietet das Begegnungszentrum DAS TR&Ouml;SCH einen modernen und farbenfrohen Ort f&uuml;r Menschen und ihre Ideen. Sieben flexibel nutzbare R&auml;ume stehen zur Miete bereit &ndash; individuell einrichtbar und ideal f&uuml;r Kurse, Sitzungen, Feiern und vieles mehr. Das engagierte Tr&ouml;sch-Team begleitet pers&ouml;nlich und kompetent bei der Raumauswahl und Planung.</p><p>Ob N&auml;hkurs, Yoga-Session, Vereinssitzung oder Kindergeburtstag: Im Tr&ouml;sch findet alles Platz, was Menschen verbindet. Das Caf&eacute; und die Dachterrasse laden von Montag bis Freitag zum Verweilen ein &ndash; offen f&uuml;r alle.</p>", "url": "https://www.dastroesch.ch", "image": "https://tgtpimtsoch.sos-ch-dk-2.exoscale-cdn.com/catalog/e/7/7/9/e779d354adb24f23a51fd302b8e3d8f36afb0418_DasTroesch2022_185.jpg", "openstreetmap_id": "way/136911137"}, "geometry": {"type": "Point", "coordinates": ["9.17406813904729", "47.650579"]}}, {"type": "Feature", "properties": {"identifier": "5eb28e94-814d-4277-acf5-7f121ab33345", "name": "Gasthof zum Falken", "description": "Der 125-j\u00e4hrigen Tradition als Gasthaus wird im Falken auch heute noch Ehre erwiesen. Und zwar mit Hausspezialit\u00e4ten wie etwa dem Hot Stone oder dem legend\u00e4ren Jumbo-Falken-Burger. Aber auch regelm\u00e4ssig wechselnde kulinarische Themenwochen sowie Rock- und Blueskonzerte geh\u00f6ren ins Programm. Bekannt ist der Falken f\u00fcr sein Angebot an klassischen und eigenkreierten Cocktails sowie f\u00fcr die rund 30 verschiedenen Biersorten und grosse Auswahl an Whisky und Grappa. Hier spielen G\u00e4ste Darts und Tischfussball oder geniessen bei kleineren Festen die lockere Atmosph\u00e4re. Das Falkenteam verw\u00f6hnt mit seiner famili\u00e4ren und unkomplizierten Art im preiswerten Hotel und erfreut mit seiner guten Lage. Zum Bahnhof Frauenfeld sind\u2019s nur f\u00fcnf, in die Altstadt nur zwei Minuten zu Fuss.", "url": "http://www.gasthofzumfalken.ch/", "image": "https://tgtpimtsoch.sos-ch-dk-2.exoscale-cdn.com/catalog/a/e/1/6/ae16890a5756cd249d43b32ad9e0b110da842653_Frauenfeld_Gasthof_zum_Falken_Aussenansicht.jpg", "openstreetmap_id": "3729062828.0"}, "geometry": {"type": "Point", "coordinates": ["8.8980429", "47.554894"]}}, {"type": "Feature", "properties": {"identifier": "5f33e642-c024-4471-8147-8293d9e68a48", "name": "Restaurant Schwan\u00e4 dini Beiz", "description": "<p>Cordonbleu, hausgemachte \u00abCh\u00e4schn\u00f6pfli\u00bb mit Apfelmus, Schwan\u00e4-Burger mit Schafsfleisch von den Hofschafen oder Salate mit selbst gebackenem Brot kommen im gem\u00fctlichen Restaurant Schwan\u00e4 auf den Tisch \u2013 und zwar zu einem fast unschlagbaren Preis und serviert mit viel Herzlichkeit. Der landwirtschaftliche Betrieb, der zum Restaurant geh\u00f6rt, l\u00e4dt Kinder zum Entdecken ein. In den Stallungen d\u00fcrfen die Schafe besucht werden. Es stehen auch Stellpl\u00e4tze f\u00fcr Wohnmobile zur Verf\u00fcgung.<br><br>Die l\u00e4ndliche Gegend um Altnau erfreut mit unz\u00e4hligen Obstb\u00e4umen. Dem Apfel ist hier sogar ein Erlebnispfad gewidmet: der Altnauer Apfelweg. Der Schwan\u00e4 liegt direkt an dessen Route. Auch per Kutschenfahrt kann der Apfelweg absolviert werden, wobei Ross und Wagen beim Schwan\u00e4-Team reserviert werden. Alternativ l\u00e4sst sich die Gegend mit einem spannenden Outdoor-Escape Game, das Magische Portal, erkunden, das zwei Routen zur Auswahl bietet: die kleinere dauert eine Stunde, die gr\u00f6ssere zwei Stunden.</p><p></p>", "url": "https://www.schwan\u00e4.ch", "image": "https://tgtpimtsoch.sos-ch-dk-2.exoscale-cdn.com/catalog/8/5/5/6/8556e4c3f27c2588d58ab722d4ba207d334eb6d3_Aussenansicht__2_von_7_.jpg", "openstreetmap_id": "way/234922281"}, "geometry": {"type": "Point", "coordinates": ["9.257399006594795", "47.60682665"]}}, {"type": "Feature", "properties": {"identifier": "607cb610-9eed-4b48-a628-402841ac0161", "name": "Historisches Museum Thurgau", "description": "Die Schlossausstellung \u00abGeheimnis Mittelalter\u00bb vermittelt Jung und Alt spielerisch aufbereitete Animationen, atmosph\u00e4risch inszenierte Schlossr\u00e4ume und ein lehrreicher Rundgang. Ebenfalls wird geschichtliches Wissen \u00fcber den Thurgau im Sp\u00e4tmittelalter, als Schloss Frauenfeld zweimal im Brennpunkt des Weltgeschehens stand, aufgezeigt.\n\nBesucherinnen und Besucher k\u00f6nnen die bewegte Zeit zwischen dem Konzil 1414 und der Reformation 1517 sinnlich nachf\u00fchlen, begleitet von vier Schlossfiguren, die mit fesselnden Dialogen, Ger\u00e4uschen und Lichtspielen die ferne Epoche lebendig machen.\n\nFamilien mit Kindern entdecken Schloss Frauenfeld mit dem R\u00e4tselkartenset Kati und Sven, erfahren Stadtgeschichte auf dem Leuli-Trail oder begeben sich mit dem Smartphone-Game auf eine actionreiche Spurensuche.", "url": "http://www.historisches-museum.tg.ch/", "image": "https://tgtpimtsoch.sos-ch-dk-2.exoscale-cdn.com/catalog/2/2/6/2/2262c85393d5c115c45a8db2255adb01034273f6_Schloss_Frauenfeld_neu_quer.JPG", "openstreetmap_id": "1129306887.0"}, "geometry": {"type": "Point", "coordinates": ["8.8968444", "47.5551918"]}}, {"type": "Feature", "properties": {"identifier": "60a01455-78cf-402c-bdb7-a52751db4f44", "name": "Wellnesshotel Seem\u00f6we", "description": "<div class=\"flex flex-col text-sm pb-25\"><section class=\"text-token-text-primary w-full focus:outline-none [--shadow-height:45px] has-data-writing-block:pointer-events-none has-data-writing-block:-mt-(--shadow-height) has-data-writing-block:pt-(--shadow-height) [&amp;:has([data-writing-block])&gt;*]:pointer-events-auto scroll-mt-[calc(var(--header-height)+min(200px,max(70px,20svh)))]\" dir=\"auto\" data-turn-id=\"request-WEB:199aaafb-b75a-40b8-8610-fb9fb2c6874d-19\" data-testid=\"conversation-turn-28\" data-scroll-anchor=\"true\" data-turn=\"assistant\"><div class=\"text-base my-auto mx-auto pb-10 [--thread-content-margin:var(--thread-content-margin-xs,calc(var(--spacing)*4))] @w-sm/main:[--thread-content-margin:var(--thread-content-margin-sm,calc(var(--spacing)*6))] @w-lg/main:[--thread-content-margin:var(--thread-content-margin-lg,calc(var(--spacing)*16))] px-(--thread-content-margin)\"><div class=\"[--thread-content-max-width:40rem] @w-lg/main:[--thread-content-max-width:48rem] mx-auto max-w-(--thread-content-max-width) flex-1 group/turn-messages focus-visible:outline-hidden relative flex w-full min-w-0 flex-col agent-turn\"><div class=\"flex max-w-full flex-col gap-4 grow\"><div class=\"min-h-8 text-message relative flex w-full flex-col items-end gap-2 text-start break-words whitespace-normal outline-none keyboard-focused:focus-ring [.text-message+&amp;]:mt-1\" dir=\"auto\" tabindex=\"0\" data-message-author-role=\"assistant\" data-message-id=\"9ba70e33-536b-481b-a897-7607a65db22b\" data-message-model-slug=\"gpt-5-3\" data-turn-start-message=\"true\"><div class=\"flex w-full flex-col gap-1 empty:hidden\"><div class=\"markdown prose dark:prose-invert w-full wrap-break-word light markdown-new-styling\"><p data-start=\"420\" data-end=\"601\" data-is-last-node=\"\" data-is-only-node=\"\">In G&uuml;ttingen am Bodensee positioniert sich das Wellnesshotel Seem&ouml;we als Ort f&uuml;r kulinarischen Genuss, Entspannung und vielseitige Freizeitm&ouml;glichkeiten. Als Teil der Gilde Restaurants steht das Haus f&uuml;r eine ehrliche, hochwertige K&uuml;che mit Fokus auf saisonale und regionale Zutaten. Das Restaurant deckt verschiedene Genussmomente ab und wird mit viel Sorgfalt gef&uuml;hrt. Der M&ouml;wensaal mit Platz f&uuml;r bis zu 100 Personen bietet einen stilvollen Rahmen f&uuml;r Feiern, Seminare und Veranstaltungen und &uuml;berzeugt durch moderne Ausstattung sowie eine besondere Atmosph&auml;re.</p></div></div></div></div><div class=\"mt-3 w-full empty:hidden\">&nbsp;</div></div></div></section></div><p data-start=\"699\" data-end=\"1146\" data-is-last-node=\"\" data-is-only-node=\"\">Der grossz&uuml;gige Wellnessbereich umfasst Sauna, Rotlichtsauna, Whirlpool und Ruheraum sowie Angebote f&uuml;r Massage und Kosmetik. Erg&auml;nzt wird das Angebot durch Fitnessm&ouml;glichkeiten sowie Ern&auml;hrungsberatungen und Bodychecks. Die Lage im Thurgau am Bodensee erm&ouml;glicht vielf&auml;ltige Aktivit&auml;ten in einer beliebten Region, zahlreiche Velorouten starten direkt beim Hotel. E-Ladestationen f&uuml;r Autos und E-Bikes unterstreichen die zeitgem&auml;sse Infrastruktur.</p>", "url": "http://www.seemoewe.ch/", "image": "https://tgtpimtsoch.sos-ch-dk-2.exoscale-cdn.com/catalog/0/6/b/2/06b259a6f7aae109071b5ce8374401f52dbcda62_Design_ohne_Titel_2.png", "openstreetmap_id": "474764720"}, "geometry": {"type": "Point", "coordinates": ["9.2838953", "47.6063459"]}}, {"type": "Feature", "properties": {"identifier": "6136c2c5-5338-4eba-bbbe-e328f51fee45", "name": "Hofladen Schloss Herdern", "description": "<p>Schloss Herdern ist eine Wohn-, Arbeits- und Besch\u00e4ftigungsst\u00e4tte. Im Zentrum steht dabei das Wohl und die F\u00f6rderung jedes Einzelnen und die Schaffung eines Umfelds, in dem sich die Klienten geborgen und unterst\u00fctzt f\u00fchlen.<br><br>In der hauseigenen Genussk\u00fcche werden regionale Produkte der Eigenmarke \u00abGenuss Handwerk\u00bb hergestellt. Die Klienten leisten einen wertvollen Beitrag, angefangen beim R\u00fcsten \u00fcber das Abf\u00fcllen bis hin zum Anbringen von Etiketten. Im Kreativatelier werden in entspannter Arbeitsatmosph\u00e4re Gegenst\u00e4nde unter der Eigenmarke \u00abDesign Handwerk\u00bb hergestellt. Diese und weitere Produkte werden im Schlossladen wundersch\u00f6n pr\u00e4sentiert, auf M\u00e4rkten verkauft oder \u00fcber den Web-Shop vertrieben.<br><br>Verschiedene Anl\u00e4sse auf Schloss Herdern locken immer wieder zahlreiche Besucher an wie der j\u00e4hrliche Tag des offenen Weinkellers, der Tag der offenen T\u00fcr, der Herbst- oder Weihnachtsmarkt.<br></p>", "url": "https://www.schlossherdern.ch/", "image": "https://tgtpimtsoch.sos-ch-dk-2.exoscale-cdn.com/catalog/e/f/0/4/ef04b2c7bc43c2d16c9c2cb6ea76c8f48c8bd3e7_Herdern_Schloss.JPG", "openstreetmap_id": "node/5300918721"}, "geometry": {"type": "Point", "coordinates": ["8.9100273", "47.6041186"]}}, {"type": "Feature", "properties": {"identifier": "624ba23d-3707-4423-bd57-5d973fbb17e3", "name": "SUP4YOU", "description": "<p>SUP4YOU betreibt in der Badi Steckborn am Untersee eine moderne Selbstbedienungs-Mietstation f&uuml;r Stand-up-Paddleboards (SUP). Das Angebot erweitert das Freizeit- und Wassersportangebot im Kanton Thurgau und erm&ouml;glicht einen unkomplizierten Zugang zum Stand-up-Paddling direkt am See. Dank der digitalen Mietstation k&ouml;nnen SUP-Boards spontan und bequem in rund einer Minute mit dem Smartphone gemietet werden: QR-Code an der Mietstation scannen, Board aus dem Fach entnehmen und direkt aufs Wasser starten. Die Lage in der Badi Steckborn bietet ideale Voraussetzungen f&uuml;r entspannte Touren mit Blick auf den Untersee und die gegen&uuml;berliegende Uferlandschaft. Die automatisierte L&ouml;sung verbindet moderne Technologie mit einem unkomplizierten Naturerlebnis und schafft maximale Flexibilit&auml;t f&uuml;r Einheimische und Ferieng&auml;ste.</p>", "url": "https://sup4you.ch/de/strandbad-steckborn/", "image": "https://tgtpimtsoch.sos-ch-dk-2.exoscale-cdn.com/catalog/3/f/0/2/3f02c1cc61d68018adf88758aabd54df1cb49710_IMG_6954.jpeg", "openstreetmap_id": "way/97385114"}, "geometry": {"type": "Point", "coordinates": ["8.9694971", "47.6587281"]}}, {"type": "Feature", "properties": {"identifier": "62820559-537c-43f8-bfd3-8865ceb19e7f", "name": "Wasserschloss Hagenwil", "description": "Der Gastgeber Andi Angehrn und sein Team legen gr\u00f6ssten Wert auf eine frische K\u00fcche mit hochwertigen Produkten aus Betrieben mit natur- und tiergerechter Produktion. Die abwechslungsreichen Kreationen des Thurgauer Gastronomen entz\u00fccken Augen und Magen. Dank der hohen Qualit\u00e4t und der konstanten Leistungen konnte sich Andi Angehrn mit seinem Team 2012 \u00fcber die Aufnahme in die Gilde der etablierten Schweizer Gastronomen freuen.\n\nKultur ist der Familie Angehrn wichtig, deshalb pflegen sie diese mit Veranstaltungen in der Burgbar, den Schlossfestspielen Hagenwil oder mit dem Erntedankfest. Die R\u00e4ume des Wasserschlosses bieten gem\u00fctliches Ambiente f\u00fcr Anl\u00e4sse mit bis zu 110 Personen, bei Ap\u00e9ros finden bis zu 150 G\u00e4ste Platz. \n\nDas Wasserschloss Hagenwil verf\u00fcgt \u00fcber Zimmer, die noch im Originalzustand sind. Im Himmelbettzimmer ist auf Anfrage eine \u00dcbernachtung m\u00f6glich, zum Beispiel f\u00fcr ein Hochzeitspaar, Geburtstagskinder usw.", "url": "http://www.schloss-hagenwil.ch/", "image": "https://tgtpimtsoch.sos-ch-dk-2.exoscale-cdn.com/catalog/e/4/2/4/e4249ba50c75c26e0ee3dc436f1a2d002e1add8d_Wasserschloss_Hagenwil_Aussen_001__4.jpg", "openstreetmap_id": "4417866591.0"}, "geometry": {"type": "Point", "coordinates": ["9.3052422", "47.5291497"]}}, {"type": "Feature", "properties": {"identifier": "62c690a9-677d-49b5-a742-a78a77ddf199", "name": "Hotel M\u00fcnchwilen", "description": "<p>Es stehen 55 moderne und ger&auml;umige Zimmer in unterschiedlichen Kategorien bereit. Nach umfangreichen Renovationen pr&auml;sentiert sich das Hotel in einem gem&uuml;tlichen und zeitgem&auml;ssen Ambiente. Ein reichhaltiges Fr&uuml;hst&uuml;cksbuffet wird t&auml;glich angeboten. Die Lage zwischen Winterthur und St. Gallen erm&ouml;glicht eine schnelle Anbindung an die A1 und an den &ouml;ffentlichen Verkehr. &nbsp;Es stehen gen&uuml;gend kostenlose Aussen- wie auch Tiefgaragenpl&auml;tze zur Verf&uuml;gung. Die ruhige Umgebung eignet sich f&uuml;r Gesch&auml;ftsreisende und Individualg&auml;ste wie Velofahrende, Wandernde, Kulturinteressierte und Openair-Besuchende. Die Restaurants &laquo;Salta in Bocca&raquo; und &laquo;Dolce vita&raquo; sowie Einkaufsm&ouml;glichkeiten, Post und Bankomat befinden sich in Gehdistanz. Velofahrende profitieren vom abschliessbaren Veloraum, der E-Bike-Ladestation, dem Reparaturset und den Tourenvorschl&auml;gen. Die Lage bietet ideale Voraussetzungen f&uuml;r Ausfl&uuml;ge in den Thurgau sowie f&uuml;r Abstecher ins Toggenburg, ins Appenzellerland und in die Bodenseeregion.</p>", "url": "http://www.hotel-muenchwilen.ch/", "image": "https://tgtpimtsoch.sos-ch-dk-2.exoscale-cdn.com/catalog/5/7/3/f/573f05abf72f2c835a827e1d5dab6194dcb39fb4_medium__Hotel_M__nchwilen_7.jpg", "openstreetmap_id": "310479238.0"}, "geometry": {"type": "Point", "coordinates": ["8.998994894621362", "47.47799185"]}}, {"type": "Feature", "properties": {"identifier": "65144a9e-116c-43ac-8cf4-c963fc07d2d7", "name": "Test Tagungsraum von 08.08.22", "image": "https://tgtpimtsoch.sos-ch-dk-2.exoscale-cdn.com/catalog/b/2/e/d/b2ed5861470ebe0bf2d2fbc4e885592cd2ac9ee5_testbild__3.jpeg"}}, {"type": "Feature", "properties": {"identifier": "65ba0ad1-6b34-4c5c-86cd-4fa8ae8e0b5d", "name": "Camping Fischerhaus", "description": "Der Campingplatz Fischerhaus in Kreuzlingen liegt direkt am Bodensee. Grossz\u00fcgige neue Sanit\u00e4ranlagen, ein Grillpavillon oder der mitten durchs Gel\u00e4nde fliessende renaturierte Bach erfreuen das Campingherz. F\u00fcr G\u00e4ste ohne Zelt oder Camper stehen g\u00fcnstige Zimmer und f\u00fcnf farbige \u00abFischerh\u00e4user\u00bb bereit. Letztere \u00fcberzeugen durch stilvolle pragmatische Einrichtung f\u00fcr bis zu vier Personen. Ein zentraler Spielplatz sowie die N\u00e4he zu Bodensee und Freibad H\u00f6rnli \u2013 Eintritt inklusive \u2013 machen Ferien auf dem Camping Fischerhaus auch zu einem tollen Familienerlebnis. Das ebene Gel\u00e4nde ist barrierefrei und f\u00fcr Kinderwagen oder Besuchende mit Beeintr\u00e4chtigung gut zug\u00e4nglich. Kreuzlingen erreicht man innert zwanzig Minuten zu Fuss durch einen malerischen Uferpark. Hier gibt\u2019s Ausgangsm\u00f6glichkeiten f\u00fcr Kulturfreunde und Nachtschw\u00e4rmer.", "url": "http://camping-fischerhaus.ch/", "image": "https://tgtpimtsoch.sos-ch-dk-2.exoscale-cdn.com/catalog/5/0/e/d/50ed4f10e326e4ab3de29488e65267b12942f93c_20230615_160149.jpg", "openstreetmap_id": "way/89313223"}, "geometry": {"type": "Point", "coordinates": ["9.19794773026868", "47.64614065"]}}, {"type": "Feature", "properties": {"identifier": "667a5c49-4d51-40ad-960d-dadad43cd1eb", "name": "Wellnesshotel Golf Panorama", "description": "Ein Platz der absoluten Ruhe und Erholung im Einklang mit der herrlichen Natur aussen und dem schlichten Design in allen R\u00e4umlichkeiten.\nDie Zimmer in verschiedenen Kategorien sind modern und komfortabel eingerichtet und bieten alle Annehmlichkeiten. Zudem erwarten die G\u00e4ste in allen Zimmern eine fantastische Panorama-Aussicht. \nIm grossz\u00fcgigen Spa-Bereich kann man die Seele wohlig baumeln lassen, bei reichhaltigen Anwendungen entspannen und in der energiereichen Atmosph\u00e4re neue Kraft tanken. \nDie K\u00fcche \u00fcberzeugt raffiniert verw\u00f6hnte Gaumen mit lokalen Gerichten.", "url": "https://www.golfpanorama.ch/", "image": "https://tgtpimtsoch.sos-ch-dk-2.exoscale-cdn.com/catalog/4/7/3/7/4737d3364f2a50ea1cc8ad284150b80b069d6a02_1_Lipperswil_Wellnesshotel_Golfpanorama_Aussenansicht_Fr__hling.jpg", "openstreetmap_id": "421591273.0"}, "geometry": {"type": "Point", "coordinates": ["9.058694", "47.621908"]}}, {"type": "Feature", "properties": {"identifier": "674fe10f-513f-45e8-b809-2cce7b36c4d4", "name": "Bikeness - Mountainbiketouren und Technikkurse", "description": "Bikeness aus T\u00e4gerwilen bietet individuelle Tages-, Halbtages- oder Abendtouren an. Die Region wird auf dem Bike erkundet und dem Gast n\u00e4her gebracht. Unterwegs sind keine langen Auf- und Abstiege zu meistern. Teilweise f\u00fchrt die Strecke vorbei an Sehensw\u00fcrdigkeiten wie Burgen und Schl\u00f6sser. Bei einem Mittaghalt k\u00f6nnen sich die G\u00e4ste von der regionale K\u00fcche verw\u00f6hnen lassen. Die Region des Untersees mit seinen W\u00e4ldern begeistert immer wieder von Neuem. \n\nEs k\u00f6nnen Fahrtechnikkurse gebucht werden, welche auf das K\u00f6nnen des Gastes zugeschnitten werden. Willkommen sind Erwachsene und Kinder.", "url": "https://www.bikeness.ch", "image": "https://tgtpimtsoch.sos-ch-dk-2.exoscale-cdn.com/catalog/2/e/4/9/2e49693d610b3a1d57d7789774ad0822abca2045_IMG_20220814_151007_resized_20230516_053644731__2.jpg", "openstreetmap_id": "way/103330107"}, "geometry": {"type": "Point", "coordinates": ["9.1452102", "47.6516816"]}}, {"type": "Feature", "properties": {"identifier": "6775e80e-7ff2-43ae-8623-89656e71b786", "name": "Ein T\u00f6ffli-Tag mit Mofun", "description": "<p>Bei Mofun in Schaffhausen lassen sich T\u00f6ffli f\u00fcr eine Rundfahrt mit Freunden, einen Vereinsausflug, Poltertag oder Firmenevent mieten. Das Schwelgen in Erinnerungen ist garantiert \u2013 wer denkt nicht gerne an seine Jugend zur\u00fcck, als das T\u00f6ffli das erste St\u00fcck Freiheit bedeutet? Heute f\u00e4hrt man mit den Mopeds von Mofun auf einen erlebnisreichen Ausflug durch die Region Schaffhausen, entlang von Rhein und Rebhang. Unterwegs ist man auf den legend\u00e4ren Pony Mofas, die seit 1961 in Feuerthalen hergestellt werden. Die T\u00f6ffli haben nur einen Sprung \u00fcber den Rhein zu Mofun gemacht und sind weiterhin in ihrem Heimatgebiet unterwegs. Mofun unterst\u00fctzt bei der Routenwahl, Organisation eines Rahmenprogramms oder F\u00fchrungen. Die komplette Ausr\u00fcstung wie Helm, Handyhalter, Routenplaner, Kindersitz und Notfallset wird bereitgestellt. Sollte ein Problem auftreten, geh\u00f6rt auch ein Pikett-Dienst zum Angebot.</p>", "url": "https://www.mofun.ch", "image": "https://tgtpimtsoch.sos-ch-dk-2.exoscale-cdn.com/catalog/2/6/d/0/26d0e339ead63e3ab14e7661a27264a7252110b1_1_Mofun_Hauptbild.jpg", "openstreetmap_id": "way/279142034"}, "geometry": {"type": "Point", "coordinates": ["8.5017088", "47.7019479"]}}, {"type": "Feature", "properties": {"identifier": "679203ce-81c2-4082-9801-5cd3e0cf6a34", "name": "Restaurant Pier", "description": "Ein k\u00fchler Drink oder ein heisses Getr\u00e4nk, eine kleine Zwischenmahlzeit oder ein gepflegtes Essen, im Restaurant Pier ist alles m\u00f6glich. Zu den Spezialit\u00e4ten geh\u00f6ren Felchenchnusperli, Hamburger, Diverse Salate und auch feine Weine. Eine sehr sch\u00f6ne Terrasse direkt am See mit einem Boots Steeg und sch\u00f6nen Sonnenunterg\u00e4ngen l\u00e4dt zum Verweilen ein.\nMit dem Velo, Motorrad, Auto oder zu Fuss bei uns sind alle G\u00e4ste willkommen.\n\n\nIm ersten Stock bietet das Restaurant einen mit allen technischen Hilfsmitteln ausgestatteten Sitzungs- und Tagungsraum f\u00fcr bis zu 25 Personen.", "url": "http://www.pier-uttwil.ch", "image": "https://tgtpimtsoch.sos-ch-dk-2.exoscale-cdn.com/catalog/a/c/b/5/acb568b21477453fddca67be10b9a72d4ace312a_Uttwil_Pier_Terrasse_1.jpg", "openstreetmap_id": "node/503215526"}, "geometry": {"type": "Point", "coordinates": ["9.3429954", "47.5859876"]}}, {"type": "Feature", "properties": {"identifier": "67add0f3-4920-4af2-b38f-305be5d4c571", "name": "B&B Altnau CasaRita", "description": "Vier moderne, grosse Doppelzimmer sind mit King-Size-Betten (alle 180 cm Breite), Schrank, einer kleinen Sitzgruppe und TV ausgestattet. Alle R\u00e4ume haben Insektenschutzgitter und Verdunkelungsrollladen. WLAN steht gratis zur Verf\u00fcgung. Die zwei Badezimmer, 1x mit Regendusche/WC und 1x mit Badewanne/Regendusche/WC, werden gemeinsam ben\u00fctzt. \n\nAlle R\u00e4ume umgeben die offene Galerie (28qm), die als Fr\u00fchst\u00fccks- und Gemeinschaftsraum ausgelegt ist. Von hier aus kommt man auch auf den sehr grossen Balkon, beschattet mit einer Markise \u00fcber die ganze L\u00e4nge von 6,25 m. Die Unterkunft ist auch ideal f\u00fcr Kleingruppen, da alle Zimmer auf einer Etage liegen. \n\nKaffee und Tee sind gratis. Optional ist ein Fr\u00fchst\u00fcck buchbar, mit selbstgebackenem Brot, Marmelade vom Obst aus dem eigenen Garten, Bio-Eiern und vielem mehr. F\u00fcr Selbstversorger gibt es in der N\u00e4he einen Laden und eine B\u00e4ckerei. Es stehen eine Mikrowelle und ein K\u00fchlschrank zur Verf\u00fcgung, es gibt aber keine Kochm\u00f6glichkeit.", "url": "https://www.casarita.ch/", "image": "https://tgtpimtsoch.sos-ch-dk-2.exoscale-cdn.com/catalog/9/d/5/4/9d54b0d609e6fa7b57ff04de43e74360597198d7_Altnau_CasaRita_Aussenansicht.jpg", "openstreetmap_id": "node/10056390712"}, "geometry": {"type": "Point", "coordinates": ["9.2554523", "47.6098774"]}}, {"type": "Feature", "properties": {"identifier": "67c1c944-e504-4cfc-8e17-600ca7579ae4", "name": "Hotel Kloster Fischingen", "description": "Das Kloster Fischingen ist ein historisches Hotel mit stimmigen barocken R\u00e4umen und somit der perfekte Austragungsort f\u00fcr jeden Event. Zugleich ist es ein touristischer Ort und beliebt bei Ausfl\u00fcglern, die im Kloster ihre Ferien verbringen. Die kreativen Klosterk\u00f6che verarbeiten mit Begeisterung, Zutaten aus dem Tannzapfenland. F\u00fcr den ungezwungenen Aufenthalt steht den G\u00e4sten die Schenke zur Verf\u00fcgung. Dort wartet eine Auswahl gek\u00fchlter PILGRIM-Klosterbiere auf Bierliebhaber*innen. Die 30 G\u00e4stezimmer sind ehemalige M\u00f6nchszellen. Die Zimmer begeistern mit ihrem kl\u00f6sterlichen Flair, das dezent gegenw\u00e4rtig ist. Geburtstage, Jubil\u00e4en, Hochzeiten, Familienfeiern \u2013 die Klostergastronomie verf\u00fcgt \u00fcber vier verschiedene R\u00e4ume, die individuell eingerichtet und je nach Feier geschm\u00fcckt werden. Die klassischen Konzerte beschenken die Besucher mit kostbaren Gl\u00fccksmomenten. Das Kloster Fischingen besitzt zwei Elektroautoladestationen und auch E-Bikes k\u00f6nnen auf dem Areal aufgeladen werden.", "url": "https://klosterfischingen.ch/", "image": "https://tgtpimtsoch.sos-ch-dk-2.exoscale-cdn.com/catalog/3/f/a/e/3faefc6ed7282afaf2ad2e9ec419fd9bb65a3c3a_Kloster_Fischingen_Ansicht.jpg", "openstreetmap_id": "200775568.0"}, "geometry": {"type": "Point", "coordinates": ["8.96833", "47.4119"]}}, {"type": "Feature", "properties": {"identifier": "693c4db0-e530-400e-b299-51b569251b80", "name": "Meier Schreinerei", "description": "<p>Die Meier Schreinerei in Weinfelden ist ein traditionsreicher Handwerks-Familienbetrieb in vierter Generation. Hier trifft modernste CNC-Technologie auf klassisches Handwerk &ndash; vom digitalen Pr&auml;zisionsschnitt bis zum Arbeiten mit dem traditionellen Handhobel.</p>\n<p>In den Workshops kommen beide Techniken zum Einsatz. Die Teilnehmenden arbeiten mit Schreinermaschinen und traditionellen Werkzeugen und erhalten wertvolle Tipps von versierten Handwerkern. Unter fachkundiger Anleitung entstehen einzigartige Massivholzst&uuml;cke &ndash; vom klassischen Schneidebrett &uuml;ber eine stilvolle Sommerliege bis hin zu einem modernen Weihnachtsbaum.</p>\n<p>Mehr als nur ein Kurs: Dieser Workshop schafft Raum f&uuml;r Kreativit&auml;t und f&ouml;rdert den Teamgeist. Ob als Teamevent, Polterabend oder Firmenausflug &ndash; diese Erfahrung bleibt unvergessen. Vorkenntnisse sind nicht erforderlich.</p>", "url": "https://legno-vivo.meier-schreinerei.ch/home.html", "image": "https://tgtpimtsoch.sos-ch-dk-2.exoscale-cdn.com/catalog/0/c/6/a/0c6a69beaf7d9732bf2078852a720bcc24b75bfb_MeierSchreinerei_Weinfelden_Sommerstuhl__2.jpg", "openstreetmap_id": "way/219952765"}, "geometry": {"type": "Point", "coordinates": ["9.123382731334871", "47.560791800000004"]}}, {"type": "Feature", "properties": {"identifier": "6a4e8d2a-3115-4c0d-bf59-5eaa88c3d379", "name": "Kunst & Wein am Iselisberg", "description": "Auf dem Erlebnispfad Kunst & Wein am Iselisberg entdecken G\u00e4ste Skulpturen bekannter K\u00fcnstler in Kombination mit Wein und Hintergrundinformationen \u00fcber dessen Anbau. Von Anfang Mai bis Ende Oktober s\u00e4umen 23 Skulpturen den Wanderweg hinauf auf den Iselisberg, ein bekanntes Weinbaugebiet der Region Frauenfeld. Der ausgeschilderte, rund zweist\u00fcndige Rundweg f\u00fchrt von Uesslingen \u00fcber Dietingen nach Iselisberg und verw\u00f6hnt Wandernde mit ruhiger Natur und malerischen Blicken auf das Thurtal bis in die Alpen. \u00dcber den exzellenten Wein, der hier angebaut wird, erz\u00e4hlen Tafeln entlang des Weges. Und nat\u00fcrlich gilt: Probieren geht \u00fcber Studieren. Die edlen Tropfen werden am besten grad pers\u00f6nlich bei einem Winzer oder in einem Restaurant entlang des Weges degustiert.\n\nAls Wegbegleiter k\u00f6nnen die Wanderer und Geniesserinnen neu einen passenden Degustationsrucksack kaufen. Dieser ist best\u00fcckt mit Wein, Wasser, Gl\u00e4ser, Flyer zur Route und knusprigen Grissini.", "url": "https://www.kunstundwein-iselisberg.ch/", "image": "https://tgtpimtsoch.sos-ch-dk-2.exoscale-cdn.com/catalog/8/0/9/1/80910b1c465a51f054f1c1c27f96b7e7aef2f883_Iselisberg_Kunst_und_Wein_Wolkenstimmung.jpg", "openstreetmap_id": "way/347982055"}, "geometry": {"type": "Point", "coordinates": ["8.831623792648317", "47.58030389971708"]}}, {"type": "Feature", "properties": {"identifier": "6ba5fa49-fcf2-401a-b744-092c7b70f788", "name": "Bogenschiessen einmal anders", "description": "<p>Intuitives Bogenschiessen bietet ein herausforderndes k\u00f6rperliches und mentales Workout, das nicht nur Spass macht, sondern auch hoch motivierend ist. Die eingesetzte Methode f\u00fchrt die Trainingsteilnehmenden von einem einzigartigen Erlebnis direkt zu konkreten Ergebnissen. Dabei werden Achtsamkeit, Konzentrationsf\u00e4higkeit und das Bauchgef\u00fchl trainiert. Diese intensiven Eindr\u00fccke bleiben lange im Ged\u00e4chtnis und sind f\u00fcr Menschen aller Fitnesslevels geeignet. Zudem veranstaltet das Team von My-Coach Privat- und Firmenevents vor Ort, wie zum Beispiel beim Restaurant Seehuus in Egnach, im Zelglihof in Ermatingen oder auf Wunsch auch an einem anderen Ort.</p>", "url": "http://www.my-coach.info", "image": "https://tgtpimtsoch.sos-ch-dk-2.exoscale-cdn.com/catalog/9/0/2/6/9026c886b1641b178c4923a6c184949cb74bac9b_Arbon_My_Coach_Bogenschiessen_1.jpg", "openstreetmap_id": "relation/1684531"}, "geometry": {"type": "Point", "coordinates": ["9.4626537", "47.4946538"]}}, {"type": "Feature", "properties": {"identifier": "6c4e3c92-6046-4951-9890-9159a65bfe98", "name": "Restaurant-Hotel de charme R\u00f6merhof", "description": "Im Restaurant-Hotel de charme R\u00f6merhof verschmelzen die Geschichte von Arbon, kulinarische Meisterleistungen und herzliche Gastfreundschaft zu einem unvergleichlichen Erlebnis. Das Geb\u00e4ude, bereits im Mittelalter auf r\u00f6mischen Grundmauern und als Teil der alten Stadtmauer erbaut, tr\u00e4gt diese faszinierende Vergangenheit noch heute sichtbar in sich.\n\nMit stolzen 12 Gault Millau Punkten und 2 roten Kochl\u00f6ffeln im Guide Michelin ist der R\u00f6merhof eine wahre Institution. Hier verbindet sich auf geschickte Weise die klassisch franz\u00f6sische K\u00fcche mit internationalen Einfl\u00fcssen und regionalen Str\u00f6mungen. \nDas Hotel selbst begeistert mit 11 geschmackvoll eingerichteten Zimmern. Besonders die geschichtstr\u00e4chtige R\u00f6merstube und das Turmzimmer schaffen den idealen Rahmen f\u00fcr Tagungen, pers\u00f6nliche Events oder stilvolle Feiern. \n\nDie grossz\u00fcgige Sonnenterrasse l\u00e4dt zum Verweilen ein, w\u00e4hrend die exklusive Davidoff Cigar Lounge Zigarrenliebhaber in ein einzigartiges Ambiente entf\u00fchrt.", "url": "https://www.roemerhof-arbon.ch/", "image": "https://tgtpimtsoch.sos-ch-dk-2.exoscale-cdn.com/catalog/e/3/c/8/e3c858dec6e94e70434509d6eb91c8819cfefd64_Arbon_Roemerhof_Aussenansicht.jpg", "openstreetmap_id": "191210237.0"}, "geometry": {"type": "Point", "coordinates": ["9.433599", "47.516432"]}}, {"type": "Feature", "properties": {"identifier": "6cd21ded-8cc5-46b4-8dd5-31a920915322", "name": "SGR Schweizer Gruppenreisen", "description": "Keine z\u00fcndende Idee f\u00fcr den n\u00e4chsten Abteilungs- oder Betriebsausflug, Team- oder Teambuilding-Event? Keine Zeit, sich um die Organisation des Betriebsausflugs oder der Vereinsreise zu k\u00fcmmern? Wird ein Partner gesucht, der bei der Organisation und bei der kreativen Ideenfindung f\u00fcr die n\u00e4chste Incentive-Reise unterst\u00fctzt? SGR Schweizer Gruppenreisen erarbeitet massgeschneiderte Vorschl\u00e4ge und vermittelt und organisiert Gruppenreisen in der ganzen Schweiz. Speziell in der Ostschweiz ist SGR sehr aktiv und pflegt einen engen Austausch mit weiteren Ostschweizer Destinationen. \n\nKurz und b\u00fcndig: SGR ist der optimal Partner f\u00fcr Gruppenreisen, Teamevents, Incentives und Vereinsausfl\u00fcge. Die Ideen sind individuell, massgeschneidert und einzigartig. Die Planung \u00fcbernehmen kreative und engagierte Profis, sodass der Anlass zum Erfolg wird.", "url": "https://www.schweizergruppenreisen.ch/", "image": "https://tgtpimtsoch.sos-ch-dk-2.exoscale-cdn.com/catalog/6/0/5/8/6058bd14c6874bc67c83f1c1d931d820b41848eb_3c0783aa_069f_4b9e_82d1_c92943ecf17b.jpg", "openstreetmap_id": "node/9604790013"}, "geometry": {"type": "Point", "coordinates": ["9.173995", "47.6499281"]}}, {"type": "Feature", "properties": {"identifier": "6e9b6fdd-62cc-40f8-bef0-30f7b8b08a84", "name": "Lohr Wassersport", "description": "Stand Up Paddling (SUP) bietet ein ausgewogenes Training fu\u0308r den ganzen Ko\u0308rper. Auch wenn du es nur einmal ausprobieren mo\u0308chtest, ist dieser Sport ein Erlebnis. Unabha\u0308ngig von Alter, Ko\u0308nnen und perso\u0308nlichem Fitnesslevel ist SUP fu\u0308r alle Personen geeignet. Lohr Wassersport bietet dazu passende Vermietung, Kurse und gemeinsame SUP-Sessions an.", "url": "http://lohrsport.ch/project/stand-up-paddling/", "image": "https://tgtpimtsoch.sos-ch-dk-2.exoscale-cdn.com/catalog/b/b/e/8/bbe8be60419c508b39e2cc542c03c621bac206ad_hauptbild.png", "openstreetmap_id": "way/212500011"}, "geometry": {"type": "Point", "coordinates": ["9.19804131630271", "47.6471903"]}}, {"type": "Feature", "properties": {"identifier": "70d2b4d3-c124-4f0b-bd1a-67a74975f4a7", "name": "Bioweingut Lenz", "description": "Das Bioweingut Lenz gewinnt regelm\u00e4ssig Auszeichnungen und Preise f\u00fcr seine Bioweine. Diese k\u00f6nnen aber nicht nur bei Wettbewerben, sondern auch direkt auf dem Weingut in Iselisberg degustiert und gekauft werden.  Bei einer 1.5 st\u00fcndigen Betriebsf\u00fchrung mit anschliessender Weindegustation erfahren die G\u00e4ste Interessantes \u00fcber das Bioweingut, die Philosophie und das Nachhaltigkeitskonzept des Betriebes.\n\nF\u00fcr Gruppen bietet die Erlebniskellerei diverse M\u00f6glichkeiten: Betriebsrundg\u00e4nge, gef\u00fchrte Degustationen oder Bankette im sch\u00f6nen Eventraum f\u00fcr bis zu 80 Personen.", "url": "http://www.weingut-lenz.ch/", "image": "https://tgtpimtsoch.sos-ch-dk-2.exoscale-cdn.com/catalog/e/7/7/1/e771f976a2bb37d6fafb936f371878a95d41761b_Iselisberg_BioweingutLenz_oben.jpg", "openstreetmap_id": "307324639.0"}, "geometry": {"type": "Point", "coordinates": ["8.8288048", "47.5870214"]}}, {"type": "Feature", "properties": {"identifier": "7202273f-3a34-4537-9832-222394d2512e", "name": "DOCKeins Hafenbeiz", "description": "Erfrischende Drinks, auserlesene Weine, ein k\u00fchles Bier, etwas Prickelndes ohne Alkohol! Oder doch lieber Kaffee oder Tee? Im DOCKeins findet man einiges gegen den Durst. Dazu erwarten die G\u00e4ste feine Kleinigkeiten: Schweizer Fischknusperli, verschiedene hausgemachte Dinkelschiffli oder ein Ap\u00e9ro-Pl\u00e4ttli. Desserts, Glac\u00e9es oder Schleckereien f\u00fcr die kleinen G\u00e4ste findet man nat\u00fcrlich auch. Sollte mal kein freies Pl\u00e4tzchen zu finden sein, das Food- und Drinkangebot gibt es auch \u00abto go\u00bb - und das nat\u00fcrlich in \u00f6kologischem Einweggeschirr aus kompostierbarem Biokunststoff oder Reststoffen der Zuckerproduktion.", "url": "https://dockeins.ch/", "image": "https://tgtpimtsoch.sos-ch-dk-2.exoscale-cdn.com/catalog/4/9/2/9/4929b09f28890850bf963182bf53c7318809a98b_IMG_2740.jpeg", "openstreetmap_id": "node/10095103696"}, "geometry": {"type": "Point", "coordinates": ["9.4380174", "47.5138088"]}}, {"type": "Feature", "properties": {"identifier": "742a96e2-7aeb-4122-a081-48470b3f3f24", "name": "Billy&Bugga Artsy Chocolate Boutique & Caf\u00e9", "description": "<p>Billy&amp;Bugga Artsy Chocolate ist eine Schweizer Schokoladenmarke, die handwerkliche Confiserie mit k&uuml;nstlerischer Gestaltung verbindet. Unter der Leitung der in Brasilien geborenen und in der Schweiz ausgebildeten Chocolati&egrave;re Juliana Hassler entstehen handgefertigte Premium-Schokoladenkreationen, award-winning Pralin&eacute;s, Confiserie-Spezialit&auml;ten sowie kreative Dessert- und Brunch-Konzepte. Charakteristisch sind mutige Geschmackskombinationen, hochwertige Zutaten und ein unverwechselbares &laquo;artsy Finish&raquo; mit lebendigen Farben und besonderen Texturen. Zum Angebot z&auml;hlen neben dem Boutique- und Caf&eacute;-Erlebnis auch Chocolate Tastings, Pairings, kuratierte Chocolate Experiences sowie der Signature-&Eacute;tag&egrave;re-Brunch. Die regionale Verankerung im Thurgau und das Engagement f&uuml;r nachhaltigen Kakao pr&auml;gen die Identit&auml;t von Billy&amp;Bugga. Taste the Art.</p>", "url": "https://www.billybugga.com", "image": "https://tgtpimtsoch.sos-ch-dk-2.exoscale-cdn.com/catalog/9/b/8/c/9b8c7d34fb4122b89632f8131c1e86c7aa059baf_30_06_25_Billy_Bugga_Daily_pictures_WEB_001.jpg", "openstreetmap_id": "way/452944806"}, "geometry": {"type": "Point", "coordinates": ["8.9862248", "47.4501173"]}}, {"type": "Feature", "properties": {"identifier": "7665e537-a3c6-41ae-896e-3e07eaeaabc3", "name": "Jugendherberge Romanshorn", "description": "Die Jugendherberge Romanshorn bietet ihren G\u00e4ste verschiedene \u00dcbernachtungsm\u00f6glichkeiten: Vom Doppelzimmer mit eigenem Bad \u00fcbers Familienzimmer bis hin zum Mehrbettzimmer steht alles zur Verf\u00fcgung. Spielzimmer, Fernsehsaal mit DVD-Player, Kiosk, Tischfussball, kostenloses Internet sowie ein Sitz- und Spielplatz im Garten draussen lassen bei einem Aufenthalt keine Langeweile aufkommen und heissen auch Familien herzlich Willkommen. In der Romanshorner Jugendherberge werden einfache schmackhafte Abendessen und ein reichhaltiges Fr\u00fchst\u00fcck f\u00fcr die G\u00e4ste zubereitet. Die Jugi liegt nur zehn Minuten Fussmarsch vom Bodensee entfernt. Stand-Up-Paddles, Kajaks und Pedalos vom Kanuzentrum La Canao k\u00f6nnen in der Jugendherberge Romanshorn gemietet und an einer anderen Vermietstation entlang des Bodenseeufers zur\u00fcckgegeben werden. Die Jugendherberge ist somit guter Startpunkt oder Zischenstopp f\u00fcr Ein- und Mehrtagestouren auf Bodensee und Rhein.", "url": "http://www.youthhostel.ch/romanshorn", "image": "https://tgtpimtsoch.sos-ch-dk-2.exoscale-cdn.com/catalog/c/e/0/4/ce04db6d404a504fb0a06a83cf978b83a8d76b62_Jugendherberge_Romanshorn_Aussenansicht_Leonidas_Portmann_02.jpg", "openstreetmap_id": "node/6515970968"}, "geometry": {"type": "Point", "coordinates": ["9.3739597", "47.5672846"]}}, {"type": "Feature", "properties": {"identifier": "7895dcf7-2f06-48a4-bacf-d2fb4b683607", "name": "Denkmalgepflegtes F\u00e4rberhaus", "description": "<p>Das denkmalgepflegte F&auml;rberhaus in Diessenhofen verbindet historische Architektur mit modernem Wohnkomfort in besonderer Lage mit Blick auf den Rhein. Die stilvoll renovierte Ferienwohnung im Thurgau befindet sich in einem sorgf&auml;ltig erhaltenen Altstadthaus und bietet ein einzigartiges Wohnerlebnis mit hochwertiger Ausstattung und liebevollen Details. Die Unterkunft verf&uuml;gt &uuml;ber einen eigenen Sitzplatz, einen Arbeitsplatz sowie ein Schlafzimmer mit Badewanne. Hochwertige Bettw&auml;sche, Badet&uuml;cher, Waschmaschine, W&auml;schetrockner und ein eigener Parkplatz erg&auml;nzen den Komfort. F&uuml;r Velos und Kinderwagen steht ein separater Abstellraum zur Verf&uuml;gung. Dank der Lage in Diessenhofen eignet sich das F&auml;rberhaus ideal f&uuml;r Ausfl&uuml;ge zum Rheinfall sowie f&uuml;r Entdeckungen im Thurgau. Wanderwege, Velorouten und vielf&auml;ltige Naturerlebnisse entlang des Rheins und Bodensees machen die Region zu einem attraktiven Ausgangspunkt f&uuml;r erholsame und abwechslungsreiche Ferien.</p>", "url": "https://www.airbnb.ch/h/faerberhausdiessenhofen", "image": "https://tgtpimtsoch.sos-ch-dk-2.exoscale-cdn.com/catalog/1/8/2/5/1825ce3850edec387070a0fc9098bc80256aedc8_Denkmalgepflegtes_F__rberhaus_Wohnzimmer.jpg", "openstreetmap_id": "way/348782877"}, "geometry": {"type": "Point", "coordinates": ["8.7526427", "47.690061"]}}, {"type": "Feature", "properties": {"identifier": "7a058edf-e702-4ac3-bd81-b13b46d170e5", "name": "Eventraum Plan & Werke", "description": "Hochzeit, Geburtstag oder Corporate Event \u2013 in den R\u00e4umen der Plan und Werke wird gefeiert, gekocht und getagt. Die R\u00e4ume bestechen durch exklusives Ambiente, edelste Materialen und moderne Technik. Vier topmodern ausger\u00fcstete K\u00fcchenwelten stehen f\u00fcr Kochkurse und Veranstaltungen zur Verf\u00fcgung. Highlights sind der spektakul\u00e4re Weinturm mit \u00fcber 1500 Spitzenweinen aus der ganzen Welt und die 130 qm grosse Terrasse mit Lounge, Bar, Open Space und schliessbarem Dach. Zwei je 150 qm grosse Musterwohnung eignen sich besonders f\u00fcr Meetings, bei denen man sich wie Zuhause f\u00fchlt. Die hauseigene K\u00f6chin erf\u00fcllt jeden kulinarischen Wunsch und legt dabei grossen Wert auf regionale und saisonale Produkte.", "url": "https://www.planwerke.ch/de/", "image": "https://tgtpimtsoch.sos-ch-dk-2.exoscale-cdn.com/catalog/7/8/0/0/7800c2f3ebc91db84d2df29b6fd9f5a9e6f8d848_Weinfelden_Plan_und_Werke_Eventraum.jpg", "openstreetmap_id": "8404599767.0"}, "geometry": {"type": "Point", "coordinates": ["9.1324135", "47.5603985"]}}, {"type": "Feature", "properties": {"identifier": "7b06beeb-4856-4a71-8d1d-3fb7bc70e5e3", "name": "Nautika", "description": "<p>Nautika bietet vielf&auml;ltige M&ouml;glichkeiten, den Bodensee aktiv zu erleben &ndash; von ersten Segelschritten bis zu speziellen Erlebnissen auf dem Wasser. Die Bootsschule kombiniert fundierte Ausbildung mit Formaten wie &laquo;Sail &amp; Fun&raquo;, &laquo;Womensailing&raquo; und &laquo;Vollmondsegeln&raquo;. Diese Aktivit&auml;ten erm&ouml;glichen erste Segelerfahrungen, schaffen entspannte Momente und bringen besondere Stimmungen auf dem See n&auml;her. F&uuml;r Firmen und Teams steht das Konzept &laquo;Team Learning Experience&raquo; im Mittelpunkt, das Zusammenarbeit st&auml;rkt. An Bord sind klare Kommunikation, Vertrauen und eine passende Rollenverteilung wichtig, wodurch gemeinsame Erfolgserlebnisse entstehen und Teamentwicklung unterst&uuml;tzt wird. Erfahrene Skipper begleiten die Gruppen und sorgen f&uuml;r eine sichere Atmosph&auml;re. Der Standort &uuml;berzeugt durch Parkpl&auml;tze direkt beim Geb&auml;ude und eine bequeme Anreise mit dem Zug &ndash; der Hafenbereich ist ideal angebunden.</p>", "url": "https://nautika.ch/", "image": "https://tgtpimtsoch.sos-ch-dk-2.exoscale-cdn.com/catalog/3/0/c/1/30c1ba4eb585243e08408e4abbeb872f3bb805a8_Test_kleiner.jpg", "openstreetmap_id": "way/1276439311"}, "geometry": {"type": "Point", "coordinates": ["9.3816226", "47.5633692"]}}, {"type": "Feature", "properties": {"identifier": "7b42311a-0eb1-4eec-8d29-cbdcbb6f6b8d", "name": "Schweizerische Bodensee-Schifffahrt", "description": "Die Kursschiffe der Schweizerischen Bodensee-Schifffahrt verkehren von April bis Oktober entlang des Schweizer Ufers und \u00fcber den See zu beliebten Ausflugszielen auf der deutschen Seite. An Bord d\u00fcrfen G\u00e4ste die Seele baumeln und sich von der Bordgastronomie mit allerlei Feinem verw\u00f6hnen lassen. Die malerische Weite des Bodensees hat Meerfeeling-Qualit\u00e4t und entl\u00e4sst Passagiere nach der Schifffahrt erholt und gest\u00e4rkt in den Alltag zur\u00fcck. Vielf\u00e4ltige Erlebnisfahrten bereichern das Angebot: Schlemmen am leckeren Brunch-Buffet der verschiedenen Brunchfahrten oder im Ausgang auf dem Sch\u00fctzengarten-Burger oder dem Latino-Tanzschiff anstossen und das Tanzbein schwingen \u2013 f\u00fcr jeden Geschmack ist etwas dabei. Mit dem Schiff in den Hafen der Ehe einlaufen? Auch das ist m\u00f6glich. Der Oberkapit\u00e4n traut Brautpaare auf dem Bodensee. Schiff, Dauer und Ziel der Fahrt wird von den Heiratenden bestimmt. Zahlreiche Ausflugsziele rund um den Bodensee stehen zur Auswahl, um den sch\u00f6nsten Tag im Leben noch ein wenig sch\u00f6ner zu machen. Auch f\u00fcr andere Feiern oder zum Tagen steht die Flotte zur Verf\u00fcgung und gibt jedem Anlass einen speziellen Rahmen. ", "url": "http://www.bodensee-schiffe.ch/", "image": "https://tgtpimtsoch.sos-ch-dk-2.exoscale-cdn.com/catalog/b/7/8/f/b78f90a3a75bc63d64687aa8f381d6249f560723_Bodensee_SBS_MS_SG.jpg", "openstreetmap_id": "node/2053322143"}, "geometry": {"type": "Point", "coordinates": ["9.3803428", "47.564616"]}}, {"type": "Feature", "properties": {"identifier": "7d3ab75e-d910-4971-b191-7215ad432d3e", "name": "Ferienhaus Hof Alten", "description": "Das Ferienh\u00e4uschen steht etwas abseits der Hofgeb\u00e4ude mit Aussicht auf Weiden und Ufergeh\u00f6lze der Sitter. Neben sch\u00f6ner Sicht erfreut der Fluss auch mit Badestrand und Grillm\u00f6glichkeit in nur zehn Minuten Fussmarsch vom Ferienhaus. Die zweist\u00f6ckige Unterkunft bietet Platz f\u00fcr sechs Personen (4 Erwachsene, 2 Kinder) mit Wohnk\u00fcche, zwei Schlafzimmern und einem Wohnzimmer mit zwei Betten. Der Sitzplatz mit Chemin\u00e9e, ein Balkon und ein Spielplatz bereiten viel Vergn\u00fcgen draussen an der frischen Luft. Die Tiere des Bauernhofs freuen sich auf Besuch und streichelnde H\u00e4nde. Verschiedene Wander- und Radwege verlaufen in der N\u00e4he. Zu Entdeckungen in der Natur oder zum Badeplausch laden etwa das Hudelmoos, die Sitterf\u00e4hre und die Hauptwiler Weiher ein. Aber auch der Bodensee, die Stadt St. Gallen oder das Wandergebiet des Alpsteingebirges sind nur 20 bis 30 Fahrminuten entfernt. Hunde sind willkommen.", "url": "http://www.thurgau-bodensee.ch", "image": "https://tgtpimtsoch.sos-ch-dk-2.exoscale-cdn.com/catalog/b/6/f/7/b6f7ac70b354e67ea5d4c2a59005616567d8a634_Bischofszell_Hof_Alten.png", "openstreetmap_id": "node/9692196425"}, "geometry": {"type": "Point", "coordinates": ["9.28125858306885", "47.50140223362543"]}}, {"type": "Feature", "properties": {"identifier": "842816d9-2d17-484c-94da-46b208854adc", "name": "Hotel M\u00fcllers, Self-Check-In", "description": "Im Hotel M\u00fcllers in Arbon gibt es moderne und praktisch eingerichtete Zimmer, darunter Doppelzimmer, Einzelzimmer, Familienzimmer und Studios. Die Zimmer \u00fcberzeugen durch eine minimalistische Ausstattung mit skandinavischer Leichtigkeit und nat\u00fcrlichen Elementen aus Holz. Der 24/7 Self-Check-In erm\u00f6glicht flexible Ankunft. Haustiere sind gegen Aufpreis willkommen. Das Hotel liegt direkt am Bodensee und ist ein idealer Ausgangspunkt f\u00fcr Wanderungen, Fahrradtouren und Wassersport. Parkpl\u00e4tze f\u00fcr Autos und Fahrr\u00e4der sind verf\u00fcgbar, ebenso wie Ladestationen f\u00fcr E-Bikes. Von hier aus k\u00f6nnen G\u00e4ste die zauberhafte Region Arbon und ihre vielf\u00e4ltigen Sch\u00f6nheiten erkunden. Die Schiffl\u00e4nde Bar bietet leichte Snacks und in der Umgebung gibt es zahlreiche Restaurants. ", "url": "https://hotel-muellers.ch/", "image": "https://tgtpimtsoch.sos-ch-dk-2.exoscale-cdn.com/catalog/5/a/f/6/5af615e4055405342567581c3b9b4a92a477cfdc_Hotel_Mu__llers_Arbon.jpg", "openstreetmap_id": "node/9637787817"}, "geometry": {"type": "Point", "coordinates": ["9.4369819", "47.5146364"]}}, {"type": "Feature", "properties": {"identifier": "84d386b3-5fd5-4c8f-ad6a-0958086fb50d", "name": "Swissyurt", "description": "Das von den Gastgebern selbst errichtete \u00abZelt\u00bb, das seinen Ursprung bei den Nomaden in Zentralasien hat, beherbergt auf rund 20 Quadratmetern bis zu vier Personen. Eingerichtet ist die Swissyurt \u00e4hnlich einem kleinen Studio \u2013 nur mit einer Prise mehr Abenteuer. So kocht man etwa auf einem zweiflammigen Gasrechaud vor dem Eingang und heizt an k\u00e4lteren Tagen mit einem Holzofen. \n\nAuf der Terrasse geniesst man einen herrlichen Blick auf die Flusslandschaft der Sitter und ist umgeben von Wiesen, Wald und Feldern. Ein kleiner Holzkohlengrill l\u00e4dt zum sommerlichen Grillplausch, ein Spielplatz zum Schaukeln und Wippen. Ein eigenes WC und Dusche befinden sich im 30 Meter entfernten Wohnhaus. ", "url": "https://swissyurt.ch/", "image": "https://tgtpimtsoch.sos-ch-dk-2.exoscale-cdn.com/catalog/8/1/f/d/81fd500e503d9afa48cb80aa01bb30144ede10d7_Swissyurt.JPG", "openstreetmap_id": "6284663052"}, "geometry": {"type": "Point", "coordinates": ["9.2613015", "47.5017361"]}}, {"type": "Feature", "properties": {"identifier": "8567a589-b026-4c2d-809d-6a0bd263d301", "name": "See & Park Hotel Feldbach", "description": "In einmaliger Lage in Steckborn direkt am Ufer des Untersees, befindet sich das ehemalige Kloster Feldbach aus dem 13. Jahrhundert. Heute geniessen die G\u00e4ste im See & Park Hotel Feldbach das unvergleichliche modern-historische Ambiente inmitten von Rosengarten, weitl\u00e4ufiger Parkanlage und Yachthafen. Gleich gegen\u00fcber liegt das moderne Hotelgeb\u00e4ude mit 36 komfortablen Zimmern. Unter dem Dach des historischen Klosters, befindet sich die Turmbar, historische Fest- und Seminars\u00e4le, das stilvolle Restaurant und die traumhafte Seeterrasse.\n\nKulinarisch werden die G\u00e4ste mit gutb\u00fcrgerlichen Gerichten mit der richtigen Priese an Raffinesse verw\u00f6hnt. Dazu werden edle Tropfen empfohlen.", "url": "http://www.hotel-feldbach.ch/", "image": "https://tgtpimtsoch.sos-ch-dk-2.exoscale-cdn.com/catalog/2/3/5/7/23578019ffa2b39c0d75c27898a0f00099176ef0_See___Park_Hotel_Feldbach_Aussenansicht.jpg", "openstreetmap_id": "node/2136270172"}, "geometry": {"type": "Point", "coordinates": ["8.974441", "47.6647262"]}}, {"type": "Feature", "properties": {"identifier": "862dedef-7833-4938-a971-8f8873328999", "name": "Naturmuseum Thurgau", "description": "<p>Das Naturmuseum Thurgau befindet sich in der Altstadt von Frauenfeld. Es nimmt Besuchende mit auf eine Entdeckungsreise durch die Natur der Region. Auf drei Stockwerken sind \u00fcber 1000 Pflanzen- und Tierpr\u00e4parate vom K\u00e4fer bis zum m\u00e4chtigen B\u00e4ren ausgestellt. Ein naturgetreu nachgebauter Biberbau und die lebenden Ameisen begeistern genauso wie verschiedene interaktive \u00abbegreif\u00bb-Stationen, wie Streichelfelle oder Puzzles. Der Audiorundgang \u00abMit Monty im Museum\u00bb nimmt kleine und grosse Museumsg\u00e4ste mit auf einen vergn\u00fcglichen Ausstellungsrundgang. Unter demselben Dach befindet sich zudem das Museum f\u00fcr Arch\u00e4ologie Thurgau. Im Sommer bietet der arch\u00e4obotanische Museumsgarten mit verschiedenen Nutz- und Kulturpflanzen Natur zum Anfassen. Nach dem Rundgang l\u00e4dt das Museumscaf\u00e9 zum Verweilen ein. Im Foyer bietet der Museums-Shop ein ausgew\u00e4hltes Angebot an B\u00fcchern, Spielen, Ansichtskarten und Repliken. Museum und Garten sind hindernisfrei.</p>", "url": "http://www.naturmuseum.tg.ch/", "image": "https://tgtpimtsoch.sos-ch-dk-2.exoscale-cdn.com/catalog/8/8/6/f/886f696e5b7b8f1a9a8d18b98850c2cbee96dced_NaturmuseumThurgauEingangGarten.jpg", "openstreetmap_id": "node/1129298047"}, "geometry": {"type": "Point", "coordinates": ["8.8986052", "47.5565939"]}}, {"type": "Feature", "properties": {"identifier": "8c6e297c-2759-41d2-ad80-1b5ba2fe642a", "name": "LILIENBERG \u2013 Hotel, Restaurant, Veranstaltungsort", "description": "Eingebettet in eine malerische Parklandschaft mit Blick auf den bezaubernden Bodensee, geniessen G\u00e4ste im Lielienberg in idyllischer Umgebung die vielf\u00e4ltigen touristische Angebote der Region.\nDie grossz\u00fcgigen Zimmer, liebevoll in verschiedenen Stilen gestaltet, bieten Raum f\u00fcr erholsame Aufenthalte. Im Restaurant und auf der einladenden Seeterrasse verw\u00f6hnen die Gastgebenden mit modernen Gerichten aus der regional inspirierten K\u00fcche.\nF\u00fcr Seminarg\u00e4ste ist der Ort eine Oase der Ruhe und sorgt mit einem professionellen Service daf\u00fcr, dass sich jene auf ihre Inhalte konzentrieren k\u00f6nnen.\nDer Lilienberg bildet den eleganten Rahmen f\u00fcr Feiern, sei es im famili\u00e4ren Kreis oder im gesch\u00e4ftlichen Kontext, stets begleitet von exquisiter Kulinarik.\nDie Stiftung Lilienberg Unternehmerforum l\u00e4dt zu Gespr\u00e4chen \u00fcber aktuelle Themen aus Wirtschaft, Politik und Gesellschaft und vielf\u00e4ltigen musikalische Anl\u00e4ssen mit jungen engagierten Musikern. Ein idealer Rahmen f\u00fcr Austausch und Inspiration!", "url": "https://www.lilienberg.ch/", "image": "https://tgtpimtsoch.sos-ch-dk-2.exoscale-cdn.com/catalog/5/e/4/2/5e4240309c66a9ac304e6422a1a74bf3041feed7_medium__Ermatingen_Lilienberg_Header.jpg", "openstreetmap_id": "node/8582010120"}, "geometry": {"type": "Point", "coordinates": ["9.0739546", "47.6694977"]}}, {"type": "Feature", "properties": {"identifier": "8cfe382d-e351-4c8b-8820-5439856971c1", "name": "Landgasthof Seelust", "description": "Die Seelust vereint mit Ihrer Lage zwei der sch\u00f6nsten Seiten des Thurgaus: den Bodensee und den Apfel. In den grossz\u00fcgigen Hotelzimmern hat man Blick aufs Wasser oder in den Obsthain. Auch Familien- und rollstuhlg\u00e4ngige Zimmer geh\u00f6ren zum Repertoire. Neben herzlicher Gastfreundlichkeit wird im Familienbetrieb auch Regionalit\u00e4t grossgeschrieben. Das K\u00fcchenteam der Seelust bringt ausschliesslich das Beste aus dem Thurgau auf den Tisch; Spargeln aus Altnau, Poulet aus dem Hinterthurgau oder Obst und Beeren der Umgebung werden ebenso zu originellen Gerichten verarbeitet wie die fangfrischen Fische aus dem Bodensee. Auch tagen und feiern kann man hier. Die Seelust bietet von Stuben \u00fcber Obstgarten, Festsaal oder Weinkeller vielf\u00e4ltige R\u00e4ume daf\u00fcr. Trotz ruhiger und idyllischer Lage ist das Hotel gut erschlossen. Nur 100 Meter sind\u2019s bis zum Autobahnanschluss oder 200 zum Bahnhof. ", "url": "http://www.seelust.ch/", "image": "https://tgtpimtsoch.sos-ch-dk-2.exoscale-cdn.com/catalog/7/6/f/8/76f8844f348b914af397c5b44f59dee73bbf9931_Seelust_Fr__hling_Garten.jpg", "openstreetmap_id": "node/251364716"}, "geometry": {"type": "Point", "coordinates": ["9.398439545211279", "47.53512055"]}}, {"type": "Feature", "properties": {"identifier": "8d138291-7a23-4b9b-b735-ee0a6b78d9b3", "name": "b_smart hotel Arbon", "description": "<p>Die 63 Zimmer und Suiten &uuml;berzeugen mit einem einladenden und smarten Design. Die Kategorien &laquo;Seesicht&raquo; befinden sich in den oberen Stockwerken mit Sicht auf den Bodensee. Der Fitness- &amp; Wellnessbereich ist bewusst im obersten Stockwerk mit direktem Ausblick auf den Bodensee eingerichtet - so kommen alle G&auml;ste in den Genuss dieses einzigartigen Ausblickes. Dank dem Self Check-in und Check-out by b_smart k&ouml;nnen G&auml;ste rund um die Uhr flexibel anreisen und in sekundenschnelle auschecken.&nbsp;</p>", "url": "https://www.b-smarts.net/arbon", "image": "https://tgtpimtsoch.sos-ch-dk-2.exoscale-cdn.com/catalog/f/3/4/0/f340e36d595b88085e7ed4741bb5f145f64304de_b_smart_hotel_Arbon_Richtfest_1.jpg", "openstreetmap_id": "node/10578688211"}, "geometry": {"type": "Point", "coordinates": ["9.4326541", "47.5098001"]}}, {"type": "Feature", "properties": {"identifier": "8d6e99e5-9c6a-4a7d-b638-928ed940945c", "name": "Weinbau Salath\u00e9", "description": "Im Stadtschryber, dem bekanntesten Rebberg im Weinbaudorf H\u00fcttwilen, reifen die Trauben durch sorgf\u00e4ltige Pflege zu bester Qualit\u00e4t. Der \u00abStadtschryber\u00bb mit seiner eleganten und noblen Art zeigt feine Fruchtaromen und \u00fcberzeugt mit einem sch\u00f6nen und dichten K\u00f6rper. \n\nDer Perlwein \u00abKiss me\u00bb und der \u00abBlanc de Noir\u00bb  sind die perfekten Ap\u00e9robegleiter. Auf Anmeldung werden Rebbergf\u00fchrungen, Oldtimertraktorfahrten durch Rebberge und Seebachtal, Degustationen und Ap\u00e9ros angeboten. Genuss ist das Betriebsmotto.", "url": "http://www.salathe-weinbau.ch", "image": "https://tgtpimtsoch.sos-ch-dk-2.exoscale-cdn.com/catalog/4/0/1/5/40151df2c2cc0fe6a024a4f60fff1f1a304af64a_F821F75E_4B5C_40B9_BF31_C9B5F854A1B0.jpeg", "openstreetmap_id": "node/12304314752"}, "geometry": {"type": "Point", "coordinates": ["8.8743659", "47.6066571"]}}, {"type": "Feature", "properties": {"identifier": "8de3fbb5-377f-4413-8453-a2579914cfd6", "name": "Hallenbad Egelsee", "description": "<p>Die moderne Wasserwelt vereint Sport, Erholung und Familienerlebnisse an einem Ort. Herzst&uuml;ck der Anlage ist das Sportbecken f&uuml;r Schwimmtraining und Bewegung im Wasser. Erg&auml;nzt wird das Angebot durch ein Lehrschwimmbecken mit variablem Beckenboden, ein Familienbecken mit Sprungbereich sowie ein Erlebnisbecken mit Massaged&uuml;sen, Schwallduschen und Sprudelsitzen.</p><p>F&uuml;r Familien steht ein eigener Kleinkindbereich mit flachem Wasser, Rutsche und Wasserspielen zur Verf&uuml;gung. Die Rutschbahn mit mehreren Kurven sorgt f&uuml;r zus&auml;tzlichen Badespass. Sprungplattformen mit separatem Eintauchbereich bieten attraktive M&ouml;glichkeiten f&uuml;r sportliche Aktivit&auml;ten im Wasser.</p><p>Der Wellnessbereich mit Sauna und Dampfbad erg&auml;nzt das Angebot und schafft Raum f&uuml;r Entspannung. Dank der modernen Infrastruktur, der vielf&auml;ltigen Wasserattraktionen und der Lage in Kreuzlingen nahe dem Bodensee ist das Bad Egelsee ein beliebtes Ausflugsziel f&uuml;r Freizeit, Sport und Erholung im Thurgau.</p>", "url": "https://www.bad-egelsee.ch/", "image": "https://tgtpimtsoch.sos-ch-dk-2.exoscale-cdn.com/catalog/a/6/1/8/a618672e2439a99be5bc94a5a629731c4a8f4e19_Kreuzlingen_BadEgelsee.jpg", "openstreetmap_id": "node/13034930361"}, "geometry": {"type": "Point", "coordinates": ["9.1768507", "47.6456745"]}}, {"type": "Feature", "properties": {"identifier": "8e0bb50e-9748-497e-8caa-5dcfb515ed6e", "name": "H\u00e4xeh\u00fcsli Frauenfeld", "description": "<p>Das H\u00e4xeh\u00fcsli verf\u00fcgt \u00fcber knapp 60 Quadratmeter Wohnfl\u00e4che auf drei Geschossen und bietet Platz f\u00fcr zwei Personen. Das Haus ist komplett eingerichtet mit sch\u00f6nen Antiquit\u00e4ten und wertigen neuen M\u00f6beln. Im historischen Gew\u00f6lbekeller mit viel Tageslicht und freiem Blick in den Garten befindet sich die kompakte K\u00fcche und ein Holzofen. In der H\u00e4xeh\u00fcslistube k\u00f6nnen G\u00e4ste durch die 170-j\u00e4hrigen Fenster ihren Blick in die Ferne schweifen lassen. Im Winter sorgt der wundersch\u00f6ne Kachelofen f\u00fcr wohlige W\u00e4rme. Im Mansardengeschoss ist unter dem sichtbaren Dachgeb\u00e4lk ein gem\u00fctlicher Schlafraum mit separater Arbeitsecke eingerichtet. Eine grossz\u00fcgige Dusche und ein WC mit Lavabo stehen im Untergeschoss zur Verf\u00fcgung.<br><br>Das freistehende H\u00e4xeh\u00fcsli hat keine direkten Nachbarn. Sein Aussenbereich bezaubert G\u00e4ste mit einem naturnahen Garten, grossem Sitzplatz, antikem Mobiliar und einem Kr\u00e4utergarten. \u00dcber dem offenen Feuer kann gegrillt werden und der junge Stadtbach pl\u00e4tschert in unmittelbarer N\u00e4he vorbei.</p>", "url": "https://haexenhuesli.ch", "image": "https://tgtpimtsoch.sos-ch-dk-2.exoscale-cdn.com/catalog/6/5/e/9/65e96c3175db6ec3572cce4b56d083c32bdf2093_IMG_9533.jpg", "openstreetmap_id": "way/1103159997"}, "geometry": {"type": "Point", "coordinates": ["8.91186143773329", "47.545316"]}}, {"type": "Feature", "properties": {"identifier": "8e83a4d7-decf-4c7d-afd5-b34880160abb", "name": "Schloss Liebenfels", "description": "<p>Einst als strategischer Vorposten erbaut, reicht die Gr&uuml;ndung von Schloss Liebenfels auf Ritter Ulrich von Liebenfels bis ins Jahr 1254 zur&uuml;ck. Die fr&uuml;here Festung der Herren von Liebenfels, sp&auml;ter im Besitz der Familien Tettikofen und Lanz, diente im 15. Jahrhundert diplomatischen Zwecken, als Hans Lanz im Rittersaal das Konzil von Konstanz vorbereitete. Verschiedene Umbauten pr&auml;gen das heutige Erscheinungsbild. Nach Zeiten des Niedergangs wechselte die Anlage mehrfach den Besitzer, bis der Dichterfreund Adolf Ludwig Follen sie 1848 erwarb und ihr neuen Glanz verlieh. Seit 1991 befinden sich Schlosskapelle und Rittersaal in den H&auml;nden der heutigen Eigent&uuml;mer, die das Anwesen restaurierten und f&uuml;r kommende Generationen bewahren. Bis heute bleibt die Anlage in Privatbesitz. Besuchende werden gebeten, die Privatsph&auml;re zu respektieren und die Sch&ouml;nheit des Ortes von &ouml;ffentlich zug&auml;nglichen Aussichtspunkten zu geniessen.</p>", "url": "https://www.schlossliebenfels.ch/", "image": "https://tgtpimtsoch.sos-ch-dk-2.exoscale-cdn.com/catalog/e/3/b/0/e3b0bf7693ebe5f2e02a7035ea640aca2ba3fe57_Herdern_Schloss_Liebenfels__2_.jpg", "openstreetmap_id": "way/246350980"}, "geometry": {"type": "Point", "coordinates": ["8.9259179", "47.631372"]}}, {"type": "Feature", "properties": {"identifier": "8ea7b4ff-ff36-466a-b71e-36e0e289af7d", "name": "Trompeterschl\u00f6ssle Hotel & R\u00e9sidence", "description": "<p>Das Trompeterschl&ouml;ssle blickt auf eine reiche Geschichte zur&uuml;ck. Die einem Schl&ouml;sschen &auml;hnelnde, im Jugendstil erbaute Villa, beherbergte einst ein Restaurant mit Caf&eacute; und Kolonialwarenladen.<span style=\"background-color: #ffffff; color: #67768a;\"> Auch in der Geschichte des deutsch-schweizerischen Grenzgeb</span>ietes spielte das Anwesen im T&auml;germoos immer wieder eine wichtige Rolle. Heute bezaubert das Schl&ouml;ssle mit 20 gediegenen Zimmern und Apartments, einem grossz&uuml;gigen Garten, Restaurant und einer Whiskybar mit auserlesenen W&auml;sserchen seine G&auml;ste. Die Liebe zum Whisky sp&uuml;rt man hier &uuml;berall. Die Zimmer haben alle einen Bezug zu einer irischen oder schottischen Destillerie und sind ruhig zum See oder Park gelegen. Wer genug entspannt hat, entdeckt das in Gehdistanz liegende Deutsche Konstanz oder die wunderbare Thurgauer Region am Bodensee und Seerhein.</p>", "url": "https://trompeterschloessle.com/", "image": "https://tgtpimtsoch.sos-ch-dk-2.exoscale-cdn.com/catalog/d/9/0/1/d9017dc866627b3a7b559e194e3ed2f677ba299e_D11B0BA1_B3DC_4EB7_9296_F8E54A441F5C_3.JPEG", "openstreetmap_id": "node/136372575"}, "geometry": {"type": "Point", "coordinates": ["9.159287785292097", "47.664006799999996"]}}, {"type": "Feature", "properties": {"identifier": "92cc63f2-c3ef-493c-a582-44254bc18c05", "name": "Restaurant / Hotel Klein Rigi", "description": "Das \u00abKlein Rigi\u00bb in Sch\u00f6nenberg an der Thur liegt auf einem wunderbaren Aussichtspunkt. Nebst einer grossz\u00fcgigen Terrasse mit herrlichem Blick ins Thurtal und auf den Berg S\u00e4ntis, bietet es so einiges: Ein Trauzimmer, R\u00e4umlichkeiten f\u00fcr die Hochzeitsparty danach oder auch f\u00fcr Familien- und Firmenanl\u00e4sse. Ebenso finden Seminare von 10 bis 350 Personen in den vielf\u00e4ltigen und gediegenen R\u00e4umen Platz. Kulinarisch wird man hier vor allem mit feinstem Schweizer Fleisch vom Grill verw\u00f6hnt. Aber auch erlesene Weine und Whiskeys stehen auf der Karte und die Zigarrenlounge l\u00e4dt zum Absacker vor dem Nachhause gehen ein. Wer lieber bleiben m\u00f6chte, der kann. Es erwarten G\u00e4ste helle moderne Zimmer.", "url": "https://kleinrigi.ch", "image": "https://tgtpimtsoch.sos-ch-dk-2.exoscale-cdn.com/catalog/e/7/8/3/e78324fca1a013feb460af72e985b57fe92922ec_ep_KleinRigi_230519_AIR_0025_PS_bearbeitet_300x200.jpg", "openstreetmap_id": "44355718"}, "geometry": {"type": "Point", "coordinates": ["9.19783115386963", "47.518447781242"]}}, {"type": "Feature", "properties": {"identifier": "92ccd7e9-da6a-4328-88d5-43225e0aed8d", "name": "Barfuss Brauerei", "description": "<p>Die Brauerei ist im alten Stellwerk, idyllisch am B\u00fcrgler Kanal gelegen. Es werden F\u00fchrungen, Degustationen, Firmenessen und diverse Events rund um das Thema Bier angeboten. In der Brauerei finden regelm\u00e4ssig Veranstaltungen statt. Die Brauerei kann aber auch als Eventlocation f\u00fcr bis zu 90 Personen gebucht werden. Die selbstgebrauten Biere sind entweder im Onlineshop oder in diversen Spezialit\u00e4tenl\u00e4den erh\u00e4ltlich. Die Biersommeli\u00e8re beraten ihre Kunden gerne bei der Bierauswahl. Ab 24 Bieren k\u00f6nnen diese mit einer eigenen Etikette bestellt werden. <br>Der Name Barfuss Brauerei stammt \u00fcbrigens nicht daher, dass der Brauer und sein Team ihre Biere barfuss brauen, sondern von den ersten Brauversuchen, die direkt am Barfussweg in Wuppenau stattgefunden haben.</p>", "url": "http://www.barfuss-brauerei.ch/", "image": "https://tgtpimtsoch.sos-ch-dk-2.exoscale-cdn.com/catalog/7/3/6/3/7363b14302f584457d9aca3c688d4b97a62ce4de_DSCF1076__2.jpg", "openstreetmap_id": "199258216.0"}, "geometry": {"type": "Point", "coordinates": ["9.1173151", "47.5167513"]}}, {"type": "Feature", "properties": {"identifier": "93587f7d-a796-4a98-a0fd-77fdd1d6529a", "name": "Strohhotel Bodensee", "description": "<p>Der Bauernhof liegt in l\u00e4ndlicher Umgebung direkt am Bodenseeradweg (Route 2) mit 100 Meter Seeentfernung. Der Seezugang ist in unmittelbarer N\u00e4he und ideal f\u00fcr eine kleine Abk\u00fchlung an heissen Sommertagen oder auch als Ein- und Ausstiegsplatz f\u00fcr Kanu, Kajak und SUP. Am See gibt es eine Grillm\u00f6glichkeit.<br><br>Ob im Stroh, in einem Familienzimmer, in einem Doppelzimmer oder in der Ferienwohnung, Familien und Individualg\u00e4ste f\u00fchlen sich im Strohhotel am Bodensee einfach wohl.<br><br>Auf dem Hof gibt es Milchk\u00fche, K\u00e4lber, H\u00fchner und Kaninchen.</p>", "url": "http://www.strohhotelbodensee.ch", "image": "https://tgtpimtsoch.sos-ch-dk-2.exoscale-cdn.com/catalog/b/d/f/3/bdf33a0ce137dca166084cf4f2c0cafd9a813c60_Strohhotel_Bodensee.jpg", "openstreetmap_id": "node/452097148"}, "geometry": {"type": "Point", "coordinates": ["9.4084453", "47.5301154"]}}, {"type": "Feature", "properties": {"identifier": "93a29617-bffc-4a9d-b717-81021556d02d", "name": "Feierlenhof", "description": "<p>Am oberen Dorfrand des Apfeldorfes Altnau liegt der Feierlenhof in einer wunderbaren Wander- und Veloregion inmitten von Obsthainen und mit Sicht auf den Bodensee. Der Altnauer Apfelweg erz\u00e4hlt \u00fcber das rotbackige Fr\u00fcchtchen und der Feierlenhof l\u00e4dt zur Pause ein! Im Hofladen bedienen sich die G\u00e4ste mit Kaffee und Kuchen, erfrischenden Getr\u00e4nken oder machen sich ein Pl\u00e4ttli aus Sch\u00fcblig und regionalem K\u00e4se. Auch Firmenanl\u00e4sse, Familienfeste und Hochzeiten werden hier gefeiert. Essen draussen unter Kirschb\u00e4umen oder in der Scheune sind m\u00f6glich. Alles was aufgetischt wird, kommt direkt mit viel Liebe vom Hof oder aus der Region. Urchiges Rahmenprogramm wie Most pressen, Hufeisen werfen oder Butter sch\u00fctteln runden das Programm ab. F\u00fcr Ferien auf dem Hof stehen verschiedene Wohnungen zur Verf\u00fcgung und f\u00fcr Kinder ist es ein wahres Paradies. Die vielen Tiere warten auf Streicheleinheiten, Trottis, Gokarts oder Traktore auf Wettrennen. Spielpl\u00e4tze laden zum Schaukeln und Rutschen ein.</p>", "url": "http://feierlenhof.ch/", "image": "https://tgtpimtsoch.sos-ch-dk-2.exoscale-cdn.com/catalog/d/1/7/8/d1783c21ce9ca1bb4d82b92aa20dd713d9b2c75a_Altnau_Feierlenhof_Ansicht_Haus_2.jpg", "openstreetmap_id": "way/234922549"}, "geometry": {"type": "Point", "coordinates": ["9.259662342395993", "47.6028835"]}}, {"type": "Feature", "properties": {"identifier": "9513334c-e24e-4cd7-bb5e-92b9c8385118", "name": "Restaurant M\u00fchle \u2013 Kartause Ittingen", "description": "\u00dcber die Region hinaus bekannt sind die Produkte aus dem eigenen Gutsbetrieb. Die Bewirtschaftung erfolgt nachhaltig, umweltschonend und tierfreundlich. In den Weinbergen werden 10 verschiedene Traubensorten kultiviert, die Milch wird direkt vor Ort zu K\u00e4sespezialit\u00e4ten verarbeitet. Selbstversorgung war f\u00fcr die Kart\u00e4userm\u00f6nche eine Selbstverst\u00e4ndlichkeit. Heute werden die G\u00e4ste kulinarisch verw\u00f6hnt, sei es im Restaurant oder im Klosterladen, wo \u00fcber 200 Produkte aus eigenem Anbau pr\u00e4sentiert werden. Besonders zu empfehlen sind die kreativen 0-Kilometer-Gerichte.", "url": "https://www.kartause.ch/de/restaurant/", "image": "https://tgtpimtsoch.sos-ch-dk-2.exoscale-cdn.com/catalog/c/4/9/c/c49cace30b33c2b37c97fe8a83e8dced6d8eed32_Reestaurant_M__hle__3_.jpg", "openstreetmap_id": "node/426784033"}, "geometry": {"type": "Point", "coordinates": ["8.8663322", "47.5830331"]}}, {"type": "Feature", "properties": {"identifier": "9830f856-ccab-4dab-bfa6-6468182cb9b3", "name": "SlowDown Motoryacht", "description": "Beim Bootstyp AC mit Achterkabine und erh\u00f6htem F\u00fchrerstand steht den G\u00e4sten Raum f\u00fcr sechs Personen zur Verf\u00fcgung. Zwei separate, luxuri\u00f6se Kabinen sind mit Doppelbett und eigener Dusche/WC ausgestattet und bieten gem\u00fctliche Schlafgelegenheiten f\u00fcr vier Personen. Ein grossz\u00fcgiger Salon mit K\u00fcche und Esstisch l\u00e4dt zum Verweilen ein. Im Salon k\u00f6nnen zwei weitere Personen \u00fcbernachten. An Deck gibt es ein komfortables Sofa. Das Achterdeck l\u00e4sst sich mit einem grossen Verdeck vollst\u00e4ndig abschliessen und beheizen. Bei sonnigem Sommerwetter l\u00e4sst es sich rundum \u00f6ffnen.\n\nDer Knickspantrumpf verleiht der Linssen-Yacht hohe Stabilit\u00e4t bei einer angenehmen Cruising-Geschwindigkeit. Heck- und Bugstrahlruder erm\u00f6glichen souver\u00e4ne Hafenman\u00f6ver. Das vollst\u00e4ndige Navigationspaket mit Autopilot bringt G\u00e4ste bequem zum Ziel.", "url": "https://www.slowdown-charter.ch", "image": "https://tgtpimtsoch.sos-ch-dk-2.exoscale-cdn.com/catalog/2/d/4/4/2d4478378bceca1cf266e18b42114d108ec69c73_slowdown_lissen_35_sl_ac.jpg", "openstreetmap_id": "node/100193272"}, "geometry": {"type": "Point", "coordinates": ["9.383171796798708", "47.56209907281633"]}}, {"type": "Feature", "properties": {"identifier": "98cd26f3-7669-4277-9408-d50648216d62", "name": "Hotel und Restaurant Sokrates", "description": "<p>Ein Aufenthalt im direkt am Bodensee gelegenen Hotel und Restaurant ist Erholung f\u00fcr K\u00f6rper, Geist und Seele. Das Restaurant bietet eine frische und gesunde Vollwertk\u00fcche. Mittags kann zwischen drei leckeren Menus mit Suppe oder Salat gew\u00e4hlt werden. Eine Tasse Kaffee l\u00e4sst sich am besten mit einem St\u00fcck hausgemachter Torte geniessen. Abends vereint eine kleine aber feine \u00e0-la-carte-Speisekarte regionale K\u00f6stlichkeiten mit dem Hauch des Besonderen. Dem Hotel und Restaurant angegliedert ist das Gesundheitszentrum Sokrates. Nebst kostenlosen Parkpl\u00e4tzen werden den Hotel-G\u00e4sten eine Saunaanlage, ein Fitnessraum, eine Bibliothek, eine Hauskapelle sowie eine Dachterrasse mit Strandk\u00f6rben zur freien Verf\u00fcgung angeboten. Eine Liegewiese, ein Badeh\u00e4uschen, eine Parkanlage mit W\u00e4ldchen, der Bach mit Kneipp- und Barfussweg sowie der Hom\u00f6opathie-Lehrpfad laden ebenfalls zum Verweilen ein.\nDie Zimmer verf\u00fcgen alle \u00fcber ein eigenes Bad mit WC/Dusche, Telefon, Safe, Haartrockner, WLAN und Balkon.</p>", "url": "https://www.hotel-sokrates.ch/", "image": "https://tgtpimtsoch.sos-ch-dk-2.exoscale-cdn.com/catalog/1/1/9/5/119513a37d947735e5829441c9b1a27d4744b117_A_Luftaufnahme_Geb__ude_0067.jpg", "openstreetmap_id": "way/239821498"}, "geometry": {"type": "Point", "coordinates": ["9.299127761496857", "47.610343549999996"]}}, {"type": "Feature", "properties": {"identifier": "9a56f170-06b8-40be-88a1-b5ae943630b1", "name": "Schloss Freudenfels", "description": "F\u00fcrstlich Feiern. Oder sch\u00f6n einfach.\nOb Heiraten im kleinen Kreis, oder im grossen Stil. Ob Taufe oder Geburtstagsparty. Ob schlichter Firmenanlass oder festliches Bankett. Schloss Freudenfels bietet helle, feierliche R\u00e4ume in verschiedenen Konfigurationen sowie eine Schlosskapelle, eine Schlossterrasse und einen beeindruckenden Rosengarten mit Blick auf Schloss und Bodensee.\n\nAuf Schloss Freudenfels l\u00e4sst es sich nicht nur gut feiern, sondern auch hervorragend arbeiten.\nSchloss Freudenfels ist ein veritables Seminar- und Tagungszentrum. Um konzentriert zu \u00fcberzeugenden Ergebnissen zu gelangen, helfen die unterschiedlichsten hellen R\u00e4ume, die technische Ausstattung und die Rundumversorgung der Teilnehmenden. Die ruhige Lage, samt grossz\u00fcgiger Aussen-Areale, l\u00e4dt zu inspirierenden Spazierg\u00e4ngen ein, bei denen oft z\u00fcndende Gedanke entstehen.", "url": "http://www.schloss-freudenfels.ch", "image": "https://tgtpimtsoch.sos-ch-dk-2.exoscale-cdn.com/catalog/a/c/f/3/acf34dfe923783bbc19ba1ae9b5d3f0b831db104_SL_200703_B0005939.jpg", "openstreetmap_id": "3892309566.0"}, "geometry": {"type": "Point", "coordinates": ["8.889913", "47.638762"]}}, {"type": "Feature", "properties": {"identifier": "9ac2c11e-14e1-46ee-8168-fbde7d3537e3", "name": "Grosser Saal "}}, {"type": "Feature", "properties": {"identifier": "9b367a83-b529-45eb-a38a-92a572d4a6a9", "name": "Sportunterkunft Weinfelden", "description": "Die Sportunterkunft bietet Platz f\u00fcr maximal 50 Personen und verf\u00fcgt \u00fcber folgende Zimmer:\n\n- 6 x 8er-Zimmer\n- 1 x 4er-Zimmer\n- 1 x 2er-Zimmer\n\nEs gibt einen grossen Aufenthaltsraum, jedoch keine Kochm\u00f6glichkeit. Eine Verpflegung kann im Restaurant Sportsbar (Eishalle) eingenommen werden.\n\nDie unterirdische Sportlagerunterkunft bietet total 50 Betten. Es gibt drei Schlafr\u00e4ume sowie ein Leiterzimmer. Sanit\u00e4re Anlagen sowie eine Kochm\u00f6glichkeit befinden sich ebenfalls in der Sportlagerunterkunft. Gruppen ab 15 Personen k\u00f6nnen die Unterkunft reservieren. \n\nDie Reservation f\u00fcr beide Unterk\u00fcnfte muss mindestens zwei Wochen im Voraus get\u00e4tigt werden.", "url": "https://www.weinfelden-erleben.ch/sport/sportunterkuenfte", "image": "https://tgtpimtsoch.sos-ch-dk-2.exoscale-cdn.com/catalog/0/d/b/b/0dbb4e48441ad437d7f19aeea9a10c4340df725a_DJI_0245.JPG", "openstreetmap_id": "way/26951180"}, "geometry": {"type": "Point", "coordinates": ["9.126959158508246", "47.560397550000005"]}}, {"type": "Feature", "properties": {"identifier": "9c1ab804-ba7d-447e-a486-f9d792cc0519", "name": "Huberwein", "description": "Huberwein ist ein nachhaltiges Familienunternehmen zwischen Weinfelden und Amriswil in G\u00f6tighofen. Neben dem Standort im Thurgau gibt\u2019s auch einen im Piemont. Im Thurgau bieten heimische Rebsorten die Grundlage f\u00fcr facettenreiche, geschmackvolle und einzigartige Thurgauer Weine. Im Piemont liegt der Schwerpunkt auf charakterstarken Rotweinen. Die Nachhaltigkeit beh\u00e4lt die Familie bei ihrer Arbeit in zwei L\u00e4ndern stets im Fokus. Viel Herzblut und Handarbeit fliessen ein. Ged\u00fcngt wird nur biologisch, auf Herbizid verzichtet. Wiesenblumen, Haselnuss oder Obstb\u00e4ume bl\u00fchen rund um den Thurgauer Rebberg und f\u00f6rdern die Biodiversit\u00e4t. In ansprechendem Ambiente degustieren G\u00e4ste in G\u00f6tighofen die Huberweine. Gew\u00e4hlt wird zwischen verschiedenen mehr oder weniger umfangreichen Degustationsangeboten. Eine Weinbar, die jeden ersten Freitag im Monat abends \u00f6ffnet, erfreut mit ausgew\u00e4hlten Weinen im Offenausschank und l\u00e4sst G\u00e4ste in die Huberweinwelt eintauchen, kleines Ap\u00e9ro-H\u00e4ppchen pro Glas inbegriffen.", "url": "https://www.huberwein.ch/", "image": "https://tgtpimtsoch.sos-ch-dk-2.exoscale-cdn.com/catalog/c/c/a/1/cca1aaa18da6d0a465df063e8080c9861d589eca_Huber_Wein_Mai_2023_510__2.jpg", "openstreetmap_id": "node/780011658"}, "geometry": {"type": "Point", "coordinates": ["9.206280112266542", "47.53642784543936"]}}, {"type": "Feature", "properties": {"identifier": "9cb2beb9-1a66-4bee-87c7-96724dfedb82", "name": "Gustav Kahn", "description": "Gustav Gleis, Lokomotivf\u00fchrer und Weltenbummler, erf\u00fcllt sich seinen lang ersehnten Traum und erkundet neu auch mit seinem Kahn die Welt. \n\nSein neues Zuhause hat Gustav liebevoll mit Souvenirs von seinen Reisen eingerichtet: Knallig farbige Vintage-M\u00f6bel aus Italien verbreiten auf dem Hafenplatz eine fr\u00f6hliche Stimmung. Ein Gesp\u00fcr f\u00fcrs Detail hat Gustav auch bei Gaumenfreuden. Ja, er ist ein nachhaltiger Feinschmecker. Eine gesunde und regionale Ern\u00e4hrung ist ihm so wichtig, dass er eigene Salate und Kr\u00e4uter anpflanzt. Aber bei aller Regionalit\u00e4t bleibt er doch weltoffen: Auf Hawaii hat er die Zubereitung von k\u00f6stlichen Pok\u00e9 Bowls erlernt, in S\u00fcdamerika wurde er zum Grillspezialisten und die Briten haben ihn f\u00fcr Fish & Chips begeistert. Unterwegs in der T\u00fcrkei befasste er sich mit Kaffeebr\u00fchen, und seit er in Spanien war, lebt er sein Flair f\u00fcr Cocktails aus. All diese K\u00f6stlichkeiten bereitet er f\u00fcr seine G\u00e4ste in seinem immer verl\u00e4sslichen Kahn zu.", "url": "https://www.gustavkahn.ch", "image": "https://tgtpimtsoch.sos-ch-dk-2.exoscale-cdn.com/catalog/6/5/d/c/65dcadb399004686d35e2818c4c6690fc31b1091_DSC_5026_Bearbeitet.jpg", "openstreetmap_id": "way/335761499"}, "geometry": {"type": "Point", "coordinates": ["9.384310310857634", "47.567691901761"]}}, {"type": "Feature", "properties": {"identifier": "9d0f20b1-c95d-4bbe-b0d7-1a929f4ee6e4", "name": "Erlebnisweingut Burkhart - Thurgau Tourismuspreisgewinner 2022", "description": "<p>Das Erlebnisweingut Burkhart verf&uuml;gt &uuml;ber einen Rebberg von 8 Hektaren. Bei einem Rundgang mit dem Winzer durch Weinberg, Keller und anschliessender Degustation wird der Weinfelder Rebbau mit allen Sinnen erlebt. Das Eventgeb&auml;ude mit herrlicher Aussicht &uuml;ber den Rebberg bietet Platz f&uuml;r Ap&eacute;ros, Fest- und Firmenessen, Seminare sowie Workshops. Tradition, Innovation und Nachhaltigkeit stehen auf dem Weingut im Einklang mit Mensch und Natur, dies mitten im Thurgau. Das Weingut Burkhart in Weinfelden ist bei Gault Millau unter den besten 150 Weing&uuml;tern der Schweiz, im Vinum unter den Besten 200 gelistet und erhielt f&uuml;r das Jahr 2026 den Handwerkspreis von Best of Swiss Wine Tourism.</p>", "url": "http://www.weingut-burkhart.ch/", "image": "https://tgtpimtsoch.sos-ch-dk-2.exoscale-cdn.com/catalog/2/f/d/e/2fdee0da7d7747d1cdf5276d8a954c872a4d66fa_IMG_0666.JPG", "openstreetmap_id": "node/7325738759"}, "geometry": {"type": "Point", "coordinates": ["9.1033572", "47.5770368"]}}, {"type": "Feature", "properties": {"identifier": "9da4072e-3fd7-4a90-b49c-ca455637bea0", "name": "Hotel Bodensee-Arena", "description": "<p>Die Bodensee-Arena liegt rund 100 Meter vom Bodensee entfernt mitten in der Zweil\u00e4nderregion Kreuzlingen-Konstanz. Die gute Lage am Wasser erm\u00f6glicht einen aktiven und abwechslungsreichen Aufenthalt. Diverse Sportarten k\u00f6nnen in der Arena selbst oder in n\u00e4chster N\u00e4he betrieben werden. Hier wird Tennis, Fussball oder Beachvolleyball gespielt und im Bodensee geschwommen. Im Winter kommen Eislaufen, Eisdiscos und Eisstockschiessen auf der gem\u00fctlichen Restaurantterrasse zum Angebot hinzu. Im Restaurant Bodensee-Arena geniessen G\u00e4ste t\u00e4glich ein Fr\u00fchst\u00fccksbuffet \u2013 am Wochenende wird gebruncht. Mittags und abends \u00fcberzeugt das Restaurant mit gutb\u00fcrgerlicher K\u00fcche, der Poulet-Fl\u00fcgeli-Manufaktur oder mit feinen Ciabatta-Sandwiches.</p><p>In wenigen Minuten sind zu Fuss die Kreuzlinger und Konstanzer Altstadt sowie die H\u00e4fen und Bahnh\u00f6fe beider St\u00e4dte oder der Kreuzlinger Seeburgpark erreichbar. Parkpl\u00e4tze stehen kostenlos zur Verf\u00fcgung. F\u00fcr Fahrradg\u00e4ste gibt\u2019s einen abschliessbaren Veloraum.</p>", "url": "http://www.bodensee-arena.com/", "image": "https://tgtpimtsoch.sos-ch-dk-2.exoscale-cdn.com/catalog/7/a/8/8/7a88c97dc6f69b2071e2f42e677c718301e5fe27_DSC_0166_2__2.jpg", "openstreetmap_id": "108817940.0"}, "geometry": {"type": "Point", "coordinates": ["9.1800643", "47.6547591"]}}, {"type": "Feature", "properties": {"identifier": "9e3807b2-86ac-447c-ae44-d1e4863fd444", "name": "GameScore Interaktives Spielemuseum", "description": "<p>GameScore ist ein interaktives Spielemuseum in M&uuml;nchwilen im Kanton Thurgau und widmet sich der Spielkultur von klassischen Brettspielen &uuml;ber Flipper und Arcade Automaten bis hin zu Konsolen und Videospielen sowie Virtual Reality Erlebnissen. Der Fokus liegt auf dem aktiven Erleben. Zahlreiche Exponate sind spielbar und f&ouml;rdern den generations&uuml;bergreifenden Austausch. Als familienfreundliches Ausflugsziel verbindet GameScore Kultur, Freizeit und Bildung auf einzigartige Weise.</p><p>Das Museum zeichnet sich durch seine konsequent interaktive Ausrichtung, die Vielfalt der Spielwelten und den niederschwelligen Zugang f&uuml;r unterschiedliche Altersgruppen aus. Ab dem 10. Februar stehen zus&auml;tzlich zehn Virtual Reality Escape R&auml;ume zur Verf&uuml;gung. Die Lage direkt an der Autobahn sowie die gute Erreichbarkeit mit dem &ouml;ffentlichen Verkehr erm&ouml;glichen einen kurzen Anfahrtsweg. Im integrierten Brettspielkaffee stehen rund 450 Brettspiele zur freien Nutzung bereit. Insgesamt ist GameScore ein attraktives Ziel f&uuml;r Familien, Gruppen und Spieleinteressierte.</p>", "url": "https://www.gamescore.ch/", "image": "https://tgtpimtsoch.sos-ch-dk-2.exoscale-cdn.com/catalog/c/a/3/b/ca3b01533f48f4cf586f926b0f74bef325162b58_ef604721_5830_490b_b6ca_4dc5fdc2f140.jpg", "openstreetmap_id": "way/238749210"}, "geometry": {"type": "Point", "coordinates": ["8.9959358", "47.4832345"]}}, {"type": "Feature", "properties": {"identifier": "9e97ddb5-b8f2-44b7-9e9c-f1b417494c18", "name": "Genial Delikat", "description": "<p>Ob Firmenanlass, privates Fest oder Teamevent \u2013 Genial Delikat entwickelt massgeschneiderte Veranstaltungskonzepte mit viel Liebe zum Detail. Im Mittelpunkt stehen dabei individuelle Inszenierungen, die Professionalit\u00e4t, Design und Gastfreundschaft vereinen. Das kulinarische Herzst\u00fcck bildet das regionale und saisonale Catering, das mit bewusst ausgew\u00e4hlten Zutaten begeistert. Erg\u00e4nzt wird das Angebot durch selbergemachte Delikatessen und den hauseigenen Gin \u2013 ein aromatisches Highlight mit pers\u00f6nlicher Note. Der Standort in Romanshorn \u2013 urban, naturnah und direkt am Bodensee gelegen \u2013 unterstreicht den besonderen Charakter der Agentur. Genial Delikat steht f\u00fcr durchdachte Erlebnisse, die Genuss, \u00c4sthetik und Nachhaltigkeit harmonisch verbinden \u2013 mit Wurzeln im Thurgau und Ausstrahlung weit \u00fcber die Region hinaus.</p>", "url": "https://genialdelikat.ch/", "image": "https://tgtpimtsoch.sos-ch-dk-2.exoscale-cdn.com/catalog/4/d/a/7/4da7584f4b5d322fc2b1b96a0e4900cade69e8e5_Genial_Delikat_Eventagentur_Gallery_852.jpg", "openstreetmap_id": "way/423641804"}, "geometry": {"type": "Point", "coordinates": ["9.3697625", "47.557274"]}}, {"type": "Feature", "properties": {"identifier": "9e9a009d-79cf-46ab-98e9-c44deb29c38e", "name": "Schweizerische Schifffahrtsgesellschaft Untersee und Rhein URh, Schaffhausen"}}, {"type": "Feature", "properties": {"identifier": "a164dd59-7562-4c94-9aaa-d330ca942721", "name": "Eurotrek: Rundfahrt Ostschweiz", "description": "Diese Rundtour ab Schaffhausen f\u00fchrt Velofahrende innerhalb von vier Tagen an die sch\u00f6nsten Flecken der Ostschweiz. Hier ein Apfelkuchen, dort ein Sauerbraten, zum Gl\u00fcck ist der Thurgau h\u00fcgelig, so k\u00f6nnen G\u00e4ste die kulinarischen H\u00f6henfl\u00fcge mit gutem Gewissen geniessen. Doch die Liebe geht nicht nur durch den Magen. Die Ausblicke auf den silbrig-blauen Bodensee verzaubern bei der Fahrt \u00fcber den Seer\u00fccken nach Kreuzlingen und weiter nach Arbon. Schmucke Riegelh\u00e4user und die beschwingte Rosenstadt Bischofszell sind architektonische Ausrufezeichen auf der weiteren Route. Die letzte Etappe f\u00fchrt \u00fcber Weinfelden und durch die Rebberge zur\u00fcck nach Schaffhausen.  \n\nDas Package von Eurotrek beinhaltet unter anderem 3 \u00dcbernachtungen mit Fr\u00fchst\u00fcck, t\u00e4gliche Gep\u00e4cktransfers, Reiseunterlagen und Eintritte. Leihr\u00e4der k\u00f6nnen dazu gemietet werden.", "url": "https://www.eurotrek.ch", "image": "https://tgtpimtsoch.sos-ch-dk-2.exoscale-cdn.com/catalog/e/5/d/0/e5d034d875cfd23cd90611ca5ec291ae0d24e55d_Maerstetten_Ostschweizer_Weinroute_Rebberge_ST_Herbstkampagne_21.jpg", "openstreetmap_id": "way/118263557"}, "geometry": {"type": "Point", "coordinates": ["8.396726150000006", "47.4190944"]}}, {"type": "Feature", "properties": {"identifier": "a215c2e2-6b83-4bcf-bfca-e74763f75b81", "name": "Restaurant Krone am See", "description": "Das Restaurant Krone liegt im Thurgauer Apfeldorf Altnau direkt am Bodensee. Es ist aufgeteilt in zwei Teile. Drinnen erwartet G\u00e4ste ein stilvolles Fine Dining Restaurant mit moderner K\u00fcche, wo viele regionale Produkte einfliessen, und auch kreative vegetarische und vegane Gerichte dazu geh\u00f6ren. Die Weinkarte gl\u00e4nzt mit exzellenten Weinen aus dem Thurgau, aber auch aus der Schweiz und Europa. Der zweite Teil draussen heisst \u00abKrone Easy\u00bb. Dies ist eine gesellige Sommerterrasse mit einfachen Menus in Selbstbedienung oder f\u00fcr Take Away. Hier k\u00f6nnen Bestellungen vor Ort, online vom Altnauer Badestrand grad nebenan oder gar vom Boot aus gemacht und abgeholt werden. Beide Teile der Krone, Restaurant und Terrasse, haben eins gemein: die wunderbare Seesicht. Die Krone ist zudem ein idealer Start- oder Endpunkt f\u00fcr Ausfl\u00fcge um und \u00fcber den Bodensee. Oberhalb des Dorfes startet der Altnauer Apfelweg, ein Themenweg \u00fcber das rotbackige Fr\u00fcchtchen, f\u00fcr das der Thurgau so bekannt ist.", "url": "https://www.krone-altnau.ch/", "image": "https://tgtpimtsoch.sos-ch-dk-2.exoscale-cdn.com/catalog/c/c/b/9/ccb97cf9576d852a1ca4c7a5e1aa5f5c99fdaf4c_Restaurant_Krone_240624_038.jpg", "openstreetmap_id": "node/1997230018"}, "geometry": {"type": "Point", "coordinates": ["9.2675946", "47.6226731"]}}, {"type": "Feature", "properties": {"identifier": "a45933fc-058a-4d89-b97d-8834687c4bae", "name": "Blitterswiler"}}, {"type": "Feature", "properties": {"identifier": "a4623f8e-dc49-421c-a6b3-2d48bde9c3fe", "name": "Minigolf Buchs (am Werdenbergersee)", "description": "Die Minigolfanlage, welche von Angelica und Beat Finsterwald in zweiter Generation mit Herzblut gef\u00fchrt wird, bietet des Weiteren eine Pit Pat Anlage (eine Art Tischminigolf) mit 18 verschiedenen Bahnen, einen Kinderverkehrsgarten mit Elektroautos, Fahrsimulatoren und Tischtennis spielen. Der Kiosk mit Selbstbedienung rundet einen gelungenen Ausflug ab. ", "image": "https://tgtpimtsoch.sos-ch-dk-2.exoscale-cdn.com/catalog/f/1/5/1/f151d6628ee042e83d49a71fb51df9b89a89cfbf_FreizeitanlageWerdenberg_2024.jpg", "openstreetmap_id": "way/1127819989"}, "geometry": {"type": "Point", "coordinates": ["9.463251275602586", "47.16540365"]}}, {"type": "Feature", "properties": {"identifier": "a4d8e68c-beeb-4ba2-8f74-e85d50dbf501", "name": "Bireweg Egnach", "description": "Das beschauliche Dorf Egnach am Bodensee ist einer der Thurgauer Hotspots der Beeren- und Obstproduktion. Dem \u00d6rtchen, mit seinen vielen Weilern und den unz\u00e4hligen hier wachsenden Fr\u00fcchten, sind vier Wanderwege gewidmet; die Egnacher Perlen. Einer davon ist der \u00abBireweg\u00bb. \u00dcber knapp acht Kilometer f\u00fchrt er von der ehemaligen Mosterei Egnach durch grosse Obstanlagen und Hochstammg\u00e4rten hinauf zum Bahnhof Winden. Der Bireweg ist mit digitalem F\u00fchrer \u00fcber die App \u00abCubeTrail\u00bb entlang von zehn Wegposten begehbar. Geschichtliche Hintergr\u00fcnde zum Dorf und dem Obstbau sowie die touristisch wertvollsten Punkte werden erl\u00e4utert. Ausblicke auf saftige Wiesen, idyllische Bauernh\u00f6fe, schmucke Riegelh\u00e4user und den blau glitzernden Bodensees erfreuen das Wanderherz. \n\nDer Trail ist t\u00e4glich und jederzeit zug\u00e4nglich. Das App \u00abCubeTrail\u00bb ist kostenlos im App Store von Apple und Android erh\u00e4ltlich. ", "image": "https://tgtpimtsoch.sos-ch-dk-2.exoscale-cdn.com/catalog/2/6/b/2/26b262905d2a5d5dac353914749f990b9c0f9ba1_Photokleinformat_3_2_Egnach_Bluescht_Shooting_20.jpg", "openstreetmap_id": "way/975466764"}, "geometry": {"type": "Point", "coordinates": ["9.3812712", "47.5444969"]}}, {"type": "Feature", "properties": {"identifier": "a4ebe6ef-10cc-4e32-8a71-15dd73ac0777", "name": "La Canoa \u2013 Kanuzentrum Konstanz", "description": "Es gibt kaum einen sch\u00f6neren Weg den Bodensee mit seiner einzigartigen Natur- und Kulturlandschaft zu entdecken als paddelnd vom Wasser aus. La Canoa, das Kanuzentrum in Konstanz, r\u00fcstet Wasserbegeisterte aus mit Paddel-Equipment und bietet ein vielf\u00e4ltiges Kursangebot und Routenvorschl\u00e4ge. Wie w\u00e4re es zum Beispiel beim Aufenthalt am Bodensee bis zur Unterkunft mit dem Kanu zu paddeln? Oder den Bodensee-Kanuweg unter die Ruder zu nehmen? 25 Abgabestationen rund um den Bodensee machen diese etwas andere Art des Reisens m\u00f6glich. Auf Schweizer Bodenseeseite finden sich SUP- und Kanustationen in Romanshorn, Kreuzlingen, Gottlieben, Steckborn, Stein a.R., Schaffhausen. Hier k\u00f6nnen Boote und SUP's gemietet und abgegeben werden. F\u00fcr Gruppen-, Schulklassen-, Firmen- und Teambuildingausfl\u00fcge bietet La Canoa gef\u00fchrte Kanutouren an. Das gemeinsame Fortbewegen auf dem Wasser st\u00e4rkt den Zusammenhalt, denn nur mit vereinten Kr\u00e4ften gelangt man ans Ziel. Ein spritziger und erlebnisreicher Tag ist garantiert.", "url": "http://www.lacanoa.com/", "image": "https://tgtpimtsoch.sos-ch-dk-2.exoscale-cdn.com/catalog/2/4/e/2/24e2e75e2db027db6c2e1691a0fec4579049982b_Konstanz_Kajak_Kanu_Inselhotel_Muenster_30_2020_Quelle_LaCanoa.JPG", "openstreetmap_id": "way/194904580"}, "geometry": {"type": "Point", "coordinates": ["9.148033261299135", "47.6755384976673"]}}, {"type": "Feature", "properties": {"identifier": "a656872b-95da-4f01-aa5e-ec1d706c843c", "name": "Hof-Tschannen", "description": "Der Hof Tschannen liegt mitten im Gr\u00fcnen am Dorfrand von Illighausen mit herrlichem Blick auf den Bodensee und in den Alpstein. Besuchende k\u00f6nnen auf Stroh oder im G\u00e4stezimmer \u00fcbernachten. Es wird ein reichhaltiges Bauernfr\u00fchst\u00fcck mit hausgemachten Produkten angeboten. Auf Anfrage ist Halb- und Vollpension erh\u00e4ltlich. Ein grosser Hofplatz, ein \u00fcberdachter Sandkasten, Rutschbahn, viele Spielzeuge oder ein Garten zum Austoben lassen Kinderherzen h\u00f6herschlagen. Tierfreunde helfen der gastfreundlichen Familie Tschannen beim F\u00fcttern der Rinder oder beim Einsammeln der H\u00fchnereier. Wer's gem\u00fctlicher mag, streichelt die Hofb\u00fcsis oder schaut den Schweinchen und Hasen zu. Der Wald mit einer Grillstelle ist nur 100 Meter vom Hof entfernt. Der heizbare Aufenthaltsraum l\u00e4dt zum Verweilen ein. Auch Kindergeburtstage werden gerne ausgerichtet.", "url": "http://www.hof-tschannen.ch/", "image": "https://tgtpimtsoch.sos-ch-dk-2.exoscale-cdn.com/catalog/c/9/6/8/c968e906173dbbd7b40a25132ded1817c215c38e_Illighausen_Hof_Tschannen_schlafen_im_Stroh.jpg", "openstreetmap_id": "way/330204224"}, "geometry": {"type": "Point", "coordinates": ["9.214230175896676", "47.61307795360362"]}}, {"type": "Feature", "properties": {"identifier": "a777068e-2359-4194-bf44-670017c7f86c", "name": "Restaurant Linde", "description": "Im Bistro werden den G\u00e4sten einfachere Gerichte f\u00fcr den kleinen Hunger serviert. Der lauschig-schattige Garten bietet im Sommer zus\u00e4tzlichen Platz zum Verweilen und Geniessen.\n\nDas Bier wird von der huus-braui aus Roggwil bezogen. Von den unfiltrierten Bierspezialit\u00e4ten sind jeweils mindestens drei Sorten im Offenausschank erh\u00e4ltlich. Zwei Mal j\u00e4hrlich findet zudem der Anlass \u00abBier und so\u00bb statt. Zu jedem der sieben G\u00e4nge wird ein passendes Bier serviert. Ein echter Tipp f\u00fcr Bierfans und Geniesser!", "url": "http://www.linde-roggwil.ch/", "image": "https://tgtpimtsoch.sos-ch-dk-2.exoscale-cdn.com/catalog/5/0/5/d/505dfaffa71859272b0c2930764fb73d07bbe3f2_131_garten_und_restaurant_linde_roggwil_2021.jpg", "openstreetmap_id": "way/243203300"}, "geometry": {"type": "Point", "coordinates": ["9.398261200000004", "47.502164050000005"]}}, {"type": "Feature", "properties": {"identifier": "a8b3db11-350d-4eed-ba15-bcda4bb33b75", "name": "Kornhaus Romanshorn", "description": "<p>Das Kornhaus Romanshorn ist ein markantes Wahrzeichen im Hafen von Romanshorn und verbindet historische Architektur mit vielf&auml;ltigen Erlebnissen am Bodensee. Das ehemalige Lagerhaus wurde sorgf&auml;ltig restauriert und beherbergt heute Ausstellungsfl&auml;chen, &Uuml;bernachtungsm&ouml;glichkeiten sowie italienische Gastronomie. <br>Ein besonderer Anziehungspunkt sind die grossz&uuml;gigen Ausstellungsfl&auml;chen. Das Kornhaus ist bekannt f&uuml;r abwechslungsreiche Themenwelten und Ausstellungen aus verschiedenen Bereichen, darunter Modellwelten und digitale Kunst (z. B. PLAYMOBIL-, LEGO- oder Digital-Arts-Ausstellungen). Die R&auml;umlichkeiten eignen sich zudem f&uuml;r private und gesch&auml;ftliche Veranstaltungen. <br>F&uuml;r Aufenthalte am Bodensee stehen Ferienwohnungen sowie m&ouml;blierte Appartements f&uuml;r l&auml;ngere Aufenthalte zur Verf&uuml;gung. Erg&auml;nzt wird das Angebot durch das Ristorante Porto mit Seeterrasse direkt am Hafen. Die Kombination aus Kultur, Genuss und Unterkunft macht das Kornhaus Romanshorn zu einem vielseitigen Ausflugs- und Aufenthaltsort in der Region Thurgau.</p>", "url": "https://www.kornhaus-romanshorn.ch", "image": "https://tgtpimtsoch.sos-ch-dk-2.exoscale-cdn.com/catalog/c/3/2/6/c326f09965188a83536026078c376b509c456bcf_1_Kornhaus_Romanshorn_210923_159.jpg"}, "geometry": {"type": "Point", "coordinates": ["9.3817187", "47.5644612"]}}, {"type": "Feature", "properties": {"identifier": "a90b0978-6c7b-43e6-9558-0d17632fc354", "name": "US-MEX Schaffhausen", "description": "In der Fussg\u00e4ngerzone der Schaffhauser Altstadt liegt das Restaurant US-MEX. In einer unkomplizierten Atmosph\u00e4re begr\u00fcssen die Gastgeber die G\u00e4ste an 365 Tagen im Jahr. Es verf\u00fcgt \u00fcber 200 Sitzpl\u00e4tze inkl. Wintergarten. An warmen Tagen kommt eine grossz\u00fcgige Terrasse und ein charmanter Innenhof dazu. \n\nDie US-MEX Speisen zeichnen sich aus durch eigene Interpretationen und Kreationen aus der mexikanischen und amerikanischen K\u00fcche. Frische und Qualit\u00e4t sind genauso wichtig wie faire Preise und angemessene Portionen. Ob ein kleiner Snack zwischendurch, ein Lunch mit Arbeitskollegen oder ein Dinner mit deinen Liebsten  \u2013 wanna eat? Go US-MEX!", "url": "http://www.usmex.ch/", "image": "https://tgtpimtsoch.sos-ch-dk-2.exoscale-cdn.com/catalog/0/1/d/d/01dd698f3da9a9f3ce2ca34babb9e2209f9ab9ae_180126_USM_SH_Restaurant_059.jpg", "openstreetmap_id": "node/8621647085"}, "geometry": {"type": "Point", "coordinates": ["8.6361913", "47.6960895"]}}, {"type": "Feature", "properties": {"identifier": "aa480876-d99f-48bc-87d5-67e015a87139", "name": "Napoleonmuseum Arenenberg", "description": "Nach dem Sturz Napoleons l. musste seine Stieftochter, die holl\u00e4ndische K\u00f6nigin Hortense, aus Frankreich fliehen. Im Jahr 1817 kaufte sie das Schlossgut Arenenberg und machte es zu ihrem Exilsitz. Sie baute um und stattete die prachtvollen Salons stilsicher und mit viel Pariser Flair aus. Aus Frankreich brachte sie ihren siebenj\u00e4hrigen Sohn, Louis Napol\u00e9on mit, der hier im Thurgau am Bodensee aufwuchs und bis zu seinem einunddreissigsten Lebensjahr lebte. Danach gelangte er mit Umwegen zur\u00fcck nach Frankreich und ging unter dem Namen Napoleon III. als letzter franz\u00f6sischer Kaiser in die Geschichte ein. Seine Frau, Kaiserin Eug\u00e9nie, erweiterte das Schloss um zus\u00e4tzliche Salons. 1906 schenkte Eug\u00e9nie das Anwesen dem Kanton Thurgau, der in dem Schlossgut ihrem Wunsch gem\u00e4ss das Napoleonmuseum und eine Schule f\u00fcr die Thurgauer Landwirtschaft einrichtete. Beides besteht bis heute.", "url": "https://napoleonmuseum.tg.ch/", "image": "https://tgtpimtsoch.sos-ch-dk-2.exoscale-cdn.com/catalog/5/1/c/9/51c937e3bf4a3e6a76184a467b5c9afed7765ba7_Schloss_Arenenberg.jpg", "openstreetmap_id": "node/1129328125"}, "geometry": {"type": "Point", "coordinates": ["9.0592034", "47.6726822"]}}, {"type": "Feature", "properties": {"identifier": "ad3fcb53-2f35-4aa5-ae11-7b9abef21de4", "name": "Jugendherberge Stein am Rhein", "description": "Auf der Burg Hohenklingen hat man alles Wichtige im Blick: Rechts die komfortable, hindernisfreie Jugendherberge mit grossem Spielplatz, die sich bestens f\u00fcr einen Aufenthalt mit der ganzen Familie eignet. Gleich daneben befindet sich das Strandbad Riipark und einige Gehminuten entfernt liegt das St\u00e4dtchen Stein am Rhein, wo man mit einem Atemzug in die Vergangenheit eintauchen kann. Wieder zur\u00fcck in der Gegenwart bieten sich zahlreiche Velo- und Wanderwege an, je nach Fitness gem\u00fctlich am Wasser oder steil durch die H\u00fcgel.\n\nDie Jugendherberge bietet einen Veloraum und ist auch sonst sehr praktisch ausgestattet. Es stehen verschiedene Zimmerkategorien zur Verf\u00fcgung, vom komfortablen Doppelzimmer, \u00fcber Vier- und Sechsbettzimmer f\u00fcr Familien bis hin zu einem Achtbettzimmer f\u00fcr Gruppen ist alles dabei. Unkompliziert und famili\u00e4r! Zudem auch preiswert: F\u00fcr CHF 19.50 pro Erwachsene gibt es ein dreig\u00e4ngiges Abendessen, welches ausgewogen, nachhaltig & abwechslungsreich ist.", "url": "https://www.youthhostel.ch/de/hostels/stein-am-rhein/", "image": "https://tgtpimtsoch.sos-ch-dk-2.exoscale-cdn.com/catalog/e/d/8/4/ed84081e227ef17fb29f701c79bf1e2d50d21973_SAR_4740.jpg", "openstreetmap_id": "way/87450000"}, "geometry": {"type": "Point", "coordinates": ["8.847505976603752", "47.665453049999996"]}}, {"type": "Feature", "properties": {"identifier": "ae0b0604-7b19-4a73-9129-72a026929dc0", "name": "Kantonsbibliothek Thurgau", "description": "Ein Aufenthaltshort zum Lesen, Lernen und Verweilen...\nEin grosser Lesesaal, WLAN, PC- und diverse Einzelarbeitspl\u00e4tze stehen f\u00fcr Katalog- und Internetrecherchen zur Verf\u00fcgung und erm\u00f6glichen vertieftes Arbeiten. Ausserdem bietet die Kantonsbibliothek Zugang zu zahlreichen digitalen Angeboten, darunter ein Presseportal mit \u00fcber 300 vorwiegend deutschsprachigen Tages- und Wochenzeitungen, Sprachkurse, Film- und Musikstreaming und mehrere Plattformen mit E-Books, E-Paper und E-Magazines.\n\nDie gr\u00f6sste kantonale Bibliothek ist auch die zentrale Sammel- und Vermittlungsstelle f\u00fcr thurgauisches Schriftentum. Sie beherbergt einen bemerkenswerten historischen Buchbestand; alte, kostbare, ja einmalige Werke (Handschriften, Inkunabeln und alte Drucke), von denen nicht wenige aus aufgehobenen Thurgauer Kl\u00f6stern stammen.", "url": "https://kantonsbibliothek.tg.ch/", "image": "https://tgtpimtsoch.sos-ch-dk-2.exoscale-cdn.com/catalog/3/2/7/b/327b53cd251c54fd27f7ed6fe555bf1772bdd61f_Frauenfeld_Kantonsbibliothek_Thurgau.jpg", "openstreetmap_id": "way/220908319"}, "geometry": {"type": "Point", "coordinates": ["8.899457323304771", "47.55621805"]}}, {"type": "Feature", "properties": {"identifier": "ae9fe8f6-c16f-4222-946c-713b87f14436", "name": "Arboris R\u00e4tselweg", "description": "<p>Auf dem interaktiven R&auml;tselweg l&auml;dt Arbori Familien dazu ein, Arbon auf spielerische Weise zu entdecken. Die Route verl&auml;uft durch die Altstadt bis ans Bodenseeufer und verbindet bekannte Orte wie den Hafen, den Fischmarktplatz, das Schloss und die Seepromenade miteinander.<br data-start=\"669\" data-end=\"672\">An neun abwechslungsreichen R&auml;tselposten werden mit Hilfe eines R&auml;tselhefts Aufgaben gel&ouml;st und dabei spannende Pl&auml;tze sowie weniger bekannte Ecken der Stadt entdeckt. Die Strecke ist rund 1,33 Kilometer lang, dauert etwa 1 bis 1,5 Stunden und eignet sich f&uuml;r Kinderwagen sowie f&uuml;r Rollstuhlfahrende.</p>", "url": "https://www.arbori-erlebnis.ch/raetselweg", "image": "https://tgtpimtsoch.sos-ch-dk-2.exoscale-cdn.com/catalog/0/3/8/b/038ba58203bd943ee27bda415098a8d34fd1c717_Arbon_Arborisweg_Fliegen.jpg", "openstreetmap_id": "way/258546236"}, "geometry": {"type": "Point", "coordinates": ["9.4380561", "47.5137579"]}}, {"type": "Feature", "properties": {"identifier": "b12dc784-f6eb-4a2c-a77b-06704a010313", "name": "Smilestones Miniaturwelt am Rheinfall", "description": "Ob f\u00fcr Erwachsene oder Kinder - die moderne Miniaturwelt Smilestones zeigt einige der bekanntesten Schweizer Destinationen wie das Alpsteingebiet, das Berner Oberland, den Rheinfall und vieles mehr. Die modellierte Landschaft gleicht einem dreidimensionalen Wimmelbild und bietet extrem viele kleine Szenen und witzige Details, die es zu entdecken gibt. Rund 23'000 Minimenschen und 12'000 B\u00e4umchen sind auf 250 Quadratmeter Anlagenfl\u00e4che zu finden. Neben der Eisenbahn und selbstfahrenden Autos beleben die etlichen Aktionskn\u00f6pfe die Miniaturwelt.", "image": "https://tgtpimtsoch.sos-ch-dk-2.exoscale-cdn.com/catalog/4/4/e/b/44eb1a04881901693af55b73a13aaac60c1828f4_PRO_0584.jpg", "openstreetmap_id": "node/6072311591"}, "geometry": {"type": "Point", "coordinates": ["8.6178975", "47.6792455"]}}, {"type": "Feature", "properties": {"identifier": "b1708e92-657a-40e4-9cfe-32b821cf7310", "name": "Museum f\u00fcr Arch\u00e4ologie", "description": "Auf einem spannenden Rundgang durchstreifen G\u00e4ste im Museum f\u00fcr Arch\u00e4ologie in Frauenfeld 10'000 Jahre Vergangenheit des Kantons Thurgau. Die Funde aus den hiesigen Pfahlbauten \u2013 seit 2011 UNESCO-Welterbe \u2013 liefern interessante Informationen zum Alltag vor Jahrtausenden im Bodenseeraum. H\u00f6hepunkte sind etwa das \u00e4lteste Goldgef\u00e4ss der Schweiz oder eine gallo-r\u00f6mische Holzstatue. Spannende Wechselausstellungen erg\u00e4nzen das Angebot. Der neue Mitarbeiter, Archie der Dachs, nimmt Familien mit auf Spurensuche durchs Museum, l\u00e4sst Details in den Vitrinen suchen und animiert zum Zeichnen und Basteln. F\u00fcr das richtige L\u00f6sungsworts gibt\u2019s eine Belohnung. Unterm gleichen Dach befindet sich auch das Thurgauer Naturmuseum. Der gemeinsame arch\u00e4obotanische Garten im Vorhof der Museen macht die Vielfalt und Geschichte unserer Kultur- und Nutzpflanzen erlebbar. Nach dem Rundgang l\u00e4dt das Museumscaf\u00e9 zum Verweilen ein. Museum und Garten sind hindernisfrei.", "url": "https://archaeologiemuseum.tg.ch", "image": "https://tgtpimtsoch.sos-ch-dk-2.exoscale-cdn.com/catalog/9/d/1/5/9d1544a0625fe305dd52c0b45f4d1b4cde9f2801_Museum_fuer_Archaeologie_Eingang_4000x3000px__2.jpg", "openstreetmap_id": "node/1129297282"}, "geometry": {"type": "Point", "coordinates": ["8.8984937", "47.5564574"]}}, {"type": "Feature", "properties": {"identifier": "b2e3646f-d200-4eec-82ae-a24a26a4c7b0", "name": "AuPremier"}}, {"type": "Feature", "properties": {"identifier": "b30bf86f-bcdf-49c7-897f-bb2c91a75629", "name": "Kunsteisbahn Frauenfeld", "description": "Die Eissaison auf der Kunsteisbahn Frauenfeld startet jeweils im Herbst ab Mitte Oktober. Dabei sind sowohl Eislaufende eingeladen die Kufen zu schwingen, als auch Hockeyfans. Ein Teil der Eisfl\u00e4che ist f\u00fcr freien Eislauf und ein anderer f\u00fcrs Plauschhockey reserviert. Kinder bis sechs Jahre sind gratis, Schlittschuhe g\u00fcnstig zu mieten. F\u00fcr eine St\u00e4rkung zwischen den Runden auf der Eisfl\u00e4che l\u00e4dt das Selbstbedienungsrestaurant mit Blick auf die Kunsteisbahn ein. W\u00e4hrend der Sommersaison kann die Halle f\u00fcr Veranstaltungen gemietet werden. Weitere Informationen sowie den aktuellen Belegungsplan finden G\u00e4ste auf der Website der Stadt Frauenfeld.", "url": "https://www.frauenfeld.ch/kultur-freizeit/freizeit/freizeitanlagen-sport/kunsteisbahn.html/260", "image": "https://tgtpimtsoch.sos-ch-dk-2.exoscale-cdn.com/catalog/c/0/9/7/c09789718b0195b1febd640d1d2b67d9fc989221_Kunsteisbahn_DN.jpg", "openstreetmap_id": "node/10688923219"}, "geometry": {"type": "Point", "coordinates": ["8.8861233", "47.5639234"]}}, {"type": "Feature", "properties": {"identifier": "b31d0dec-c369-4059-8c31-c17ec106b81e", "name": "Kunstmuseum Thurgau", "description": "Den Kern des Museums bildet die seit 1942 bestehende kantonale Kunstsammlung, die unter anderem die Nachl\u00e4sse von Adolf Dietrich, Carl Roesch und Hans Kr\u00fcsi umfasst. Insgesamt verwaltet das Museum \u00fcber 30'000 Sammlungsobjekte, von der Fotografie \u00fcber Zeichnungen und Gem\u00e4lden bis zur raumgreifenden Installation. Ausserdem haben international bekannte K\u00fcnstlerinnen und K\u00fcnstler eigens f\u00fcr den Kontext der Kartause Ittingen neue Werke entwickelt. Janet Cardiffs \u00abIttingen Walk\u00bb f\u00fchrt das Publikum auf einen unkonventionellen Rundgang durch die beiden Museen. \u00abDie verstummte Bibliothek\u00bb von Joseph Kosuth thematisiert die Ordnung des Wissens, w\u00e4hrend Muda Mathis in ihrem \u00abParadies\u00bb die biblische Geschichte auf ganz unkonventionelle Art und Weise neu erz\u00e4hlt.", "url": "http://www.kunstmuseum.tg.ch", "image": "https://tgtpimtsoch.sos-ch-dk-2.exoscale-cdn.com/catalog/0/8/b/3/08b3b85fa206da9e36f970598bcb552d05ace39c_Kunstmuseum_Thurgau_750x480.jpg", "openstreetmap_id": "node/9908306266"}, "geometry": {"type": "Point", "coordinates": ["8.866288661956789", "47.58376337739829"]}}, {"type": "Feature", "properties": {"identifier": "b4380614-1e07-4934-b904-8649cd55daec", "name": "Ittinger Museum", "description": "Der reich ausgestattete Essraum sowie die pr\u00e4chtige Rokoko-Kirche pr\u00e4sentieren sich bis heute so, als lebten und beteten noch M\u00f6nche in Ittingen. Gleichzeitig erz\u00e4hlt der Billardtisch im Kapitelsaal von der Aufl\u00f6sung des Klosters 1848 und von der darauffolgenden Nutzung des Ortes als Herrschaftssitz einer Gutsherrenfamilie. Die Themen und Geschichten rund um das Kloster und den Kart\u00e4userorden werden mittels Audioguide, H\u00f6rspielen f\u00fcr Kinder und Publikationen einem breiten Publikum n\u00e4hergebracht. \n\nAuch der Aussenraum ist vom m\u00f6nchischen Leben gepr\u00e4gt, wie die Besucher auf vier Themenpfaden durch die G\u00e4rten der Kartause erfahren k\u00f6nnen. Wer mit offenen Augen durch die Anlage streift, st\u00f6sst inmitten der Bl\u00fctenpracht heutiger Bepflanzung immer wieder auch auf Fragmente historischer Gartengestaltung.", "url": "http://www.kunstmuseum.tg.ch/", "image": "https://tgtpimtsoch.sos-ch-dk-2.exoscale-cdn.com/catalog/1/1/b/7/11b7f2ba19d4cb77725f86a6f495ae1ea7a60993_0_130814_Ansicht_Kartause.1.jpg", "openstreetmap_id": "node/9908306266"}, "geometry": {"type": "Point", "coordinates": ["8.866385221481325", "47.58356066997053"]}}, {"type": "Feature", "properties": {"identifier": "b44e72e7-25c5-4b00-8887-8da9ed6f0b19", "name": "Ferienhaus B\u00fctenh\u00fcsli", "description": "Das Ferienh\u00e4uschen liegt Abseits in absoluter Ruhe mit erholsamen Blick \u00fcber den Bodensee. Es bietet Platz f\u00fcr zwei Personen und ist ein idealer Ort um zur Ruhe zu kommen und die Seele baumeln zu lassen. Eine Idylle zum Wohlf\u00fchlen und die Natur vor dem Haus geniessen.", "url": "http://www.buetenhuesli.ch", "image": "https://tgtpimtsoch.sos-ch-dk-2.exoscale-cdn.com/catalog/8/7/5/3/8753adda5907bad5b9b88389892b32e12fdf54df_Altnau_Ferienhaus_B__tenh__sli.jpg", "openstreetmap_id": "7687480137"}, "geometry": {"type": "Point", "coordinates": ["9.2647446", "47.6054034"]}}, {"type": "Feature", "properties": {"identifier": "b45360f7-c0fb-4ba2-8846-440fdbbd8918", "name": "grow vitalfabrik \u2013 Fitness & Sauna ", "description": "<p>Mitten im Thurgau bietet die growvitalfabrik auf 1&rsquo;200\u202fm&sup2; ein vielseitiges Angebot f&uuml;r Gesundheit, Bewegung und Entspannung. Der moderne Gesundheitscampus vereint Fitnessstudio, Therapiezentrum und Wellnessbereich unter einem Dach. Eine Saunalandschaft mit Finnischer Sauna, Dampfbad und Infrarotkabinen sorgt f&uuml;r Erholung &ndash; erg&auml;nzt durch nat&uuml;rliche Anwendungen wie Peelings und Aufg&uuml;sse mit Kr&auml;utern aus dem Thurgau. Ein besonderer Vorteil: Sauna und Trainingsbereiche k&ouml;nnen auch stundenweise genutzt werden &ndash; ideal f&uuml;r Ferieng&auml;ste, die flexibel bleiben m&ouml;chten. Die growvitalfabrik kombiniert moderne Infrastruktur mit pers&ouml;nlicher Atmosph&auml;re und schafft Raum f&uuml;r Bewegung, Regeneration und neue Energie.</p>", "url": "https://growvitalfabrik.ch/", "image": "https://tgtpimtsoch.sos-ch-dk-2.exoscale-cdn.com/catalog/c/f/9/9/cf999b8400b35389cc3c285d4f1e3045f88660ba_Sulgen_grow_vitalfabrik_Finnische_Sauna_Fuerstell__3.jpg", "openstreetmap_id": "way/200358003 "}, "geometry": {"type": "Point", "coordinates": ["9.1742891", "47.5425013"]}}, {"type": "Feature", "properties": {"identifier": "b51310cc-e78d-4191-a97f-239ad031d7f4", "name": "Schwimmbad Amriswil", "description": "<p>Das Schwimmbad Amriswil z&auml;hlt zu den beliebten Freizeit- und Sportanlagen im Thurgau und bietet ein abwechslungsreiches Angebot f&uuml;r Erholung, Bewegung und Wasserspass. Die weitl&auml;ufige Anlage vereint sportliche Infrastruktur mit familienfreundlichen Attraktionen und grossz&uuml;gigen Gr&uuml;nfl&auml;chen.</p><p>Herzst&uuml;ck der Anlage ist das 50-Meter-Schwimmbecken, das ideale Bedingungen f&uuml;r Schwimmsport und Training bietet. Erg&auml;nzt wird das Angebot durch ein Nichtschwimmerbecken, einen Str&ouml;mungskanal sowie einen Sprudelbereich. F&uuml;r zus&auml;tzliche Abwechslung sorgen die lange Rutschbahn und die 1- und 3-Meter-Sprungt&uuml;rme. Kinder finden im Planschbecken mit Wasserspielen sowie auf dem Spielplatz vielf&auml;ltige M&ouml;glichkeiten zum Spielen und Entdecken.</p><p>Neben den Wasserattraktionen verf&uuml;gt das Schwimmbad Amriswil &uuml;ber Beachvolleyballfelder, Tischtennistische, eine Ballwiese sowie weitl&auml;ufige Liegewiesen mit zahlreichen Schattenpl&auml;tzen. Die Kombination aus Sport, Erholung und familienfreundlicher Infrastruktur macht die Badi zu einem vielseitigen Ausflugsziel in Amriswil und im Thurgau.</p>", "url": "https://www.amriswil.ch/badi", "image": "https://tgtpimtsoch.sos-ch-dk-2.exoscale-cdn.com/catalog/8/1/1/9/81195c40e33c9b51b69d691931abd7406d13f4db_PIM_Eintrag_Badi__1_.jpg", "openstreetmap_id": "way/332845140"}, "geometry": {"type": "Point", "coordinates": ["9.301176667213442", "47.543341050459524"]}}, {"type": "Feature", "properties": {"identifier": "b86fdf67-30f0-4fde-a8ec-f65b7bc3208d", "name": "Hotel Arenenberg", "description": "<p>Im historischen Ambiente des letzten Kaisers von Frankreich erstrahlen frisch renovierte Tagungsr&auml;ume und Hotelzimmer in neuem Glanz &ndash; mitten im Thurgau, nur wenige Schritte vom Bodensee entfernt. Die lichtdurchfluteten R&auml;ume bieten Platz f&uuml;r Gruppen von 10 bis 350 Personen. Als Rahmenprogramm anerbieten sich der Besuch des Napoleonmuseums, eine Weindegustation oder der genussvolle Teambuilding-Event &laquo;Gourmet-Workshop&raquo;. Schon zu Napoleons Zeiten wurden G&auml;ste f&uuml;rstlich verk&ouml;stigt und beherbergt sowie eigener Wein kultiviert. Heute geniessen Besucher im Bistro mit Garten regionale Gerichte. Im grossen Festsaal &laquo;Probus&raquo; lassen sich hervorragend Ap&eacute;ros und Feste feiern.</p>", "url": "https://arenenberg.ch/", "image": "https://tgtpimtsoch.sos-ch-dk-2.exoscale-cdn.com/catalog/3/d/3/4/3d345dbea4bcf00a385b88db91dad3c31a35f5e0_Salenstein_Arenenberg_Vogelperspektive.jpg", "openstreetmap_id": "way/779558757"}, "geometry": {"type": "Point", "coordinates": ["9.059739516949243", "47.67214905"]}}, {"type": "Feature", "properties": {"identifier": "bb79a276-4f55-46f0-a520-76f66d139b1d", "name": "Stella Bernrain", "description": "Das unabh\u00e4ngige und weltweit ausgerichtete Familienunternehmen stellt Produkte f\u00fcr private Labels sowie die Marken Bernrain und Stella her. Das Unternehmen legt grossen Wert auf Nachhaltigkeit sowohl beim Rohstoffeinkauf als auch in der Produktion. Ausserdem bekennt es sich ohne Einschr\u00e4nkungen zum Produktionsstandort Schweiz.\n\nIm Fabrikladen \u00abSchokoLaden\u00bb und dem integrierten Caf\u00e9 Stella k\u00f6nnen Schoko-Liebhaber sich von all den K\u00f6stlichkeiten direkt ab Produktion verf\u00fchren lassen. Die Auswahl ist gross und l\u00e4sst keine W\u00fcnsche offen, Tafelschokoladen nach jedem Gusto, feinste Pralin\u00e9s und Saisonspezialit\u00e4ten. Wer mehr erleben m\u00f6chte, darf sich auf weitere Highlights freuen: Im Schokoladen verwandeln sich G\u00e4ste in Chocolatiers und veredeln ihre Bio-Schokolade mit den eigenen Lieblingszutaten. Wer mehr \u00fcber die Schokoladenherstellung erfahren m\u00f6chte, stillt seine Neugier einfach bei einem Blick in die Produktion.", "url": "https://www.stellabernrain.ch/de", "image": "https://tgtpimtsoch.sos-ch-dk-2.exoscale-cdn.com/catalog/6/b/0/c/6b0c6e7ba567fe8bfce51d1b28cf9ee8c3711184_2021_Logo_auf_Schokoturm.jpg", "openstreetmap_id": "135183448.0"}, "geometry": {"type": "Point", "coordinates": ["9.1617545", "47.6422824"]}}, {"type": "Feature", "properties": {"identifier": "bba7bf07-6af7-468a-9847-fac7a732fdde", "name": "Typorama \u2013 Museum f\u00fcr Satz und Druck", "description": "Eine Handsetzerei beherbergt in acht Gassen Hunderte von Schriftgarnituren. Auch sind dreizehn verschiedene Typen Bleisetzmaschinen voll einsatzbereit. Im Maschinensaal stehen eine Kniehebel-Handpresse, zwei Boston-Handtiegelpressen, sieben Tiegel-Schnellpressen verschiedener Bauart, eine Stoppzylinder-Schnellpresse, zwei Stoppzylinder-Automaten (einer davon vertikal), zwei Eintouren-Automaten sowie ein Zweitouren-Automat. Die Sammlung wird abgerundet durch die ersten den Bleisatz abl\u00f6senden Fotosatzger\u00e4te. Zudem erm\u00f6glicht eine komplette Buchbinderei die Produktion von B\u00fcchern. Man kann das Typorama entweder zum einfachen Rundgang besuchen oder eine komplette F\u00fchrung mit Ap\u00e9ro buchen. Das Museum ist ausserdem jeden Mittwochnachmittag f\u00fcr Kinder ge\u00f6ffnet. Die Kleinen k\u00f6nnen selber Hand anlegen und ihre Texte und Bilder unter Anleitung setzen und drucken. In den Workshops lernt man nicht nur Linolschnitt oder Buchbinden, sondern sogar die Bedienung einer Setz- oder Druckmaschine.", "url": "https://www.typorama.ch/", "image": "https://tgtpimtsoch.sos-ch-dk-2.exoscale-cdn.com/catalog/c/0/c/7/c0c78d5d863fb5d5b5c61250a95e60ee6aba2c8b_Hamm2_Klein.jpg", "openstreetmap_id": "node/4720479534"}, "geometry": {"type": "Point", "coordinates": ["9.2339237", "47.4927213"]}}, {"type": "Feature", "properties": {"identifier": "bf4baa36-ad81-4ec8-9e54-417b9dcf8542", "name": "US-MEX Weinfelden", "description": "Eintreten und das Leben geniessen! Das im US-Mexikanischen Stil dekorierte Restaurant mit einer grossz\u00fcgigen Sonnenterrasse l\u00e4sst Urlaubsgef\u00fchle aufkommen. Die US-MEX Speisekarte bietet Klassiker und eigene Kreationen aus der mexikanischen und amerikanischen K\u00fcche, die durch geschmackliche Vielfalt, Frische und Qualit\u00e4t \u00fcberzeugen. Es werden angemessen Portionen zu fairen Preisen serviert.\n\nOb f\u00fcr einen Besuch mit der Familie, einen Lunch mit Arbeitskollegen oder ein Dinner mit Freunden \u2013 wanna eat? GO US-MEX!\n\nUS-MEX Restaurants gibt es mittlerweile an vier Standorten: Frauenfeld, Schaffhausen, St. Gallen und Weinfelden. Von April bis September auch direkt am See, US-MEX Terraza Strandbar in Steckborn und ab 2021 in Kreuzlingen.\n\n", "url": "https://www.usmex.ch/", "image": "https://tgtpimtsoch.sos-ch-dk-2.exoscale-cdn.com/catalog/7/a/c/d/7acd8fbb17c940c394485c28f011d899de1726b8_Weinfelden_US_Mex_Restaurant.jpg", "openstreetmap_id": "267349350.0"}, "geometry": {"type": "Point", "coordinates": ["9.1258333", "47.5628599"]}}, {"type": "Feature", "properties": {"identifier": "c010eda3-4026-42ef-a283-91769b1e4c03", "name": "Natur- und Bikehotel Balga", "description": "<p class=\"MsoNormal\" style=\"text-align:justify\">Unsere Zimmer sind modern und\ngem\u00fctlich zugleich. Zeitlos und schlicht \u2013 mit dem h\u00f6chsten Schlafkomfort f\u00fcr\nunsere G\u00e4ste. Eine umfangreiche Bike-Infrastruktur mit Fahrrad-Waschanlage,\nE-Bikeladestation, Ersatzteile-Shop, Waschmaschine und Tumbler sowie ein\n24-Stunden-Check-in und kostenlose Parkpl\u00e4tze machen den Aufenthalt bei uns im\nBalga bequem und einfach. Und dank verschiedenster Zimmerkategorien seid ihr\nals Paar, Familie, allein oder mit Freunden bestens versorgt. <o:p></o:p></p><p class=\"MsoNormal\">\n\n</p><p class=\"MsoNormal\" style=\"text-align:justify\">Im hoteleigenen Restaurant Hedwig\nservieren wir zum Fr\u00fchst\u00fcck ein Buffet aus regionalen Leckereien, mittags gibt\nes hausgemachte Men\u00fc's und abends naturnahe Gerichte zum Teilen \u2013 passend zur\nSaison und zum gemeinsamen Geniessen.<o:p></o:p></p>", "url": "https://hotel-balga.ch/", "image": "https://tgtpimtsoch.sos-ch-dk-2.exoscale-cdn.com/catalog/3/c/8/6/3c8693f1e69a2553955b1191d8ce708240bb9b27_Hotel_Balga_9140_web.jpg", "openstreetmap_id": "4359768"}, "geometry": {"type": "Point", "coordinates": ["9.60792", "47.40694"]}}, {"type": "Feature", "properties": {"identifier": "c119f39a-9bc7-4561-b98a-dd1ac994a4bd", "name": "Seminarland Ostschweiz GmbH", "description": "Die Region \u00abSeminarland Ostschweiz\u00bb erstreckt sich dem Bodensee entlang durch den sch\u00f6nen Kanton Thurgau \u00fcber die urbane Stadt St.Gallen hin zum traditionellen Appenzellerland bis nach Wildhaus im h\u00fcgeligen Toggenburg. Die Region bietet eine Vielfalt an Seminar- und Tagungsm\u00f6glichkeiten.\nBei der Suche nach dem idealen Seminarhotel oder einer modern ausgestatteten Tagungslocation werden Organisatorinnen von Seminaren oder Tagungen bestimmt f\u00fcndig. Der Buchungsservice ist kostenlos: Kunden sparen mit Seminarland Ostschweiz viel Zeit, indem f\u00fcr sie die Verf\u00fcgbarkeiten gepr\u00fcft und Offerten eingeholt werden.\nSeminarland Ostschweiz GmbH arbeitet im Auftrag der Tourismusregionen und ist einzigartig in der Schweiz.", "url": "https://www.seminarland.ch", "image": "https://tgtpimtsoch.sos-ch-dk-2.exoscale-cdn.com/catalog/2/a/8/8/2a8895e2cf2fb48e26844d6b7caec9dbb34d84f4_Seminarland_Shutterstock_Team_Gruppen_3.jpg", "openstreetmap_id": "node/6377781393"}, "geometry": {"type": "Point", "coordinates": ["9.3799292", "47.5644513"]}}, {"type": "Feature", "properties": {"identifier": "c14a3a22-c7e2-4e2b-bd8f-c4092342bd43", "name": "Schloss Kefikon", "description": "<p>Erstmals 1241 urkundlich erw&auml;hnt, geh&ouml;rte das Schloss Kefikon bis 1798 zu den Lehen des Klosters Reichenau. Bedeutende Pers&ouml;nlichkeiten wie Hans Konrad Escher von der Linth, Erbauer des Linthkanals, pr&auml;gten das Anwesen. 1906 wurde das Schloss von August Bach f&uuml;r die Gr&uuml;ndung eines Landerziehungsheims erworben. Nach einem Brand 1929 erfolgte eine Renovation, bei der unter anderem das Mansarddach und der Treppengiebel des Wohnturms entstanden. Heute ist das Schloss Kefikon vor allem als Standort der Privatschule Schloss Kefikon bekannt, die &uuml;ber 100 Jahre Tradition vereint. Das vielf&auml;ltige Gel&auml;nde mit altem Schloss, Schulhaus, Park, Schwimmbad, Spielh&uuml;gel Nufa und dem gr&ouml;ssten Naturweiher der Schweiz bietet Familien, Schulklassen und Besucherinnen und Besuchern spannende Einblicke in Geschichte, Natur und Bildung.</p>", "url": "https://de.wikipedia.org/wiki/Schloss_Kefikon", "image": "https://tgtpimtsoch.sos-ch-dk-2.exoscale-cdn.com/catalog/5/d/a/8/5da8908d93d8ac9d161930fc96fa0a79faa8c5d3_large__Kefikon_Schloss_Kefikon_2.jpg", "openstreetmap_id": "way/259723337"}, "geometry": {"type": "Point", "coordinates": ["8.8321566", "47.5492704"]}}, {"type": "Feature", "properties": {"identifier": "c37661c7-b2ec-428b-9aa9-3c4300be12fb", "name": "Schweizerische Schifffahrtsgesellschaft Untersee und Rhein (URh)", "description": "Wo die offenen weiten des Bodensees in den Seerhein m\u00fcnden, wo das Gew\u00e4sser im Untersee sich wieder auftut und schliesslich in den Rhein \u00fcbergeht \u2013 hier ist die Schifffahrtsgesellschaft Untersee und Rhein unterwegs. Von Kreuzlingen und Konstanz bis Schaffhausen, von April bis Oktober geniessen G\u00e4ste die abwechslungsreiche Uferlandschaft des sich stetig ver\u00e4ndernden Gew\u00e4ssers. Schmucke St\u00e4dte, malerische Fischerd\u00f6rfer, gr\u00fcne Ufer, Wasserv\u00f6gel, B\u00f6\u00f6tlifahrer, Stand-Up-Paddelnde und Aussichten auf Schl\u00f6sser, Weinberge, historische Br\u00fccken oder den Seer\u00fccken begleiten die Schifffahrt. Ausflugsziele wie Stein am Rhein, die Insel Reichenau oder Gottlieben bezaubern mit ihrem Charme. Spezialangebote der Schifffahrtsgesellschaft, wie die Brunch-Fahrt oder die Vogelschau-Fahrt laden zum Verweilen ein. Kinderwagen, Hunde und Velos sind willkommen und gelangen gut an Bord. Unser Tipp: die Br\u00fcckendurchfahrt bei Diessenhofen ist ein besonderes Highlight. Da muss sogar der Kapit\u00e4n den Kopf einziehen!", "url": "https://www.urh.ch/", "image": "https://tgtpimtsoch.sos-ch-dk-2.exoscale-cdn.com/catalog/9/4/3/5/94355624f71a535930d812ca36eedd18ba4bfe93_Kreuzung_Untersee_quer__2.jpg", "openstreetmap_id": "node/2273091502"}, "geometry": {"type": "Point", "coordinates": ["8.640878781869382", "47.69619306113712"]}}, {"type": "Feature", "properties": {"identifier": "c3a12acb-e5ea-4f73-a7e1-95926bf93b32", "name": "Schlafstrandkorb Rosengarten am Untersee", "description": "Der Schlafplatz liegt in einem Privatgarten umgeben von Rosen und Reben  in erh\u00f6hter Lage ausserhalb von Mammern. Der Schlafstrandkorb steht auf einem nicht einsehbaren gesch\u00fctzten Platz. Er verf\u00fcgt \u00fcber eine warme, bequeme Liegefl\u00e4che von 140 cm x 220 cm und l\u00e4sst sich bei Bedarf variabel schliessen. Decken und Kissen sind selbstverst\u00e4ndlich inbegriffen. Die Abdeckung ist regendicht. Alternative bei pl\u00f6tzlichem heftigem Wetterumschlag ist das G\u00e4stezimmer im Haus. Ein kleiner privater Sitzbereich steht jederzeit zur Verf\u00fcgung. Direkt neben dem Strandkorb befindet sich eine Warmwasser-Outdoordusche sowie eine Toilette mit Wassersp\u00fclung. Ein reichhaltiges Fr\u00fchst\u00fcck ist inbegriffen. Das Abendessen ist individuell zubuchbar. Auf Wunsch ist ein kurzer gef\u00fchrter Rundgang durch die Rosen- und den Gem\u00fcseg\u00e4rten m\u00f6glich. Ansonsten Seele baumeln lassen und die gesamte Gartenanlage geniessen. Von Mai bis September buchbar.", "url": "https://www.bb-rosengarten-am-untersee.ch", "image": "https://tgtpimtsoch.sos-ch-dk-2.exoscale-cdn.com/catalog/8/a/9/5/8a9554729543a88a6c948047b12d5bbd2ba1ebe3_medium__Mammern_Schlafstrandkorb_Himmelbett_5.jpg", "openstreetmap_id": "node/12304118614"}, "geometry": {"type": "Point", "coordinates": ["8.9294063", "47.6474166"]}}, {"type": "Feature", "properties": {"identifier": "c6dfa5b3-f606-47d9-a838-930796444a47", "name": "Hotel Taverne zur Linde", "description": "Seit 40 Jahren ist die Linde bekannt f\u00fcr sein gem\u00fctliches Ambiente und das aussergew\u00f6hnliche Erlebnis vom grilliertem Fleisch auf Holzkohle. Ein saftiges Ribeye vom Grill mit einem sch\u00f6nen Glas Wein, in der Linde in Bischofszell sind besonders Fleischliebhaber bestens aufgehoben. Die liebevoll eingerichteten Speiser\u00e4umlichkeiten mit rustikalem Ambiente und die grosse Bar laden zu geselligem Verbleiben ein. Das charmante und gastfreundliche Servicepersonal k\u00fcmmert sich engagiert um die W\u00fcnsche der G\u00e4ste. Das zentrale Altstadthaus mitten im alten Stadtkern bietet moderne, freundliche Zimmer mit Wifi TV und Bad.", "url": "http://www.hotel-zur-linde.ch/", "image": "https://tgtpimtsoch.sos-ch-dk-2.exoscale-cdn.com/catalog/b/a/3/7/ba371ad6795d99744408eb25482b68a60e581dcc_cropedLinde2024.jpg", "openstreetmap_id": "way/364975497"}, "geometry": {"type": "Point", "coordinates": ["9.241727432199442", "47.493946449999996"]}}, {"type": "Feature", "properties": {"identifier": "c86ad7aa-4553-4a85-9f6a-674894ae6852", "name": "blaswerk Musik Haag", "description": "In der \u00abgl\u00e4sernen\u00bb Werkstatt wird hautnah erlebt wie Blechblasinstrumente oder Klarinetten entstehen. Auch Nichtmusiker k\u00f6nnen in die Welt einer jahrhundertalten Handwerkertradition eintauchen und staunen wie Instrumente entstehen. Wer Lust hat, kann auch selbst Hand anlegen und sich im Instrumentenbau versuchen. In der Werkstatt kann dem Instrumentenbauer \u00fcber die Schultern geschaut und dabei einige Geheimisse des Instrumentenbaus kennengelernt werden. Das ganze wird multimedial unterst\u00fctzt. Auch Workshops f\u00fcr Musiker zum Thema Instrumentenpflege oder Mundst\u00fcckworkshops werden in den R\u00e4umen durchgef\u00fchrt.", "url": "https://www.blaswerkhaagshop.ch/", "image": "https://tgtpimtsoch.sos-ch-dk-2.exoscale-cdn.com/catalog/4/f/1/5/4f15ba1dfc18b9c0b321417538a0ec159edddcf7_BlaswerkHaag35.jpg", "openstreetmap_id": "node/7279876941"}, "geometry": {"type": "Point", "coordinates": ["9.0988037", "47.5696512"]}}, {"type": "Feature", "properties": {"identifier": "ca17e3df-fd1e-47f1-b886-408519c24e19", "name": "indicis.ch \u2013 E-Bike Verleih und Touren", "description": "<p>Am Untersee verbindet indicis.ch E-Bike Verleih mit gef&uuml;hrten Touren direkt am Bodenseeradweg. So er&ouml;ffnen sich ideale M&ouml;glichkeiten, den Thurgau aktiv zu entdecken. Die Routen f&uuml;hren durch sanfte H&uuml;gellandschaften, vorbei an Obstg&auml;rten, Rebbergen und idyllischen Uferwegen. Erfahrene Guides vermitteln Hintergr&uuml;nde zu Natur, Kultur und Geschichte und er&ouml;ffnen neue Einblicke in die Bodenseeregion. Neben Tagesausfl&uuml;gen organisiert das Unternehmen auch mehrt&auml;gige Reisen rund um den Bodensee oder bis in das Elsass. Moderne E-Bikes mit tiefem Einstieg sorgen f&uuml;r Komfort und erm&ouml;glichen es, auch l&auml;ngere Strecken m&uuml;helos zu bew&auml;ltigen. Damit ist indicis.ch ein verl&auml;sslicher Partner f&uuml;r Gruppen und Teams, die die Vielfalt des Thurgaus und des Bodenseeraums nachhaltig erleben m&ouml;chten.</p>", "url": "http://www.indicis.ch", "image": "https://tgtpimtsoch.sos-ch-dk-2.exoscale-cdn.com/catalog/4/2/d/2/42d2914bd5b6c98ad13cc225035ec4ef0958c056_20250511_115204__1_.jpg", "openstreetmap_id": "way/204655966"}, "geometry": {"type": "Point", "coordinates": ["9.0753813", "47.6701352"]}}, {"type": "Feature", "properties": {"identifier": "ca4e5120-309d-4aff-93e4-7d12822d05e2", "name": "MoM\u00f6 - Schweizer Mosterei- und Brennereimuseum", "description": "<p>Kennst du den Gr&uuml;nder der Mosterei M&ouml;hl? Du erf&auml;hrst es vor Ort im MoM&ouml;. W&uuml;rdest du dich zum Safthandwerker eignen? Unsere Mostfabrik testet dein Wissen. Kennst du die fleissigste Bienenart? Vor Ort erf&auml;hrst du alles &uuml;ber diese Best&auml;ubungsk&uuml;nstler. Du m&ouml;chtest bodenst&auml;ndiges Essen und Trinken? In der dazugeh&ouml;rigen Bar erhalten G&auml;ste kleine K&ouml;stlichkeiten aus der Region und nat&uuml;rlich M&ouml;hl-Spezialit&auml;ten. Die Familie M&ouml;hl freut sich auf deinen Besuch im Apfelparadies.&nbsp;</p>", "url": "https://www.momoe.ch", "image": "https://tgtpimtsoch.sos-ch-dk-2.exoscale-cdn.com/catalog/e/e/8/6/ee863a22a2f826118cdeda58dda485c8d33779fb_momoe_obstgarten_sommer_original_4k_grading.jpg", "openstreetmap_id": "way/630909769"}, "geometry": {"type": "Point", "coordinates": ["9.412203402045316", "47.5070748"]}}, {"type": "Feature", "properties": {"identifier": "cbc9b3a1-5cae-47d7-a17b-b468671509e8", "name": "History-Trail Ermatingen", "description": "<p>Der History-Trail in Ermatingen bietet einen digitalen Erlebnis und Lernweg durch die Geschichte des Ortes. Auf der rund 4,5 Kilometer langen Route, die sich in etwa 1 Stunde 30 Minuten bew&auml;ltigen l&auml;sst, werden Teilnehmende mit Hilfe eines Smartphones zu 35 verschiedenen historischen Punkten gef&uuml;hrt. Begleitet wird der Weg von der Figur &laquo;Professor Erfmuotinger&raquo;, die durch die verschiedenen Stationen f&uuml;hrt und historische Hintergr&uuml;nde auf unterhaltsame Weise vermittelt. Die Tour ist interaktiv gestaltet und verbindet Wissensvermittlung mit spielerischen Elementen und R&auml;tseln, die das Verst&auml;ndnis f&uuml;r die lokale Vergangenheit f&ouml;rdern. Ermatingen z&auml;hlt zu den &auml;ltesten Siedlungen am Bodensee und blickt auf eine bewegte Geschichte zur&uuml;ck, die der Trail auf anschauliche Weise erlebbar macht.</p>", "url": "https://smartrails.ch/trails/ermatingen/history-trail", "image": "https://tgtpimtsoch.sos-ch-dk-2.exoscale-cdn.com/catalog/f/6/6/c/f66c06827b3987289656397b0d2ed8a09e3168a6_medium__Ermatingen_Vinorama_Seitenansicht.jpg", "openstreetmap_id": "relation/1684517"}, "geometry": {"type": "Point", "coordinates": ["9.0798991", "47.6693246"]}}, {"type": "Feature", "properties": {"identifier": "cc9fb078-63ba-43d2-9b60-dfac3c2b3ebb", "name": "MUSE.TG Museen im Thurgau", "description": "<p>Von der Jungsteinzeit &uuml;ber das Mittelalter bis zur Industrialisierung und Zeitgeschichte &ndash; museale Erlebniswelten erz&auml;hlen von Mobilit&auml;t mit Eisenbahn, Kutsche, Schiff und Automobil, zeigen die reiche Flora und Fauna der Region und laden ein, das traditionelle Thurgauer Safthandwerk zu entdecken. Ortsmuseen machen Alltagsgeschichte und Wohnkultur lebendig, w&auml;hrend Schl&ouml;sser und Malstuben zu einer Zeitreise einladen. Mechanische Werkst&auml;tten zeigen historisches Handwerk und Erfindungen, Kirchensch&auml;tze und zeitgen&ouml;ssische Kunst verbinden Vergangenheit und Gegenwart. Ein &Uuml;berblick &uuml;ber alle Thurgauer Museen und deren vielf&auml;ltiges Angebot ist auf der Webseite von MUSE.TG verf&uuml;gbar.</p>", "url": "https://www.muse.tg/#museen", "image": "https://tgtpimtsoch.sos-ch-dk-2.exoscale-cdn.com/catalog/3/e/9/c/3e9c46f952bb79a46c6043220699dfcdc508470c_2026_Karte_4zu5.jpg", "openstreetmap_id": "way/232919858"}, "geometry": {"type": "Point", "coordinates": ["8.8971152", "47.5569556"]}}, {"type": "Feature", "properties": {"identifier": "cf73b21d-50eb-44c8-9127-9462dcb2730c", "name": "Thurgauer Schulmuseum Amriswil", "description": "<p>Das Schulmuseum ist ein Erlebnis f\u00fcr alle Generationen: Im liebevoll eingerichteten Klassenzimmer im ersten Obergeschoss f\u00fchlen sich \u00e4ltere Besuchende in ihre eigene Schulzeit zur\u00fcckversetzt, w\u00e4hrend j\u00fcngere entdecken, wie das Lernen damals ablief. Die authentische Atmosph\u00e4re von 1920 wird durch originale Schulm\u00f6bel und Materialien greifbar gemacht. So laden etwa Thurgauer Leseb\u00fccher aus den Jahren ab 1910 zum St\u00f6bern ein, und alte Hilfsmittel wie Setzk\u00e4sten, Schreibfedern, Fibeln, Schiefertafeln und Rechenschieber lassen l\u00e4ngst vergangene Unterrichtsmethoden wieder aufleben.</p><p>Das Schulmuseum bietet als ausserschulischer Lernort verschiedene museumsp\u00e4dagogisch betreute und auf den Lehrplan abgestimmte Vermittlungsangebote f\u00fcr Schulklassen vom Kindergarten bis zur Oberstufe und Mittelschule. Spannende Wechselausstellungen greifen Themen wie \u00abN\u00e4schi\u00bb oder Werken auf, und bei Museumsveranstaltungen gibt es tiefere Einblicke in die Schweizer Schulgeschichte.</p><p>Ein Besuch im Schulmuseum Amriswil ist eine Zeitreise, die Bildungsgeschichte sp\u00fcrbar und erlebbar macht.</p>", "url": "http://www.schulmuseum.ch/", "image": "https://tgtpimtsoch.sos-ch-dk-2.exoscale-cdn.com/catalog/0/9/6/f/096fabb924b067822930000c7755c0fd01128599_resized_870x450_orig_amriswil_schulmuseum.jpg", "openstreetmap_id": "node/4399903689"}, "geometry": {"type": "Point", "coordinates": ["9.2737792", "47.5443811"]}}, {"type": "Feature", "properties": {"identifier": "d0d4b080-eac0-4f15-a980-e19469c6394c", "name": "Schaudepot St. Katharinental | Volkskundliche Sammlung Historisches Museum Thurgau", "description": "Im Kornhaus des ehemaligen Dominikanerinnenklosters wird eine \u00fcberw\u00e4ltigende Vielfalt von \u00fcber 10'000 Objekten ausgestellt. Auf eindr\u00fcckliche Weise werden Besuchende hier Zeuge der Lebens- und Arbeitsweise zu Urgrossmutters Zeit. Auf 2'700 Quadratmetern heisst es Eintauchen in die Welt unserer Vorfahren. Was bewegte Pferdebesitzer dazu, ein St\u00fcck graviertes Hirschgeweih an ihr Fuhrwerk zu h\u00e4ngen? Weshalb wurde ein Scherenmotiv in einen Dachziegel gedr\u00fcckt? Auf gef\u00fchrten Touren erfahren Besuchende faszinierende Geschichten aus einer Zeit ohne Rasenroboter, Induktionsherd und Mobiltelefon. Dar\u00fcber hinaus bestaunen sie auch das gr\u00f6sste historische Holzfass der Schweiz, ein 45'000 Liter-Gigant von 1759 aus Mostindien.\n\nDas Schaudepot \u00f6ffnet seine Tore das ganze Jahr \u2013 allerdings nur auf Voranmeldung. Zur Auswahl stehen F\u00fchrungen zu verschiedenen Themen, die ca. 60 Minuten dauern.", "url": "http://www.historisches-museum.tg.ch/", "image": "https://tgtpimtsoch.sos-ch-dk-2.exoscale-cdn.com/catalog/3/e/9/1/3e9133fba4a34873ec5258b461c891a3966cc102_Schaudepot_St._Katharinental.JPG", "openstreetmap_id": "node/10209697173"}, "geometry": {"type": "Point", "coordinates": ["8.736922", "47.6909985"]}}, {"type": "Feature", "properties": {"identifier": "d18df4d2-12b1-46b5-a8dc-adaff3a7a6b7", "name": "Tourismus-Region Diessenhofen: Reich an Kultur und Natur", "description": "Das St\u00e4dtchen Diessenhofen l\u00e4dt mit seiner pittoresken Lage am Rhein und seiner historischen Altstadt mit zahlreichen Baudenkm\u00e4lern zum Flanieren und Verweilen ein. Das gastronomische Angebot reicht vom einfachen Imbiss bis zur gehobenen K\u00fcche des Unterhofs. Die Umgebung eignet sich f\u00fcr ausgedehnte Wanderungen und Fahrradtouren entlang des Rheins. Wer es gem\u00fctlicher mag, erkundet die Flusslandschaft per Kursschiff oder geniesst ein (Sonnen-)Bad in der Rhybadi Rodenbrunnen. Eine besondere Attraktion des s\u00fcssen St\u00e4dtchens ist die 200-j\u00e4hrige gedeckte Holzbr\u00fccke \u00fcber den Rhein, welche Diessenhofen mit seiner deutschen Nachbargemeinde Gailingen verbindet. In Diessenhofen gibt es mehrere kulturhistorische Sammlungen, wie etwa im Museum kunst + wissen, wo es eine Dauerausstellung zur einst hier angesiedelten Rotf\u00e4rberei und Stoffdruckerei gibt. Ein wenig ausserhalb des St\u00e4dtchens befindet sich das ehemalige Dominikanerinnenkloster St. Katharinental. Die Klosterkirche gilt als eine der sch\u00f6nsten Raumsch\u00f6pfungen des sp\u00e4ten Barocks in der Schweiz. \n\nSowohl die Altstadt- als auch die verschiedenen Themenf\u00fchrungen bieten spannende Einblicke in die lokale Geschichte und nebenbei zahlreiche bezaubernde Fotosujets. Mit einem Stadtrundgang begibt man sich auf eine informative Entdeckungsreise durch das Kyburger-St\u00e4dtchen und lernt den historischen Stadtkern mit seinen imposanten Altstadth\u00e4usern, Brunnen und Gassen kennen. Zudem zeigt sich der Rhein hier in Diessenhofen von seiner romantischen Seite.", "url": "http://www.diessenhofen.ch/tourismus", "image": "https://tgtpimtsoch.sos-ch-dk-2.exoscale-cdn.com/catalog/7/5/6/2/75626c7df8f91ab73956349f502b2c23555b1f03_URh_Schiff__2.jpg", "openstreetmap_id": "way/282313796"}, "geometry": {"type": "Point", "coordinates": ["8.75308798871841", "47.6898564"]}}, {"type": "Feature", "properties": {"identifier": "d2f4077a-1561-4c6f-967b-4b3f38005619", "name": "Garten-Bungalow in Arbon", "description": "Der neue, freistehende Bungalow liegt in einem ruhigen Einfamilienhaus-Quartier in Arbon. Zum See, zum Einkaufen und in die historische Altstadt sind es nur wenige Gehminuten. Die \u00d6V-Anbindung ist optimal: 700 m zum Bahnhof, 200 m zur n\u00e4chsten Busstation mit direkter Verbindung nach St. Gallen. Wer mit dem Auto kommt, ist mit dem Gratis-Parkplatz gleich neben dem Bungalow gut bedient.\n\nDer helle Bungalow besitzt zwei grosse Fensterfronten gegen Osten und S\u00fcden, welche Transparenz und Weite zum Garten schaffen. Die nat\u00fcrlichen Baumaterialien, Holz aus heimischer Produktion und Natursteinb\u00f6den, tragen zur Wohlf\u00fchl-Atmosph\u00e4re bei. Auf dem grossen Sitzplatz kann man von morgens bis abends die Sonne geniessen. Sonnenschirm und Sonnenliegen sind vorhanden. Das Schlafzimmer ist mit einem Doppelbett (180 x 200) ausgestattet. Vom Bettsofa (140x200) im Wohnzimmer geniesst man einen herrlichen Blick ins Gr\u00fcne.", "image": "https://tgtpimtsoch.sos-ch-dk-2.exoscale-cdn.com/catalog/8/2/b/f/82bf3f1448d42ba54c8e85e58e302d955c635773_P1070749__2.JPG", "openstreetmap_id": "way/259408299"}, "geometry": {"type": "Point", "coordinates": ["9.420200354172895", "47.516425749999996"]}}, {"type": "Feature", "properties": {"identifier": "d348bb7e-577f-4c37-9b08-978051324476", "name": "TIKI Strandbar Goldach", "description": "<p>TIKI geh\u00f6rt zu einer der sch\u00f6nsten Strandbars der Deutschschweiz. Auch die Mojito\u2019s und Burger z\u00e4hlen zu den Besten am Bodensee. Die TIKI Strandbar liegt direkt beim Hafen Goldach und ist w\u00e4hrend der Sommersaison, von April bis September, jeden Tag bei sch\u00f6nem Wetter offen. Die gem\u00fctlichen Sonnenbetten und rustikalen Holzm\u00f6bel im Vintage-Look schaffen eine einzigartige Atmosph\u00e4re und bieten viele verschiedenen Sitz- und Liegefl\u00e4chen. Die Strandbar ist der perfekte Ort f\u00fcr unvergessliche Momente, neue Bekanntschaften und atemberaubende Sonnenunterg\u00e4nge.</p>", "url": "https://tikistrandbar.ch/", "image": "https://tgtpimtsoch.sos-ch-dk-2.exoscale-cdn.com/catalog/a/7/6/4/a764b559d188be033c071d76fbfbff24d4dad77f_MMZL2008.jpg", "openstreetmap_id": "node/2450055638"}, "geometry": {"type": "Point", "coordinates": ["9.4790537", "47.4828408"]}}, {"type": "Feature", "properties": {"identifier": "d3f7deac-7eb3-42f0-abdd-df386545d68f", "name": "Haag Weine - Vinothek", "description": "Die charmant eingerichtete Vinothek Haag, umgeben von den 400 Jahre alten Mauern, l\u00e4dt am Freitag und Samstag oder nach Vereinbarung zum Einkaufen und Degustieren ein. Mit 30 Pl\u00e4tzen bietet sie ideale M\u00f6glichkeiten f\u00fcr Gruppendegustationen, Ap\u00e9ros und andere Festivit\u00e4ten. Nicole Haag, als passionierte Gastgeberin, organisiert Anl\u00e4sse individuell und pers\u00f6nlich. Die Vinothek ist die ideale R\u00e4umlichkeit f\u00fcr besondere Anl\u00e4sse in sch\u00f6nem Ambiente. \n\nIm Weinbau setzt die Familie Haag alles daran, aus gesunden, reifen Trauben klare und authentische Weine hervorzubringen. Auf 4 ha pflegt die Familie Haag sechs verschiedene Traubensorten: M\u00fcller-Thurgau, Cabernet Blanc, Sauvignon Blanc, Pinot Gris, Pinot Noir und Zweigelt. Sortenreine, klar strukturierte Weine, Innovation aber auch viel Passion, Begeisterung und Herzblut f\u00fcr das Handwerk zeichnet die Winzerfamlie aus. Tipp: Degustieren Sie Nicole's Lieblingswein, den Goldgr\u00fcebli bei Ihrem n\u00e4chsten Besuch.", "url": "http://www.haag-weine.ch/", "image": "https://tgtpimtsoch.sos-ch-dk-2.exoscale-cdn.com/catalog/7/e/c/9/7ec9d0bddc5b31597dd60ef1dce1c8774acb5b69_Huettwilen_Haa_gWeine_Portrait.jpg", "openstreetmap_id": "way/298906049"}, "geometry": {"type": "Point", "coordinates": ["8.869737775940624", "47.60669985"]}}, {"type": "Feature", "properties": {"identifier": "d4531d2e-33dd-416b-b375-00ddb95d086c", "name": "Hotel Restaurant Seegarten", "description": "Das Hotel bietet verschiedene Zimmerkategorien an, vom normalen Doppelzimmer \u00fcber das Grand-Lit-Zimmer bis zu Familienzimmer f\u00fcr bis zu vier Personen. Alle 42 modern ausgestattete Zimmer sind Richtung S\u00fcden und Westen ausgerichtet. Einige dieser Zimmer verf\u00fcgen \u00fcber einen eigenen Balkon oder sind mit einem kleinen privaten Sitzplatz im Parterre ausgestattet. Im Restaurant oder auf der sonnigen Terrasse geniessen die G\u00e4ste genussvolle Stunden. Das K\u00fcchenteam verarbeitet ausschliesslich regionale Produkte.", "url": "http://www.hotelseegarten.ch/", "image": "https://tgtpimtsoch.sos-ch-dk-2.exoscale-cdn.com/catalog/5/6/f/2/56f2b8f26627fef38b8c64f518091f7f538f2f4c_Hotel_Restaurant_Seegarten.jpg", "openstreetmap_id": "258580723.0"}, "geometry": {"type": "Point", "coordinates": ["9.4215019000001", "47.5214864"]}}, {"type": "Feature", "properties": {"identifier": "d64cd5cc-7555-4225-92da-70dbcda9c2b0", "name": "\u00d6pfelfarm", "description": "G\u00e4ste erleben in der \u00d6pfelfarm in Steinebrunn die Verarbeitung und Veredelung von \u00c4pfeln und vielen anderen Fr\u00fcchten und Beeren zu den verschiedensten Gaumenfreuden. Die Familie Kauderer hat sich diesem Genusshandwerk verschrieben und \u00f6ffnet in ihrem Hofladen die T\u00fcren zu einer Welt voller K\u00f6stlichkeiten. Nebst Trockenfr\u00fcchten, Backwaren und vielen anderen regionalen Spezialit\u00e4ten, sind im Hofladen und im dazugeh\u00f6rigen Onlineshop auch viele individuell zusammengestellte Geschenksideen zu finden. Gruppen haben zudem die M\u00f6glichkeit, die Produktion der Trockenfr\u00fcchte zu besichtigen und einen Einblick in die Welt der Familie Kauderer zu erlangen.", "url": "http://www.oepfelfarm.ch/", "image": "https://tgtpimtsoch.sos-ch-dk-2.exoscale-cdn.com/catalog/4/6/c/2/46c255f9d27708d92fe25e82c62b7931ff6af556___pfelfarm_in_Steinebrunn.jpg", "openstreetmap_id": "3015821507.0"}, "geometry": {"type": "Point", "coordinates": ["9.3484775", "47.5297754"]}}, {"type": "Feature", "properties": {"identifier": "d806450f-4c70-4657-bb7e-c97d1122d7eb", "name": "ZebrastreifenEvents", "description": "<p>Erlebnisp\u00e4dagogik am Bodensee bei ZebrastreifenEvents: Die Teilnehmenden erleben einen abwechslungsreichen und spannenden Tag. Die Angebote sind vielf\u00e4ltig:<br><br>Flossbau: Am Ufer des Bodensees im Thurgau werden gemeinsam Fl\u00f6sse gebaut. Nach der strategischen und kreativen Bauphase geht es gemeisam aufs Wasser. Dabei bringt dieser Tag jede Menge Spass. <br><br>Walderlebnistag, Survival in der Wildnis: Die Teilnehmenden bauen einen Unterschlupf und lernen im Feuerworkshop verschiedene Feuertechniken kennen. Mittags kann an der Grillstelle grilliert werden.<br><br>Teamtag mal anders: Draussen in der Natur werden gemeinsam verschiedene Herausforderungen gemeistert. Individuelle W\u00fcnsche werden ber\u00fccksichtigt. Der Veranstaltungsort kann abgesprochen werden.<br></p>", "url": "https://www.zebrastreifen.events", "image": "https://tgtpimtsoch.sos-ch-dk-2.exoscale-cdn.com/catalog/f/9/9/7/f9974a8b2dfefcf6ad52ab0e68b58f4453532905_20220504_161339.jpg", "openstreetmap_id": "node/6377781393"}, "geometry": {"type": "Point", "coordinates": ["9.3799292", "47.5644513"]}}, {"type": "Feature", "properties": {"identifier": "d894442d-0090-428f-9c8f-624c48664144", "name": "Seerestaurant Buchhorn", "description": "<p>Mit viel Engagement wird das Seerestaurant Buchhorn im Strandbad Arbon betrieben. Neben der Speisekarte sorgen die t\u00e4glich wechselnden Mittagsmen\u00fcs f\u00fcr Abwechslung auf dem Esstisch und der vielf\u00e4ltigen Auswahl am Buffet kann niemand widerstehen. Zur Spezialit\u00e4t des Hauses geh\u00f6ren die feinen Fischknusperli in w\u00fcrziger Kr\u00e4uterpanade sowie der unverwechselbare Buchhorn-Burger. Das Restaurant Buchhorn in Arbon erfrischt auch als vielseitige Anlage f\u00fcr Feste. Neben dem t\u00e4glichen Betrieb ist das Seerestaurant Buchhorn auch die perfekte B\u00fchne f\u00fcr gediegene, festliche Begegnungen jeglicher Art. Es gibt wenige Orte, die sich f\u00fcr ein Fest so ideal eignen wie dieses einzigartige Bijou. Direkt am See gelegen l\u00e4sst es sich auf vielf\u00e4ltige Weise bespielen. Das Seerestaurant Buchhorn ist ein tolles Ausflugsziel und liegt an diversen Velo- und Wanderwegen.</p>", "url": "https://seerestaurant-buchhorn.ch", "image": "https://tgtpimtsoch.sos-ch-dk-2.exoscale-cdn.com/catalog/e/b/a/9/eba92eeb2821330ebbec02b61388f74dca5694eb_Arbon_Restaurant_Strandbad_Buchhorn_Aussicht.jpg", "openstreetmap_id": "node/259196142"}, "geometry": {"type": "Point", "coordinates": ["9.418526964195179", "47.5265206"]}}, {"type": "Feature", "properties": {"identifier": "d8b68557-d4c1-4438-8893-ab1ae8f02d35", "name": "G\u00e4stewohnung Sustena", "description": "<p>Den G&auml;sten, die das Besondere sch&auml;tzen, wird ein grossz&uuml;giger Wohnkomfort geboten: separater Eingang, Wohn-Terrasse, individuell m&ouml;blierte R&auml;ume, gut ausgestattete K&uuml;che. Die Wohnung befindet sich in einem markanten Altstadthaus und verf&uuml;gt &uuml;ber einen grossen Garten. Ob ein kurzer Aufenthalt f&uuml;r einen Besuch bei Freunden, die Teilnahme an einer Weiterbildung oder erholsame Ferien auf dem Land: Die Wohnung mit eigener Terrasse ist ein ruhiger R&uuml;ckzugsort zum Entspannen. Gleichzeitig eignet sie sich ideal, um die herrliche Umgebung mit ihren vielf&auml;ltigen M&ouml;glichkeiten zum Wandern oder Velofahren kennenzulernen.</p>", "url": "http://sustena.ch/", "image": "https://tgtpimtsoch.sos-ch-dk-2.exoscale-cdn.com/catalog/a/4/d/f/a4df860b1c9018e1a38a6dc0e4e0736a079a64ea_Haus_bearb.png", "openstreetmap_id": "way/355537818"}, "geometry": {"type": "Point", "coordinates": ["9.237070437900423", "47.49344375"]}}, {"type": "Feature", "properties": {"identifier": "da48a8d3-a95a-4387-acc5-5bd9d41d8f8e", "name": "Eisenwerk Frauenfeld", "description": "In einer inspirierenden Atmosph\u00e4re, die industrielle Grossz\u00fcgigkeit und Werkstattcharakter ausstrahlt, finden weit \u00fcber hundert Veranstaltungen pro Jahr statt. Diese werden zumeist vom Verein Kultur im Eisenwerk durchgef\u00fchrt; die R\u00e4ume im Eisenwerk k\u00f6nnen aber auch f\u00fcr eigene private oder \u00f6ffentliche Veranstaltungen gemietet werden. Daneben gibt es auch kulturelle Kurse f\u00fcr Kinder, Jugendliche und Erwachsene und eine Gemeinschafts-Werkstatt mit Leihlager. Die Webseite des Eisenwerks vermittelt das ganze bunte Programm.\n \n", "url": "https://www.eisenwerk.ch/", "image": "https://tgtpimtsoch.sos-ch-dk-2.exoscale-cdn.com/catalog/7/c/9/6/7c9624f9e9bccd4f5e2fa1bf2cb340df488e14ca_DSC09196.jpg", "openstreetmap_id": "1538243123.0"}, "geometry": {"type": "Point", "coordinates": ["8.8940078", "47.5610445"]}}, {"type": "Feature", "properties": {"identifier": "daa14118-ab97-4e5f-a055-2a9f51df2315", "name": "Schloss Gachnang", "description": "<p>Urspr&uuml;nglich als Wasserburg angelegt, wurde das Schloss Gachnang 1767 durch das Kloster neu erbaut. Der Bergfried aus dem 13. Jahrhundert wurde im 16. und 17. Jahrhundert durch Wohngeb&auml;ude ummantelt. Wesentliche Zu- und Umbauten erfolgten 1741 und nach dem Brand 1929 mit einem neuen Staffelgiebel. 1916 ging das Schloss an die Gebr&uuml;der M&uuml;ller &uuml;ber, die darin eine Mosterei betrieben. Prachtvolle Portalgitter aus dem 18. und 19. Jahrhundert sowie ein Brunnen aus der zweiten H&auml;lfte des 18. Jahrhunderts pr&auml;gen das Anwesen. Innen befinden sich das Escherzimmer mit Gobelinimitationen, ein Bilderzimmer mit &Ouml;lpanneaux sowie weisse und bemalte &Ouml;fen, unter anderem von Rudolf Kuhn in Rieden. Elegante Innenr&auml;ume und ein weitl&auml;ufiger Aussenbereich machen das Schloss f&uuml;r Trauungen, Geburtstagsfeiern, Firmenanl&auml;sse und kulturelle Veranstaltungen wie Ausstellungen nutzbar, wodurch historische Atmosph&auml;re und moderne Nutzung harmonisch verbunden werden.</p>", "image": "https://tgtpimtsoch.sos-ch-dk-2.exoscale-cdn.com/catalog/6/6/0/9/66099e220ffac2ba363af6d2350be4d8bedfc618_large__Gachnang_Schloss_Gachnang_2.jpg", "openstreetmap_id": "way/230180030"}, "geometry": {"type": "Point", "coordinates": ["8.8499151", "47.5397507"]}}, {"type": "Feature", "properties": {"identifier": "dab0d40d-a1bb-44e8-9a3f-cfc2a786b992", "name": "Hotel Buchserhof", "description": "Dem Gastgeberehepaar Petra und Andreas M\u00fcller ist es ein Anliegen, m\u00f6glichst saisonale und regionale Gerichte und Zutaten in Ihrer K\u00fcche zu verwenden. So bietet die Men\u00fckarte f\u00fcr jeden Gast etwas Feines \u2013 ebenso ist es mit dem Hotel: in 60 modern eingerichteten Zimmern findet jeder Gast die geeignete Zimmerkategorie, egal ob f\u00fcr eine Nacht oder mehrere, als Einzelperson, Paar oder Familie. ", "url": "https://buchserhof.ch/", "image": "https://tgtpimtsoch.sos-ch-dk-2.exoscale-cdn.com/catalog/8/b/4/2/8b42dd573615861533b63bbb57d7d2d697953121_Hotel_Buchserhof_Ansicht_2024.jpg", "openstreetmap_id": "way/78243938"}, "geometry": {"type": "Point", "coordinates": ["9.477143181034483", "47.16641525"]}}, {"type": "Feature", "properties": {"identifier": "db98088f-38cc-4ab2-9f4c-4a474c0efb0a", "name": "b_smart motel Amriswil", "description": "<p>Im b_smart motel entscheiden G\u00e4ste dank dem flexiblen Self Check-in-System selbst, wann sie anreisen \u2013 ideal f\u00fcr Reisende mit vollem Terminkalender oder spontanen Pl\u00e4nen. Die 20 modernen Zimmer bieten viel Platz zum Entspannen und sind mit allem ausgestattet, was es f\u00fcr einen angenehmen Aufenthalt braucht. Besonderen Komfort bietet der kostenlose Kaffee- und Teeservice, der den G\u00e4sten jederzeit zur Verf\u00fcgung steht. F\u00fcr zus\u00e4tzliche Erfrischungen sorgt die Honesty Bar, an der weitere Getr\u00e4nke gegen Bezahlung angeboten werden. Der Zimmerpreis beinhaltet nicht nur die \u00dcbernachtung, sondern auch ein reichhaltiges Fr\u00fchst\u00fcck, kostenloses Highspeed-WLAN im gesamten Motel sowie kostenfreie Parkpl\u00e4tze direkt vor Ort. Dank der optimalen Lage im Herzen des Thurgaus ist das b_smart motel ein idealer Ausgangspunkt f\u00fcr Gesch\u00e4ftsreisen oder entspannte Freizeitaktivit\u00e4ten.</p>", "url": "https://www.b-smarts.net/amriswil", "image": "https://tgtpimtsoch.sos-ch-dk-2.exoscale-cdn.com/catalog/b/8/3/4/b83463ad086174f31151296def7ec174502b7ebc_Visualisierung_hohe_Aufl__sung__1_.jpg", "openstreetmap_id": "way/442256969"}, "geometry": {"type": "Point", "coordinates": ["9.2986768", "47.5451054"]}}, {"type": "Feature", "properties": {"identifier": "dcb612c3-da0f-47e5-97a8-1c7410bc077d", "name": "Alte Badi Altnau", "description": "<p>Etwas abseits des Hafens gelegen, bietet die Alte Badi Altnau eine entspannte Alternative zu den gr&ouml;sseren Strandb&auml;dern am Bodensee. Die &ouml;ffentliche Badestelle &uuml;berzeugt mit einer gepflegten Liegewiese und direktem Zugang zum See, ideal f&uuml;r eine erfrischende Abk&uuml;hlung an warmen Sommertagen.<br>Familien profitieren von einem Spielplatz sowie einer Feuerstelle, die zum gemeinsamen Grillieren einl&auml;dt. &Ouml;ffentliche Sanit&auml;ranlagen sorgen f&uuml;r zus&auml;tzlichen Komfort.<br>Ein besonderes Highlight ist das Denkmal zur Seegfr&ouml;rne von 1963. Es erinnert an die letzte vollst&auml;ndige Vereisung des Bodensees und macht die Alte Badi auch zu einem geschichtstr&auml;chtigen Ort.<br>Ob f&uuml;r eine kurze Erfrischung, ein gem&uuml;tliches Picknick oder einen entspannten Sommertag am Wasser. Die Alte Badi Altnau verbindet Natur, Erholung und Geschichte auf besondere Weise.</p>", "image": "https://tgtpimtsoch.sos-ch-dk-2.exoscale-cdn.com/catalog/4/8/2/e/482e40b60ef0db913ebe56bc9fca2f979b230469_PIM_Eintrag_Badi__1_.jpg", "openstreetmap_id": "way/789939679"}, "geometry": {"type": "Point", "coordinates": ["9.2749203", "47.6202809"]}}, {"type": "Feature", "properties": {"identifier": "dcc4526c-68f8-4731-b59c-d7f511261513", "name": "Stammheimer Hopfentropfen Erlebnishof", "description": "Die Bier-Erlebniswelt auf dem Hopfen-Hof ist vielf\u00e4ltig. In der kleinen hofeigenen Brauerei etwa brauen G\u00e4ste ihr eigenes Bier und personalisieren es mit spezieller Etikette. Auf dem Lehrpfad erf\u00e4hrt man alles zum Hopfenanbau und degustiert nat\u00fcrlich vom hauseigenen Hopfenbr\u00e4u. Bei einer Bier Ol\u00fcmp-iade st\u00e4rken Gruppen den Teamgeist und lassen sich bei einer Degustation mit Hopfen-Spezialit\u00e4ten oder dem hofeigenen Whisky verw\u00f6hnen. Zu letzterem gibt\u2019s eigene Seminar in der neuen Whisky-Lounge. Auch f\u00fcr das leibliche Wohl wird auf dem Hopfen-Hof gesorgt. Eine Besenbeiz begr\u00fcsst Besuchende im Garten oder im Innenbereich mit w\u00e4hrschaften Speisen. Auch Feste feiern kann man in den urchig gem\u00fctlichen R\u00e4umlichkeiten des Hofs ganz wunderbar. ", "url": "http://www.hopfentropfen.ch", "image": "https://tgtpimtsoch.sos-ch-dk-2.exoscale-cdn.com/catalog/9/2/8/b/928b0a98df7238e35e213dfa9a693349b7bb5b73_Unterstammheim_Hopfentropfen_Produkte.JPG", "openstreetmap_id": "node/825272402"}, "geometry": {"type": "Point", "coordinates": ["8.7802289", "47.6335853"]}}, {"type": "Feature", "properties": {"identifier": "dcf55ebf-9b18-49ff-8426-bc6945af393a", "name": "Die Piratenschule am Bodensee", "description": "<p>Die Piratenschule am Bodensee ist ein interaktives Familienabenteuer entlang des Schweizer Bodenseeufer. An verschiedenen Piratenposten warten knifflige R&auml;tsel- und Erlebnisstationen, die individuell und unabh&auml;ngig voneinander entdeckt werden k&ouml;nnen. Begleitet wird das Abenteuer von einer Web-App mit Augmented Reality: Es k&ouml;nnen digitale Piratenfiguren, Sch&auml;tze und M&uuml;nzen gesammelt werden. Die interaktive Schatzkarte mit den Piratenposten verbinden Spiel, Bewegung und R&auml;tsellust mit attraktiven Ausflugszielen am Bodensee.</p>", "url": "https://thurgau-bodensee.ch/piratenschule.html", "image": "https://tgtpimtsoch.sos-ch-dk-2.exoscale-cdn.com/catalog/b/d/d/9/bdd982d4b5998cbe299a7146e0e13269c0bf67a6_Piratenschule_mit_Totenkopf_Design.png", "openstreetmap_id": "way/122917971"}, "geometry": {"type": "Point", "coordinates": ["9.1809374", "47.6513643"]}}, {"type": "Feature", "properties": {"identifier": "dea5ecbf-349c-4afe-812b-c90643a6afc4", "name": "TopTrail Tannzapfenland", "description": "<p>Die Mountainbike-Infrastruktur richtet sich an alle Alters- und K&ouml;nnerstufen, wobei bei Planung und Umsetzung besonders auf die Bed&uuml;rfnisse von Kindern und Jugendlichen geachtet wurde. Drei ausgeschilderte Loops k&ouml;nnen einzeln als Rundkurs gefahren oder beliebig kombiniert und wiederholt werden. Die aus dem Skisport bekannten Farbcodes informieren &uuml;ber den jeweiligen Schwierigkeitsgrad der Streckenabschnitte.</p><p>Der Nord-Loop begeistert insbesondere mit seinen zahlreichen Sprungm&ouml;glichkeiten. Gleichzeitig bietet er auch eine alternative Linie, auf der Wellen und H&uuml;gel spielerisch &uuml;berrollt werden k&ouml;nnen, ohne den Bodenkontakt zu verlieren. Ein Angebot, das besonders bei j&uuml;ngeren Kindern sehr beliebt ist.</p><p>Die Uphill- und Downhill-Passagen in unterschiedlichen Schwierigkeitsgraden lassen sich flexibel kombinieren. Technische und flowige Abschnitte, Elemente aus Stein und Holz sowie naturbelassener Waldboden sorgen f&uuml;r viel Abwechslung und f&ouml;rdern gleichzeitig die Fahrtechnik auf zwei R&auml;dern.</p><p>Der TopTrail Tannzapfenland ist ein neuer, spassiger und flowiger Mountainbike-Trail, der Adrenalin bietet und Mountainbike-Fans im Kanton Thurgau ein einzigartiges Erlebnis garantiert.</p>", "url": "https://toptrail-tannzapfenland.ch/", "image": "https://tgtpimtsoch.sos-ch-dk-2.exoscale-cdn.com/catalog/b/d/2/2/bd22f485dc60bfc915ac050f3e1e34f9c24fe64f_Tanzapfenland_Toptrail_1.jpg", "openstreetmap_id": "way/38661657"}, "geometry": {"type": "Point", "coordinates": ["8.9713624", "47.4184369"]}}, {"type": "Feature", "properties": {"identifier": "def11146-9f4e-4744-9824-00beb3932a63", "name": "Hotel & Restaurant Nollen", "description": "Im Hotel &amp; Restaurant Nollen kann man in einem der 14 Zimmern mit fantastischem Blick auf die Alpen \u00fcbernachten. F\u00fcr viele Aktivit\u00e4ten und Ausflugsm\u00f6glichkeiten ist der Nollen ein idealer Ausgangspunkt. Zu jeder Jahreszeit k\u00f6nnen Sportbegeisterte in der freien Natur rund um den Nollen aktiv werden. Spazieren, Schuhe ausziehen und den Barfussweg entdecken oder Mountainbiken, sind nur einige der Aktivit\u00e4ten, die hier ausge\u00fcbt werden k\u00f6nnen. \n\nZwei verschiedene Restaurant-Konzepte, sowie der grosse Festsaal sind bei Genussliebhabern sehr angesagt. Insbesondere das Grillst\u00fcbli mit seinen Dry-Age-Fleischspezialit\u00e4ten l\u00e4sst das Herz jedes Fleischliebhabers h\u00f6her schlagen. Im Panorama-Restaurant werden unter anderem fleischlose Gerichte, sowie kreative Men\u00fckreationen gezaubert und f\u00fcr Vereine auch mal was \u00abEinfaches\u00bb und \u00abHerzhaftes\u00bb serviert.", "url": "https://giusisnollen.ch/", "image": "https://tgtpimtsoch.sos-ch-dk-2.exoscale-cdn.com/catalog/b/0/8/d/b08dc156caa99c6b0001652d4a03e7d2334a1f6f_Hosenruck_Nollen_2.jpg", "openstreetmap_id": "45337525.0"}, "geometry": {"type": "Point", "coordinates": ["9.122369643826412", "47.492628838898"]}}, {"type": "Feature", "properties": {"identifier": "e0ac20d6-f7f9-4cac-a1f5-aef1c3a8e667", "name": "Restaurant Tannzapfe \u2013 mehr als ein Restaurant", "description": "Das gepflegte Restaurant mit Gartensitzplatz (in den Sommermonaten) bietet t\u00e4glich wechselnde Mittagsmen\u00fcs sowie innovative \u00c0-la-carte-Angebote. Ganz im Sinne von Pfarrer Sebastian Kneipp werden nebst den Klassikern des Hauses auch vollst\u00e4ndig vegetarische Gerichte angeboten, die je nach pers\u00f6nlichem Geschmack individuell mit hochwertigem Fleisch oder Fisch aus der Region erg\u00e4nzt werden k\u00f6nnen. Mit Liebe zum Detail richtet die K\u00fcchenmannschaft jeden Teller individuell an und die zuvorkommende Gastgebermentalit\u00e4t des Serviceteams rundet das Besuchserlebnis ab. \n\nDas Restaurant ist Teil der modernen Rehaklinik Dussnang, welche neben den zeitgem\u00e4ssen medizinischen Therapien auch f\u00fcr seine Kneipp-Angebote bekannt ist.\n\nTipp: Die legend\u00e4ren hausgemachten Cremeschnitten gelten als die besten der Alpennordseite. Noch heute werden sie nach altem Geheimrezept der Klosterfrauen t\u00e4glich frisch zubereitet. Sie sind sowohl in Normalgr\u00f6sse als auch im Miniformat und zum Mitnehmen erh\u00e4ltlich.", "url": "https://www.restaurant-tannzapfe.ch", "image": "https://tgtpimtsoch.sos-ch-dk-2.exoscale-cdn.com/catalog/8/1/2/0/8120e208637ab9a9e593e7e8ae38b58d5d6a6f07_KlinikDussnang_AMMANN_20220906_587.jpg", "openstreetmap_id": "node/2417371708"}, "geometry": {"type": "Point", "coordinates": ["8.9635126", "47.4300691"]}}, {"type": "Feature", "properties": {"identifier": "e1cd961d-63b5-483a-a4d3-2fb8abc58f39", "name": "Ruine Helfenberg", "description": "<p>Die Ruine Helfenberg vermittelt Einblicke in die mittelalterliche Geschichte des Thurgau. Erste schriftliche Erw&auml;hnungen stammen aus einer St. Galler Urkunde zu Beginn des 14. Jahrhunderts, ab 1413 wird nur noch von einem Burgstall berichtet, was auf eingeschr&auml;nkte Bewohnbarkeit hinweist. Die Anlage liegt im Seebachtal und ist Teil regionaler Geschichtsrundg&auml;nge, die von den pr&auml;historischen Siedlungen am Nussbaumersee bis zur r&ouml;mischen Villa Stutheien f&uuml;hren. Arch&auml;ologische Untersuchungen des Amts f&uuml;r Arch&auml;ologie Thurgau in den 1980er Jahren f&ouml;rderten Keramikfragmente und eine bronzene ovale Schnalle zutage, einige Funde datieren um 1200 und deuten darauf hin, dass die Burg &uuml;ber 100 Jahre vor ihrer ersten schriftlichen Erw&auml;hnung erbaut wurde. 1981/82 sowie 2010/11 wurde die Ruine renoviert.</p>", "url": "https://archaeologie.tg.ch/fundstellen/ausflugsziele/fundstellen-mit-tafeln-im-gelaende/huettwilen-ruine-helfenberg.html/5918", "image": "https://tgtpimtsoch.sos-ch-dk-2.exoscale-cdn.com/catalog/f/5/3/7/f5372ebf50e266d37d48a67f894fdd8553bd101e_large__H__ttwilen_Ruine_Helfenberg.jpg", "openstreetmap_id": "way/793630842"}, "geometry": {"type": "Point", "coordinates": ["8.8344929", "47.6110019"]}}, {"type": "Feature", "properties": {"identifier": "e3371ac4-e48b-4406-bd4c-f0be3687aeed", "name": "Around The Bodensee CleanUp", "description": "Das Grosse Around the Bodensee CleanUp findet in der See- und Nichtsee-Region vom Kanton Thurgau und rund um den Bodensee f\u00fcr zwei Monate statt. Das Projekt ist jeweils im Herbst, da dann keine Brutzeit ist.\n \nTermine und Orte k\u00f6nnen auf Wunsch und Anmeldung individuell gew\u00e4hlt werden.\n \nVor Ort werden geboten: Einf\u00fchrung, Abschluss, Ausr\u00fcstung, jahrelange Erfahrung im In- und Ausland, Jahresfilm und Fotografie (nat\u00fcrlich nur bei Einwilligung), Zn\u00fcni/Jausen, Teilnehmerprojekt usw.\n\nEs ist sch\u00f6n, gemeinsam Gutes f\u00fcr die Umwelt zu tun und neue Erinnerungen zu schaffen.", "url": "https://aroundthebodenseecleanup.org", "image": "https://tgtpimtsoch.sos-ch-dk-2.exoscale-cdn.com/catalog/5/7/3/4/5734051c5372fdee77fb98640e3c3a206635ed53_DSC06052.JPG", "openstreetmap_id": "relation/1684503"}, "geometry": {"type": "Point", "coordinates": ["9.0179057", "47.6742604"]}}, {"type": "Feature", "properties": {"identifier": "e3f0de19-c010-48c3-bc32-c027c9985201", "name": "Ferienstudio \u00abAltes Zollhaus\u00bb", "description": "Das \u00abAltes Zollhaus\u00bb in Uttwil bietet eine gem\u00fctliche Unterkunft mit vielen Annehmlichkeiten. G\u00e4ste haben Zugang zu einem Autoabstellplatz sowie einer abschliessbaren Fahrradbox mit Stromanschluss. Der nahe gelegene Bahnhof ist bequem zu Fuss erreichbar.\n\nDer Aussenbereich l\u00e4dt mit einem einladenden Sitzplatz zum Verweilen ein, w\u00e4hrend das leckere Fr\u00fchst\u00fcck genossen wird. Das Studio ist eine Nichtraucherzone und verf\u00fcgt \u00fcber einen einfachen Check-in.\n\nDie Gastgeber sind zwei humorvolle, offene und hilfsbereite Personen, die im selben Geb\u00e4ude wohnen. Der separate Eingang \u00fcber eine Aussenwendeltreppe f\u00fchrt direkt in die gem\u00fctliche und gut ausgestattete Wohnk\u00fcche. Dort stehen ein Mikrowellenger\u00e4t sowie eine Kapselkaffeemaschine mit einer Auswahl an Kapseln pro \u00dcbernachtungstag zur Verf\u00fcgung. Es gibt auch eine Auswahl an Gew\u00fcrzen, Tee, Essig und \u00d6l.\n\nIm Wohnbereich gibt es eine einladende Sitzecke. Das Schlafzimmer bietet zwei Betten (90x200), die zu einem Doppelbett zusammengestellt oder einzeln genutzt werden k\u00f6nnen. Es gibt ausreichend Stau- und Ablagefl\u00e4chen sowie Verdunklungsvorh\u00e4nge und Insektengitter in allen R\u00e4umen.\n\nDas Badezimmer verf\u00fcgt \u00fcber eine ger\u00e4umige, begehbare Dusche, einen Spiegelschrank, einen Haartrockner, ein Lavabo und eine Toilette. Zur Unterhaltung stehen WLAN und ein Fernsehger\u00e4t zur Verf\u00fcgung.\n\nEs gelten gesetzliche Ruhezeiten, und die Unterkunft ist keine Partylocation. Haustiere sind nicht erlaubt.", "url": "https://ferienstudio-altes-zollhaus-uttwil.ch/", "image": "https://tgtpimtsoch.sos-ch-dk-2.exoscale-cdn.com/catalog/7/2/6/b/726b6affdbf8e73950160f2cfe92d1f46a5e16e4_IMG_8230.jpg", "openstreetmap_id": "way/257364968"}, "geometry": {"type": "Point", "coordinates": ["9.343668099999999", "47.58545205"]}}, {"type": "Feature", "properties": {"identifier": "e5e0fb90-e18d-4ac4-b7ac-819891946a54", "name": "Padel District", "description": "<p>Padel District Affeltrangen bietet modernes Padel-Erlebnis im Thurgau mit hochwertigen Courts, Trainings, Events und Turnieren f&uuml;r alle, die Padel neu entdecken oder bereits regelm&auml;ssig spielen &ndash; in sportlicher Atmosph&auml;re mit Community-Feeling.&nbsp;Die moderne Anlage in Affeltrangen bringt die dynamische Trendsportart Padel in den Thurgau und ist gut aus der Region Thurgau, dem Bodenseegebiet und der Ostschweiz erreichbar. Eingebettet in die l&auml;ndlich gepr&auml;gte Umgebung des Kantons verbindet Padel District Bewegung, Spiel und Begegnung zu einem unkomplizierten Sporterlebnis.<br>Die hochwertigen Courts schaffen ideale Bedingungen f&uuml;r entspannte Matches mit Freunden, sportliche Duelle, Gruppenevents oder Trainings. Ob erste Erfahrungen auf dem Court oder ambitioniertes Spiel: Hier treffen moderne Infrastruktur, aktive Community und echte Spielfreude aufeinander.</p>", "url": "https://padeldistrict.ch", "image": "https://tgtpimtsoch.sos-ch-dk-2.exoscale-cdn.com/catalog/6/a/c/4/6ac4e2f8dadefba8634220587da95c698e041085_Affeltrangen_Padel_District_Halle.jpg.jpg", "openstreetmap_id": "node/13377891413"}, "geometry": {"type": "Point", "coordinates": ["9.036399722099306", "47.52620706363991"]}}, {"type": "Feature", "properties": {"identifier": "e5f520d6-2ec9-44bb-bda6-4ec92c546401", "name": "Festhalle R\u00fcegerholz", "description": "Die Festhalle R\u00fcegerholz in Frauenfeld ist die ideale Location f\u00fcr grosse Anl\u00e4sse. Sie bietet den rustikalen Rahmen, Infrastruktur und Platz f\u00fcr Konzerte, Partys, Firmenanl\u00e4sse, Tagungen, Hochzeiten, Bankette, Ausstellungen, Sportanl\u00e4sse oder \u00c4hnliches. Bis zu 1'000 Personen finden Platz bei einer Bankettbestuhlung und bis 3'500 Stehpl\u00e4tze sind vorhanden. Grosse B\u00fchne mit Einrichtung f\u00fcr Bands, Rangverk\u00fcndigungen oder Darbietungen, ein Office f\u00fcr den professionellen Betrieb einer Festwirtschaft und gen\u00fcgend Parkpl\u00e4tze in n\u00e4chster Umgebung stehen zur Verf\u00fcgung. Weitere Informationen sowie den aktuellen Belegungsplan finden G\u00e4ste auf der Website der Stadt Frauenfeld.", "url": "https://www.frauenfeld.ch/festhalle", "image": "https://tgtpimtsoch.sos-ch-dk-2.exoscale-cdn.com/catalog/9/3/e/d/93edecf1967633d789cf58c04b5139c6247310cf_StadtFrauenfeld_Festhalle_NR_075_1_RGB_WEB.jpg", "openstreetmap_id": "way/220028109"}, "geometry": {"type": "Point", "coordinates": ["8.90019304392472", "47.54942045"]}}, {"type": "Feature", "properties": {"identifier": "e817272c-f627-49fe-ba88-5e780cc92584", "name": "F\u00fchrung Stadtdetektive Arbon", "description": "Gross und Klein begeben auf eine spannende Zeitreise durch Arbon. Die jungen Sp\u00fcrnasen st\u00f6bern w\u00e4hrend eineinhalb Stunden unheimliche Orte und versteckte Ecken auf und erforschen so auf spielerische Art und Weise die Altstadt. Welche Schuhgr\u00f6sse hatte Gallus? Wie lebten die R\u00f6mischen Kinder? Wie besuchten Asterix und Obelix die Stadt Arbon? Diesen und vielen anderen R\u00e4tseln und Geheimnissen sind die Stadtdetektive auf der Spur. Die F\u00fchrung kostet pauschal CHF 150.00 bis 25 Personen und ist f\u00fcr Kinder im Alter von 6 bis 9 Jahren gedacht. Die Kinder m\u00fcssen in Begleitung von mindestens einer erwachsenen Person sein.", "url": "https://thurgau-bodensee.ch/", "image": "https://tgtpimtsoch.sos-ch-dk-2.exoscale-cdn.com/catalog/0/0/4/f/004ffe452cb7c9eef0b0a610e966cc9b24e72855_F__hrung_Stadtdetektive_1.jpeg", "openstreetmap_id": "way/767706123"}, "geometry": {"type": "Point", "coordinates": ["9.43548182884779", "47.51648985"]}}, {"type": "Feature", "properties": {"identifier": "e8824e46-6eab-402a-b671-cc5286dc81ba", "name": "Arbor Felix Pfad", "description": "<p>Entlang des Weges begegnen Besucherinnen und Besucher immer wieder dem neugierigen Seeadler Arbori. Die Figur wurde urspr&uuml;nglich von der Arboner K&uuml;nstlerin Heidi Weh gezeichnet, deren Illustrationen den Pfad begleiten. Informationstafeln entlang der Strecke erz&auml;hlen aus verschiedenen Epochen der Arboner Vergangenheit &ndash; von der wirtschaftlich schwierigen Zeit nach dem Ersten Weltkrieg &uuml;ber die Industrialisierung bis zur Er&ouml;ffnung des Strandbads.</p>", "url": "https://www.arbori-erlebnis.ch/arborfelixpfad", "image": "https://tgtpimtsoch.sos-ch-dk-2.exoscale-cdn.com/catalog/d/e/6/8/de68d4bf0a6a6efaa1e8d0165a9c0e60b0e270c0_small__Arbon_Hafen_Promenade_11.jpg", "openstreetmap_id": "node/4290779766"}, "geometry": {"type": "Point", "coordinates": ["9.4366861", "47.5129391"]}}, {"type": "Feature", "properties": {"identifier": "e923a722-8594-41ef-8a45-9caae54cec17", "name": "Gasthaus Schupfen", "description": "Erstklassige, gartenfrische und naturbelassene K\u00fcchengen\u00fcsse erwarten den Feinschmecker im Restaurant Schupfen. Der Schupfen ist ein Anwesen mit \u00fcber 650-j\u00e4hriger Geschichte. Im zauberhaften Ambiente, direkt am Rheinufer geniesst man frische, am Lauf der Jahreszeiten orientierte Spezialit\u00e4ten aus regionaler Herkunft. Den Ausblick und den Augenblick geniessen, essen, trinken und gl\u00fccklich sein in naturnaher Atmosph\u00e4re.", "url": "http://schupfen.ch/", "image": "https://tgtpimtsoch.sos-ch-dk-2.exoscale-cdn.com/catalog/c/e/a/1/cea1b487259a2b067fdf04f531a5653283b5f501_DSC03792.jpg", "openstreetmap_id": "node/454835927"}, "geometry": {"type": "Point", "coordinates": ["8.7854282", "47.6752685"]}}, {"type": "Feature", "properties": {"identifier": "e9889a9c-034a-4747-a3a2-44ef49d838b4", "name": "Landgasthof Wartegg", "description": "<p>Der in zweiter Generation gef\u00fchrte Familienbetrieb lebt das Gastgeben mit Leib und Seele. Das sp\u00fcrt man, sobald die T\u00fcren ge\u00f6ffnet werden. Tradition und Moderne werden im historischen Gasthof geschmackvoll verbunden. Wer heimelige R\u00e4umlichkeiten, Individualit\u00e4t und Genuss miteinander verbinden will, liegt hier goldrichtig. Mit seiner kreativen K\u00fcche begeistert Christoph Frei seine G\u00e4ste stets aufs Neue. Die Speisekarte wartet mit saisonalen \u00dcberraschungen auf. Die Grundlagen f\u00fcr die Zufriedenheit der G\u00e4ste wird bereits bei der bewussten Auswahl der regionalen Produkte gelegt. Und seine Leidenschaft f\u00fcr edle Tropfen, dr\u00fcckt Christoph Frei in einer ausgew\u00e4hlten Weinkarte aus. Ob private Feierlichkeiten, genussvolle Diners oder erfolgreiche Gesch\u00e4ftsmeetings \u2013 vier verschiedene, charmante R\u00e4ume bieten f\u00fcr jeden Anlass die richtige Atmosph\u00e4re. Die modernen, hellen Hotelzimmer laden zum \u00dcbernachten im Herzen des Thurgaus ein.</p>", "url": "http://www.landgasthof-wartegg.ch/", "image": "https://tgtpimtsoch.sos-ch-dk-2.exoscale-cdn.com/catalog/7/4/d/7/74d719fe16cfe0230f0a1acb152ab1ab58900adf_Computerformat_4_3_Wigoltingen_Landgasthof_Wartegg_Aussenansicht.jpg", "openstreetmap_id": "node/321848664"}, "geometry": {"type": "Point", "coordinates": ["9.0138914", "47.5885859"]}}, {"type": "Feature", "properties": {"identifier": "e9b1ecf3-8476-4775-b580-d7e72cf4b959", "name": "Planetarium - Sternwarte", "description": "Das Planetarium holt f\u00fcr die Besucherinnen und Besucher Sonne, Mond und Sterne vom Himmel - auch bei Regenwetter. Unterschiedliche Programme werden f\u00fcr Erwachsene, Familien und Kinder angeboten. Jeden Mittwochabend steht die Sternwarte der \u00d6ffentlichkeit zur Verf\u00fcgung. Nachts k\u00f6nnen der Mond, Sternhaufen, Gasnebel und Galaxien beobachtet werden. Von der Dachterrasse aus erkl\u00e4rt fachkundiges Personal die Sternbilder und Planeten, die gerade am Nachthimmel sichtbar sind.", "url": "https://bodensee-planetarium.ch/?utm_source=thurgau-bodensee&utm_medium=referral&utm_campaign=lead&utm_content=portrait", "image": "https://tgtpimtsoch.sos-ch-dk-2.exoscale-cdn.com/catalog/f/2/9/d/f29dc50ca277912f1d28d75edfbf55b3b13ac0ad_Teleskop_Beobachtung_in_der_Sternwarte_low.jpg", "openstreetmap_id": "node/2133086183"}, "geometry": {"type": "Point", "coordinates": ["9.160468", "47.6413215"]}}, {"type": "Feature", "properties": {"identifier": "eb134a6f-b4ec-4e72-8150-0eb788c59b92", "name": "Haus MiLu", "description": "Die G\u00e4ste bewohnen die gem\u00fctliche Mansarden-Wohnung im Dachgeschoss mit separatem Eingang. Die Wohnung verf\u00fcgt \u00fcber einen hellen Wohnbereich mit Alpsteinblick, gratis WLAN, einem Fernseher mit Videoger\u00e4t, einer offenen, gut ausgestatteten K\u00fcche mit Essbereich, zwei grossz\u00fcgige Schlafzimmer f\u00fcr insgesamt 2 bis 4 Personen mit separatem Waschbecken und Dusche/WC. \n\nZus\u00e4tzlich ist ein kleiner Balkon (Raucher) im Treppenhaus und der Vorgartensitzplatz f\u00fcr die G\u00e4ste reserviert. Es steht ein Parkplatz und Veloabstellplatz zur Verf\u00fcgung.\n\nNeu ab Mai 2024: Ladestation f\u00fcr E-Autos und E-Bikes direkt beim Haus.", "url": "https://www.hausmilu.ch/", "image": "https://tgtpimtsoch.sos-ch-dk-2.exoscale-cdn.com/catalog/e/b/c/3/ebc3e39ffdfc45093d41b92bd51bde138403abc9_Arbon_Haus_MiLu_1.png", "openstreetmap_id": "way/98521724"}, "geometry": {"type": "Point", "coordinates": ["9.422192571869228", "47.51663565611983"]}}, {"type": "Feature", "properties": {"identifier": "ecc389c6-d7bf-4efe-b736-1ad1b485c4b3", "name": "Wieland Beeren und Glac\u00e9", "description": "Der Pilgerhof wird von Familie Wieland in zweiter Generation bewirtschaftet und liegt mitten im Thurgau.  Der Anbau von geschmacksintensiven Erdbeeren, Himbeeren, Heidelbeeren sowie Brombeeren geh\u00f6ren zu ihren St\u00e4rken. \n\nIn der hofeigenen Glac\u00e9manufaktur entstehen die \u00abThurgauer Glac\u00e9 Perlen\u00bb. Fr\u00fcchte vom Hof und weitere regionale Zutaten sowie viel Liebe und Leidenschaft f\u00fcr feine Produkte lassen Glac\u00e9-Tr\u00e4ume wahr werden.\n\nIm Hofladen werden tagesfrische Beeren, Glac\u00e9 und weitere Spezialit\u00e4ten werden angeboten.\n\nEin kleiner Rastplatz im Gr\u00fcnen l\u00e4dt zudem Wanderer und Velofahrer ein, eine Pause zu machen und aufzutanken. Familien mit Kindern geniessen die ruhige Umgebung sowie den nahen Kontakt zu den H\u00fchnern, Kaninchen und Zwergziegen.", "url": "https://www.wieland-beeren.ch/", "image": "https://tgtpimtsoch.sos-ch-dk-2.exoscale-cdn.com/catalog/6/b/9/7/6b979d2a9c29fb0108b6ffd46ddc522890746d8c_wielands_beerenliebe__2.png", "openstreetmap_id": "node/8363961502"}, "geometry": {"type": "Point", "coordinates": ["9.071643", "47.5844232"]}}, {"type": "Feature", "properties": {"identifier": "ecdfa0eb-c8de-4e05-92ec-b10eb7307227", "name": "Mostgut B\u00e4renmost", "description": "<p>Seit 1910 bewirtschaftet die Familie B&auml;r ihren Biohof im Herzen von Mostindien. Mit Leidenschaft wird hier Apfelsaft angebaut, gepresst, vermarktet und genossen. Das Mostgut steht f&uuml;r famili&auml;re Produktion &ndash; von der Scholle bis ins Glas. Purer Geschmack, eleganter Genuss, stilvolles Ambiente und echte Thurgauer Gastfreundschaft machen diesen Ort besonders. Der B&auml;renmost entsteht aus voll ausgereiften, saftigen Bio&auml;pfeln, die direkt auf dem Hof mit einem innovativen Verfahren gepresst werden &ndash; naturrein und ohne Zus&auml;tze. Das Mostgut ist ein kleines, feines Familienunternehmen mit kreativen Ideen. Mit viel Herzblut werden hier authentische Erlebnisse rund um den Apfel geschaffen &ndash; mitten im Thurgau.</p>", "url": "https://baerenmost.ch/", "image": "https://tgtpimtsoch.sos-ch-dk-2.exoscale-cdn.com/catalog/4/2/d/b/42db40174b5eeb66cf894b20a7de26c548dbc864_ba__renmost_2022_127_2.jpg", "openstreetmap_id": "node/8548146457"}, "geometry": {"type": "Point", "coordinates": ["9.173830747604372", "47.561324341945365"]}}, {"type": "Feature", "properties": {"identifier": "edc25514-b50f-4441-9f5c-acbc2083842d", "name": "PADL-Trail Arbon", "description": "<p>Der PADL-Trail Arbon bietet eine einzigartige Kombination aus Wassersport, R\u00e4tsell\u00f6sen und Entdeckerfreude. Die Route startet beim Strandbad Buchhorn und f\u00fchrt per SUP oder Kajak entlang des Seeufers in Richtung Altstadt. Unterwegs gilt es, knifflige Aufgaben zu meistern und versteckte Hinweise sowohl auf dem Wasser als auch in der historischen Altstadt von Arbon zu entdecken.</p><p>Der PADL-Trail ist ideal f\u00fcr alle, die gerne kombinieren, t\u00fcfteln und neue Perspektiven auf die Stadt und den Bodensee erleben m\u00f6chten. Die Teilnahme ist ab 16 Jahren m\u00f6glich, Kinder d\u00fcrfen nur in Begleitung von Erwachsenen mitmachen.</p>", "url": "https://www.arbon.ch/freizeit/kultur-sport-und-spiel/baeder/strandbad.html/71", "image": "https://tgtpimtsoch.sos-ch-dk-2.exoscale-cdn.com/catalog/b/b/f/d/bbfd0ca518d06991d07e7365443ee974878c001c_Arbon_Horn_Bodensee_SUP_4.jpg", "openstreetmap_id": "node/7779508713"}, "geometry": {"type": "Point", "coordinates": ["9.418973", "47.5263399"]}}, {"type": "Feature", "properties": {"identifier": "f0ec8dab-eda6-4197-8952-79392bb75001", "name": "Bed & Breakfast Rosenstrasse", "description": "Im Herzen des Thurgaus, am Fusse des Ottenbergs, liegt Weinfelden. Wie der Name schon sagt, wird hier Wein produziert \u2013 sehr guter noch dazu. Das St\u00e4dtchen mit seinen vielen Riegelh\u00e4usern ist klein und s\u00fcss und guter Ausgangspunkt in alle Richtungen des Thurgaus. Das Bed & Breakfast \u00abRosenstrasse\u00bb bietet zwei liebevoll eingerichtete Zimmer an ruhiger, zentraler Lage mit separatem Eingang, wo ein kleines Biotop mit Sitzplatz gr\u00fcsst. Die Wohnung verf\u00fcgt \u00fcber eine kleine K\u00fcchenzeile ohne Herd. Toilette und Dusche werden gemeinschaftlich genutzt. Ins Dorfzentrum oder an den Bahnhof sind es nur 5 Minuten zu Fuss. Ab hier startet auch der Weinfelder Weinweg, der den Weinbau und die edlen Tropfen der Region aus einem Weinsafe erlebbar macht. In 40 Minuten ist der Flughafen Z\u00fcrich mit dem Zug erreichbar. An den Bodensee oder ins Deutsche Konstanz geht\u2019s in 20 Minuten ab Weinfelden.", "image": "https://tgtpimtsoch.sos-ch-dk-2.exoscale-cdn.com/catalog/0/f/6/2/0f62be31825890027b49cd4fb7a08cbfafe7452f_Weinfelden_BnB_Rosenstrasse_Eingang.jpg", "openstreetmap_id": "node/10056370435"}, "geometry": {"type": "Point", "coordinates": ["9.1097205", "47.5635809"]}}, {"type": "Feature", "properties": {"identifier": "f1182eb6-4631-4cf8-813c-6eecb64b5d55", "name": "Gasthof Eisenbahn", "description": "Der heimelige Gasthof bietet seinen G\u00e4sten modern renovierte, lichtdurchflutete Zimmer mit schlichter, sch\u00f6ner Einrichtung. Die Liebe zum Detail bescheren den G\u00e4sten einen Aufenthalt zum rundum wohlf\u00fchlen und entspannen. Der Gasthof eignet sich durch seine zentrale Lage f\u00fcr Gesch\u00e4ftsreisende wie Ferieng\u00e4ste gleichermassen.\n\nDie K\u00fcche im Gasthof Eisenbahn ist saisonal und regional, Thurgauer Gem\u00fcse, Fleisch und Wein, als besondere Spezialit\u00e4ten \u00abThurgauer Waldforelle\u00bb und \u00abWild\u00bb aus einheimischer Jagd kommen auf den Tisch. Mit Liebe und \u00abGilde-Manier\u00bb zubereitet, nach einheimischen Rezepten, entstehen aus den besten Zutaten \u00fcberraschende Gerichte.\n\nDas Familienzimmer Schlossblick verf\u00fcgt \u00fcber eine Kindernische (140x140cm) und ist geeignet f\u00fcr Kinder bis 8 Jahre.", "url": "http://www.gasthof-eisenbahn.ch/", "image": "https://tgtpimtsoch.sos-ch-dk-2.exoscale-cdn.com/catalog/d/6/a/f/d6afe6749e940be6f159d29113d053eaa526548c_Weinfelden_Eisenbahn_Weinkeller_Depot.JPG", "openstreetmap_id": "251369007.0"}, "geometry": {"type": "Point", "coordinates": ["9.107957", "47.5658956"]}}, {"type": "Feature", "properties": {"identifier": "f48635fe-89c1-4cb3-860a-1be4ffecf614", "name": "Arbor Felix Schifffahrt", "description": "<p>Die Arbor Felix ist ein originalgetreu restauriertes Oldtimerschiff mit Heimathafen in Arbon am Bodensee. Sie bietet Platz f&uuml;r bis zu 30 Personen und ist auf dem ganzen See unterwegs &ndash; ob f&uuml;r Rundfahrten, Ausfl&uuml;ge oder private Anl&auml;sse. Das Schiff legt an verschiedenen Uferorten an und erm&ouml;glicht so flexible Touren rund um den Bodensee, die sich auch mit dem Besuch von Sehensw&uuml;rdigkeiten oder Museen kombinieren lassen. An Bord wartet ein sorgf&auml;ltig zusammengestelltes Gastronomieangebot mit regionalem Bezug &ndash; darunter die bekannten Fisch-Chnusperli, Ap&eacute;ros oder mehrg&auml;ngige Men&uuml;s zu jeder Tageszeit. Auch f&uuml;r Hochzeiten, Jubil&auml;en, Feiern oder Degustationsfahrten bietet die Arbor Felix den passenden Rahmen &ndash; im Sommer wie im Winter. W&auml;hrend den Sommermonaten finden jeweils sonntags &ouml;ffentliche Rundfahrten statt, im November und Dezember fahren wir zum Weihnachtsmarkt nach Lindau. Dabei lassen sich See und Landschaft aus neuer Perspektive erleben &ndash; begleitet von warmen oder gek&uuml;hlten Getr&auml;nken an Bord.</p>", "url": "https://www.arborfelix.ch", "image": "https://tgtpimtsoch.sos-ch-dk-2.exoscale-cdn.com/catalog/d/9/4/b/d94bbde1be16bdb41dbb97ba0e5f0d7f74efbe82_Titelbild.JPG", "openstreetmap_id": "way/26766367"}, "geometry": {"type": "Point", "coordinates": ["9.437599182128908", "47.51344005650585"]}}, {"type": "Feature", "properties": {"identifier": "f6a55459-c0b9-4e38-8e84-c3f853beb244", "name": "Hotel Kreuzlingen am Hafen", "description": "Direkt vor dem Hotel stehen den G\u00e4sten kostenlose Parkpl\u00e4tze zur Verf\u00fcgung. In wenigen Gehminuten kann das Shopping-Center Lago, diverse Restaurants auf Schweizer und Deutscher Seite oder auch Sehensw\u00fcrdigkeiten erreicht werden. Die N\u00e4he zum Kreuzlinger und Konstanzer Hafen bietet hervorragende M\u00f6glichkeiten, Bootsfahrten oder Messebesuche in Friedrichshafen zu unternehmen. Das Hotel Kreuzlingen am Hafen liegt mitten in einem gut ausgebauten Netz \u00f6ffentlicher Verkehrsmittel. Anreisende mit dem Zug oder Bus erreichen das Hotel vom Hafenbahnhof in ca. 2 Min zu Fuss.\n\nDer stilvolle Vanillaroom und die gedeckte Terrasse vor dem Haus sind ideale R\u00fcckzugs- und Entspannungsorte. Wo morgens das Fr\u00fchst\u00fcck serviert wird, verwandelt sich abends der Vanillaroom in eine Lounge mit Barbetrieb. Eine Karte mit ausgew\u00e4hlten Weinen, Cocktails und feinen, hausgemachten Snacks l\u00e4dt zum Ap\u00e9ro oder geselligen Zusammensein ein. F\u00fcr Sp\u00e4tanreisende werden warme Speisen bis Mitternacht angeboten.", "url": "http://www.hotel-kreuzlingen.ch/", "image": "https://tgtpimtsoch.sos-ch-dk-2.exoscale-cdn.com/catalog/9/f/4/b/9f4b52dda2116bf5d25a1f3f41f5509517ddda53_1_Front_aussen_Homepage_sept._17_vvvv__2.jpg", "openstreetmap_id": "6982716027.0"}, "geometry": {"type": "Point", "coordinates": ["9.1802143", "47.6510751"]}}, {"type": "Feature", "properties": {"identifier": "f6dd71ca-4bc4-4e5b-99e4-581483f51fc4", "name": "WAMU", "description": "<p>WAMU aus dem Thurgau denkt Standup Paddling neu. Das Unternehmen kombiniert klassische SUP-Technologie mit einem innovativen Ansatz. Boards lassen sich magnetisch miteinander verbinden.<br>Die WAMU SUP Boards sind so konzipiert, dass sie einzeln gefahren werden k&ouml;nnen und sich bei Bedarf nahtlos zusammenschliessen lassen. Durch ein integriertes Magnetsystem verbinden sich mehrere Boards stabil miteinander &ndash; schnell, sicher und ohne komplizierte Handgriffe. So entstehen aus einzelnen Elementen gr&ouml;ssere Fl&auml;chen, die vielseitig genutzt werden k&ouml;nnen. Diese Funktion verwandelt den See in einen modularen Erlebnisraum.<br>Doch WAMU geht noch weiter. Die verbundenen Boards schaffen auch Raum f&uuml;r Bewegung und Spiel. Aus der Plattform wird ein Spielfeld f&uuml;r Aktivit&auml;ten wie Volleyball oder andere Gruppenspiele. Die Innovation aus dem Thurgau verbindet Natur, Bewegung und Gemeinschaft zu einem vielseitigen Erlebnis.<br>Die WAMU SUP Boards k&ouml;nnen direkt beim Wakepark Romanshorn gemietet werden.&nbsp;</p><p>&nbsp;</p>", "url": "https://wamu.ch/", "image": "https://tgtpimtsoch.sos-ch-dk-2.exoscale-cdn.com/catalog/f/c/8/d/fc8d3043d17d4f56f47ec0e1ec17e7d9743cddf9_Wamu_Standup_Paddles_zum_verbinden_4.jpg", "openstreetmap_id": "node/7072212427"}, "geometry": {"type": "Point", "coordinates": ["9.3594235", "47.5744142"]}}, {"type": "Feature", "properties": {"identifier": "f72f4178-dd2e-46a8-b7c7-08da92862c30", "name": "Saurer Garten", "description": "Die Mischung aus urbanem Ambiente des ehemaligen Industrieareals dahinter und der Arboner Seepromenade davor, machen den Saurer Garten zu einem Lieblingsplatz. G\u00e4ste erfreut ein breites und sch\u00f6nes Angebot an Getr\u00e4nken. Vom Morgenkaffee bis zum Ap\u00e9ro und erfrischenden Drinks ist hier alles zu haben. Daneben bietet der Foodtruck Feines zum Naschen. F\u00fcr Kinder ist ein Sandkasten zum Spielen aufgestellt. Das Industriegeb\u00e4ude hinter dem Garten beherbergt das Saurer Museum. Dieses zeigt die eindrucksvolle Geschichte der Adolf Saurer AG, die lange Zeit bedeutendste Schweizer Herstellerin von Lastwagen und sp\u00e4ter auch von Textilmaschinen war. Produziert wurde unter anderem am Ort, der heute das Museum beherbergt. Ein Fahrzeug aus der Saurer Erfolgsgeschichte steht denn auch stimmungsvoll im Saurer Garten \u2013 ein umgebautes Postauto. H\u00f6hepunkt f\u00fcr Kinder: es darf auf dem Fahrersitz Platz genommen werden. Der alte Saurer Bus l\u00e4sst sich f\u00fcr geschlossene Gesellschaften mieten oder bietet Platz f\u00fcr den Drink und die Ap\u00e9roplatte bei zweifelhaftem Wetter. Events wie Kindergeburtstage, ein Fondueplausch oder eine private Musiksession werden gerne ausgerichtet. ", "url": "https://www.saurergarten.ch", "image": "https://tgtpimtsoch.sos-ch-dk-2.exoscale-cdn.com/catalog/b/b/c/7/bbc7d82c81d617336eb3329efab3f4c7a47a90bc_IMG_1337.jpeg", "openstreetmap_id": "node/1564845064"}, "geometry": {"type": "Point", "coordinates": ["9.437921047210693", "47.517494214567634"]}}, {"type": "Feature", "properties": {"identifier": "f7862546-f1ae-4283-9fd9-2825d167ec3f", "name": "Fussballgolf Thurgau", "description": "Fussballgolf ist eine noch recht junge, aufstrebende Trendsportart, welche die beiden Sportarten Fussball und Golf kombiniert. Dieses Outdoor-Erlebnis ist f\u00fcr Gross und Klein, f\u00fcr Familien, Vereine und Firmen ein Freizeitspass \u2013 sowohl f\u00fcr Fussballer als auch f\u00fcr Nichtfussballer. Gespielt wird in Gruppen und Ziel ist es, einen Fussball durch oder \u00fcber Hindernisse zu spielen und in ein Loch zu versenken. Es gewinnt, wer am wenigsten Sch\u00fcsse ben\u00f6tigt. Ein Durchgang f\u00fcr vier Personen dauert rund zwei Stunden. Die Anlage mit den 18 Bahnen auf einer Spielfl\u00e4che von 35'000 Quadratmetern ist naturnah gestaltet. Zwischen den Bahnen vermitteln Informations-Tafeln Wissenswertes zum Thema Biodiversit\u00e4t.\n\nIm rollstuhl- und kinderwagenfreundlichen Bistro k\u00f6nnen sich Besucherinnen und Besucher mit warmen und kalten Speisen und Getr\u00e4nken verpflegen. Von der Terrasse aus geniessen die G\u00e4ste den Blick \u00fcber das gesamte Spielfeld. Die Kinder k\u00f6nnen sich in der Spielzone mit Sandkasten und Torschusswand vergn\u00fcgen.", "url": "https://fussballgolf.ch", "image": "https://tgtpimtsoch.sos-ch-dk-2.exoscale-cdn.com/catalog/8/c/6/2/8c62bbe53dae707ed08b01643e9ec764954fd7a1_Fu__ballGolf_079.jpg", "openstreetmap_id": "way/34638393"}, "geometry": {"type": "Point", "coordinates": ["9.006557464599611", "47.58863665571785"]}}, {"type": "Feature", "properties": {"identifier": "f94df0e8-fc2b-4b0b-ba7b-6c202cfe7668", "name": "Gartenbungalow in Arbon", "description": "Diese freistehende kleine Ferienwohnung ist dank zwei Fensterfronten lichtdurchflutet und erfreut mit Blick in einen grossz\u00fcgigen wilden Garten. Ein eigener Sitzplatz gegen S\u00fcden, viel Holz im Innern und aussen sowie eine stilvolle Einrichtung laden zu gem\u00fctlichen Stunden fernab der Alltagshektik ein. Im Schlafzimmer mit Doppelbett und im Wohnzimmer mit Schlafsofa finden bis zu vier Personen Platz. Eine gut ausger\u00fcstete K\u00fcchenzeile, Essecke und Badezimmer, gratis Parkplatz und WLAN stehen Ferieng\u00e4sten zur Verf\u00fcgung. Zwei Klappfahrr\u00e4der laden zu Entdeckungen der Region ein, Kinderspielzeug zur Mitbenutzung unterh\u00e4lt die kleineren Besuchenden. ", "image": "https://tgtpimtsoch.sos-ch-dk-2.exoscale-cdn.com/catalog/c/5/7/2/c572624f097533db6041695451b3cd26800b4dd8_20220612_115607__2.png", "openstreetmap_id": "way/259408299"}, "geometry": {"type": "Point", "coordinates": ["9.420200354172895", "47.516425749999996"]}}, {"type": "Feature", "properties": {"identifier": "fa11ee44-c008-4174-b5a7-2367d2ba3f82", "name": "ArboPark Action & Fun Center", "description": "<p>\u00dcber 25 High-End-Attraktionen sorgen f\u00fcr Abwechslung und den richtigen Adrenalinkick \u2013 darunter Gokart, DriftPark, Mixed Reality Playground, AR-Darts, die virtuelle Musikshow \u00abThe Voice\u00bb, interaktives Minigolf und einzigartige CUBE Challenges. Wer eine Pause braucht, st\u00e4rkt sich im hauseigenen Bistro. Ob mit der Familie, in der Gruppe oder im Team \u2013 im ArboPark sind Geschick, Teamgeist und K\u00f6pfchen gefragt. Dank \u00fcberdachter Halle und Abend\u00f6ffnung ist der Besuch bei jedem Wetter m\u00f6glich \u2013 ideal f\u00fcr spontane Tagesausfl\u00fcge und abwechslungsreiche Abende.&lt;/p&gt;&lt;p&gt;Der ArboPark liegt nur 10 Minuten vom Bahnhof Arbon entfernt und bietet \u00fcber 400 Parkpl\u00e4tze direkt vor Ort. Das n\u00e4chste Abenteuer ist also ganz nah.</p>", "url": "https://www.arbopark.ch/", "image": "https://tgtpimtsoch.sos-ch-dk-2.exoscale-cdn.com/catalog/7/3/d/4/73d46b1e86af9adcbbd3a2ec0bb6fb050d7e2345_indoor_freizeitpark2.png", "openstreetmap_id": "node/10578653436"}, "geometry": {"type": "Point", "coordinates": ["9.4295678", "47.5069449"]}}, {"type": "Feature", "properties": {"identifier": "fa86b384-ad55-48ca-902f-a1dd14bc9363", "name": "Historisches Museum Bischofszell", "description": "<p>Das Historische Museum Bischofszell empf&auml;ngt G&auml;ste in zwei stattlichen Patrizierh&auml;usern aus dem 18. Jahrhundert. Einst waren sie Wohnraum von Leinwandh&auml;ndlern. Heute zeigt das Museum, wie in Bischofszell von der Sp&auml;tgotik bis ins 20. Jahrhundert gelebt wurde. Neben Wohnkultur und Stadtgeschichte finden sich hier eine Keramik- und Kartensammlung, ein Drogeriezimmer und eine Apotheke wie anno dazumal. Die Spielzeugsammlung des 19. und 20. Jahrhunderts erfreut auch j&uuml;ngere Besuchende. Eine St&auml;rkung mit Getr&auml;nken und Geb&auml;ck gibt&rsquo;s in der Kaffeestube &ndash; einem b&uuml;rgerlichen Speisezimmer der 1920er.</p><p>Im historischen Gew&ouml;lbekeller des Museums sowie im angrenzenden Innenhof mit Barockgarten und dem darin liegenden H&auml;uschen &laquo;Schniderbudig&raquo; darf heute gefeiert und getagt werden. Vor mehr als 400 Jahren war die Schniderbudig Tuchhaus f&uuml;r den Leinwandhandel. Heute sorgt Gerry Scheiwiller als Gastgeber in der &laquo;Schniderbudig&raquo; bei Anl&auml;ssen mit bis zu 70 Personen f&uuml;r kulinarische Highlights.</p><p>Die Schniderbudig geh&ouml;rt zu den wenigen auserw&auml;hlten Orten im Kanton Thurgau, die standesamtliche Trauungen in einer historischen Kulisse erm&ouml;glichen.&nbsp;</p>", "url": "https://www.museum-bischofszell.ch/", "image": "https://tgtpimtsoch.sos-ch-dk-2.exoscale-cdn.com/catalog/1/f/8/8/1f88597958e7f310f12f3164c9caedc8f4e24ca8_Bischofszell_H__user_Marktgasse_4___6_2.jpg", "openstreetmap_id": "node/1129291980"}, "geometry": {"type": "Point", "coordinates": ["9.2402887", "47.4936424"]}}, {"type": "Feature", "properties": {"identifier": "fa9df1d9-d504-4b3d-9b48-bf340d3664f6", "name": "Mosteria Bussinger", "description": "Die Mosterei Bussinger besteht seit 1955 und ist seither ein Familienunternehmen. Neben der Mosterei f\u00fchrt der Familienbetrieb einen Verkaufsladen, bietet Betriebsf\u00fchrungen an und stellt eine Fl\u00e4che f\u00fcr Events und Degustationen zur Verf\u00fcgung. \n\nIm Eventbereich werden unbeschwerte Feste gefeiert. Die Familie Bussinger geht gerne auf die W\u00fcnsche der G\u00e4ste ein. Die Mosteria bietet Platz f\u00fcr 40 Personen und hat eine \u00fcberdachte Terrasse f\u00fcr ungef\u00e4hr 20 Personen.\n\nDer Verkaufsladen bietet verschiedene Apfel- und Most-Spezialit\u00e4ten an. Ein spezieller Hingucker sind die Produkte aus der Apfelsorte \u00abRed Love\u00bb. Die Getr\u00e4nke k\u00f6nnen in gem\u00fctlicher Atmosph\u00e4re degustiert werden. Es werden auch gerne individuelle Geschenke zusammengestellt.\n\nF\u00fcr Gruppen ab zehn Personen werden F\u00fchrungen durch die modern eingerichtete Mosterei angeboten. Anschliessend werden die beliebten Most- und Ciderspezialit\u00e4ten von Bussingers in der Mosteria degustiert.", "url": "https://mosteria.ch/", "image": "https://tgtpimtsoch.sos-ch-dk-2.exoscale-cdn.com/catalog/f/1/7/6/f1761fc05c00c6b645991d506ba7a4282c2db1e9_Huettwilen_Mosterei_Bussinger_4.jpg", "openstreetmap_id": "node/10095123816"}, "geometry": {"type": "Point", "coordinates": ["8.8678717", "47.6089177"]}}, {"type": "Feature", "properties": {"identifier": "fbb4832c-79fe-487d-8049-388445011308", "name": "Street Art F\u00fchrung", "description": "<p>Im Sommer 2023 verwandelte sich ganz Frauenfeld in eine riesige Open-Air-Galerie f&uuml;r Besucher jeden Alters &ndash; und auch letzten Sommer lud die thurgauische Kantonshauptstadt erneut zum Staunen ein! Renommierte nationale K&uuml;nstler wie Bane, One Truth und LPVDA sowie zahlreiche weitere Schweizer Kunstschaffende haben die Stadt mit beeindruckenden Wandgem&auml;lden, Fresken und Installationen bereichert.</p><p>Wer mit einer Gruppe tiefer in die Welt der Frauenfelder Street Art eintauchen m&ouml;chte, kann eine spannende, rund 90-min&uuml;tige F&uuml;hrung buchen. Dabei werden die H&ouml;hepunkte der aktuellen und vergangenen Freiluft-Ausstellung gezeigt und erl&auml;utert.</p><p>Die Street Art Tour kostet pauschal CHF 220.&ndash; f&uuml;r Gruppen bis zu 25 Personen.</p><p>Optional kann ein alkoholfreier Abschlussdrink dazugebucht werden &ndash; dieser ist f&uuml;r CHF 5.&ndash; pro Person erh&auml;ltlich.</p><p>Lieber gleich selbst Hand anlegen? Workshops sinde ebenfalls buchbar, mehr Infos gibt's hier: <a href=\"https://thurgau-bodensee.ch/maps/street-art-workshop-inkl-fuhrung-b5e22c40-b194-4057-b4d5-e47fbcf1fd0f.html\">Street Art Workshop inkl. F&uuml;hrung</a>.</p><p>Weitere Infos zur Street Art in Frauenfeld: <a href=\"https://www.isaff.ch/festival2025/fuhrungen-workshops-vortrage-2025\" target=\"_blank\" rel=\"noopener noreferrer\">isaff.ch</a></p>", "url": "https://www.isaff.ch/street-art-tour-fuhrungen", "image": "https://tgtpimtsoch.sos-ch-dk-2.exoscale-cdn.com/catalog/7/f/6/0/7f609e68c589038dc438008e97be190d0bb7aaca_Foto_F__hrung.jpg", "openstreetmap_id": "node/1532558657"}, "geometry": {"type": "Point", "coordinates": ["8.8965359", "47.5580736"]}}, {"type": "Feature", "properties": {"identifier": "fbe1357c-cc2b-40c5-bdf7-55ddd19bde74", "name": "Jacob 1808 \u2013 historische Stadtappartements", "description": "Mitten im historischen Barockst\u00e4dtchen Bischofszell liegen in zwei H\u00e4usern die f\u00fcnf grossz\u00fcgigen Ferienwohnungen Jacob 1808 f\u00fcr zwei bis vier Personen. Sie waren Heimat von Tuchh\u00e4ndlern, Sattlermeistern, von Wirtsleuten und sogar von Bischofszeller Gemeindeamm\u00e4nnern. Dieses historische Erbe und damit die Seele der H\u00e4user, blieb beim sorgf\u00e4ltigen Umbau mit Hilfe vom Amt f\u00fcr Denkmalpflege erhalten. Statt trennender Mauern wurden zwischen den beiden H\u00e4usern Durchg\u00e4nge geschaffen, so dass sie sich als einheitliches Ganzes pr\u00e4sentieren. Historische Klostertonfliesen, knarzende Dielen, beeindruckende Stuckaturdecken und Holzt\u00e4fer, gepaart mit modernen M\u00f6beln, B\u00e4dern und K\u00fcchen ergeben eine wunderbare Komposition aus historischen Elementen und stilvollem zeitgen\u00f6ssischem Komfort. ", "url": "https://www.jacob1808.ch", "image": "https://tgtpimtsoch.sos-ch-dk-2.exoscale-cdn.com/catalog/8/a/b/5/8ab510c541f763154f289f96cdaec36504aeb722_20221217_133446_DSC_4868.jpg", "openstreetmap_id": "node/4185147114"}, "geometry": {"type": "Point", "coordinates": ["9.2415302", "47.4939961"]}}, {"type": "Feature", "properties": {"identifier": "fc9160de-0dc5-4f06-930d-aea3f239b444", "name": "Testbetrieb", "description": "<p>Das ist ein Test. Das ist ein Test. Das ist ein Test. Das ist ein Test. Das ist ein Test. Das ist ein Test. Das ist ein Test. Das ist ein Test. Das ist ein Test. Das ist ein Test. Das ist ein Test. Das ist ein Test. Das ist ein Test. Das ist ein Test. Das ist ein Test. Das ist ein Test. Das ist ein Test. Das ist ein Test. Das ist ein Test. Das ist ein Test. Das ist ein Test. Das ist ein Test. Das ist ein Test. Das ist ein Test. Das ist ein Test. Das ist ein Test. Das ist ein Test. Das ist ein Test. Das ist ein Test. Das ist ein Test. Das ist ein Test. Das ist ein Test. Das ist ein Test.v Das ist ein Test. Das ist ein Test. Das ist ein Test. Das ist ein Test. Und noch ein Test.</p>", "url": "https://thurgau-bodensee.ch", "image": "https://tgtpimtsoch.sos-ch-dk-2.exoscale-cdn.com/catalog/3/8/a/f/38affe1f933e607a0bdc48c238b8daa3f38a3d50_Bild_Celina_Conrad.jpg", "openstreetmap_id": "node/6377781393"}, "geometry": {"type": "Point", "coordinates": ["9.3799292", "47.5644513"]}}, {"type": "Feature", "properties": {"identifier": "fd00ea7f-4e33-491a-a97f-47f468bf2757", "name": "Wirtschaft zum Frohsinn Landschlacht", "description": "In der Wirtschaft zum Frohsinn in Landschlacht werden in urgem\u00fctlichem Ambiente vielf\u00e4ltige Schweizer Saison- und Grillspezialit\u00e4ten serviert. Das Geschnetzelte mit R\u00f6sti etwa ist ein H\u00f6hepunkt auf der Speisekarte, aber auch die Grilladen \u00fcberzeugen. In dem altehrw\u00fcrdigen Reigelhaus in Landschlacht steht ein Meister am Grill. Hervorragende Qualit\u00e4t wird hier auf den Punkt gebraten. Fleischliebhabende kommen im Frohsinn also auf ihre Kosten. Aber auch die mit viel Leidenschaft gekochten vegetarischen Speisen, der famili\u00e4re und zuvorkommende Service, die vern\u00fcnftigen Preise und das urgem\u00fctliche Ambiente erfreuen die G\u00e4ste. Im Sommer spendet die Plantane auf dem Gartensitzplatz Schatten und angenehm k\u00fchle Temperaturen.  \n\nEine vorg\u00e4ngige Reservation im oft ausgebuchten Restaurant wird empfohlen. ", "url": "https://thurgau-bodensee.ch/de/maps/wirtschaft-zum-frohsinn-fd00ea7f-4e33-491a-a97f-47f468bf2757.html", "image": "https://tgtpimtsoch.sos-ch-dk-2.exoscale-cdn.com/catalog/9/9/0/d/990d45b28fca1b2f6a5eff4d2100026acf41668c_Landschlacht_Frohsinn_Aussenansicht.jpg", "openstreetmap_id": "node/678581067"}, "geometry": {"type": "Point", "coordinates": ["9.2480474", "47.6246928"]}}, {"type": "Feature", "properties": {"identifier": "ff0ba13d-d6db-430a-b4f2-60642f034c82", "name": "Bernina Creative Center", "description": "Wie der Name schon sagt, dreht sich im Bernina Creative Center alles um den kreativen Umgang mit Textilien. Nebst Informationen zu den Bernina N\u00e4hmaschinenprodukten f\u00fcr Kaufinteressierte werden hier inspirierende Kurse angeboten. Die Workshops umfassen Themen wie N\u00e4hen, Sticken, Textilkunst und Quilten. Hilfreiche Tipps und Tricks werden von erfahrenen und anerkannten Kursleitenden verraten. Teilnehmende haben das Privileg, mit den neusten N\u00e4h-, Overlock- und Quiltmaschinen aus dem Steckborner Bernina-Werk zu arbeiten. Das aktuelle Programm ist ersichtlich auf der Bernina-Homepage: https://kurse.bernina.com", "url": "http://kurse.bernina.com/", "image": "https://tgtpimtsoch.sos-ch-dk-2.exoscale-cdn.com/catalog/3/d/0/0/3d00c3243c354785d30ee552ea511a7cbcc951fa_bernina_creative_center_1.jpg", "openstreetmap_id": "215784640.0"}, "geometry": {"type": "Point", "coordinates": ["8.97589", "47.66226"]}}, {"type": "Feature", "properties": {"identifier": "ff92ed64-5612-4226-a2eb-5ba6bb66e35c", "name": "Badi Beiz Strandbad Ermatingen", "description": "<p>Das Strandbad Ermatingen besticht durch seine ruhige Lage und den direkten Zugang zum Bodensee und ist der ideale Ort f&uuml;r erholsame Stunden am See. Eingebettet in die herrliche Natur l&auml;dt es zum Schwimmen, Sonnenbaden oder einfach zum Entspannen ein. Die Badi Beiz, ein gem&uuml;tlicher Kiosk, rundet das Erlebnis ab: Hier geniessen die G&auml;ste erfrischende Getr&auml;nke und regionale K&ouml;stlichkeiten. Der Blick auf den See und die entspannte Atmosph&auml;re machen die Badi Beiz zu einem beliebten Treffpunkt. Ein besonderer Tipp: Den Tag bei Sonnenuntergang in dieser traumhaften Kulisse ausklingen lassen. Regelm&auml;ssige Live-Musik-Anl&auml;sse sorgen zus&auml;tzlich f&uuml;r stimmungsvolle Abende und in den Wintermonaten bietet ein Pop-up-Restaurant im beheizten Zelt gem&uuml;tliche Stunden direkt am See.<br><br>Die Badi Beiz ist in der Regel w&auml;hrend den &Ouml;ffnungszeiten des Strandbades ge&ouml;ffnet.</p>", "url": "https://www.badi-ermatingen.ch", "image": "https://tgtpimtsoch.sos-ch-dk-2.exoscale-cdn.com/catalog/3/b/7/1/3b71f7f546c6bfb848de5cd25f631c6dc86daf34_c5a4591fc78115b5ec5a315bd206132b9d372271_steg.jpg", "openstreetmap_id": "node/3440981983"}, "geometry": {"type": "Point", "coordinates": ["9.0729008", "47.6714048"]}}]}